frame_id,timestamp_sec,timestamp_iso,fps,step_id,step_name,activity,anomaly,instruction,lid_angle_deg,lid_state,wrist_cam_x,wrist_cam_y,wrist_cam_z,wrist_rack_x,wrist_rack_y,wrist_rack_z,elbow_angle_deg,shoulder_angle_deg,body_orientation_deg,rom_violated,container_rack_x,container_rack_y,container_rack_z,container_xmin,container_ymin,container_xmax,container_ymax,component_rack_x,component_rack_y,component_rack_z,component_xmin,component_ymin,component_xmax,component_ymax,component_state,component_is_inside,hand_to_object_dist_m,llm_verified_step,llm_verified_name,llm_confidence,llm_reason
1,1.364,2026-09-24T14:06:50.723820Z,13.2,0,IDLE,APPROACH CONTAINER,NONE,System initialized. Please open the primary container box.,0.9,CLOSED,-0.679,-0.246,1.2,-0.51,-0.874,1.589,124.3,153.5,-62.4,0,-0.602,-1.085,2.161,274.4,326.7,492.6,454.0,-0.602,-1.085,2.161,339.9,365.3,427.1,415.3,DOCKED,1,0.617,0,IDLE,1.0,System initialized. Awaiting box opening.
2,1.482,2026-09-24T14:06:50.841729Z,1.0,0,IDLE,APPROACHING COMPONENT BOX,NONE,System initialized. Please open the primary container box.,1.4,CLOSED,-0.679,-0.246,1.2,-0.628,-1.075,1.957,123.6,153.6,-61.7,0,-0.601,-1.085,2.161,274.1,326.7,494.6,454.0,-0.601,-1.085,2.161,340.2,365.4,428.4,415.4,APPROACHED,1,0.206,0,IDLE,1.0,System initialized. Awaiting box opening.
3,1.586,2026-09-24T14:06:50.946006Z,8.6,0,IDLE,APPROACHING COMPONENT BOX,NONE,System initialized. Please open the primary container box.,1.9,CLOSED,-0.679,-0.246,1.2,-0.656,-1.124,2.045,123.6,153.7,-62.1,0,-0.601,-1.085,2.161,274.0,326.4,494.8,453.9,-0.601,-1.085,2.161,340.2,365.1,428.5,415.1,APPROACHED,1,0.134,0,IDLE,1.0,System initialized. Awaiting box opening.
4,1.706,2026-09-24T14:06:51.065433Z,9.6,0,IDLE,GRASPING COMPONENT BOX,NONE,System initialized. Please open the primary container box.,2.1,CLOSED,-0.678,-0.245,1.2,-0.668,-1.144,2.082,122.0,152.2,-61.4,0,-0.601,-1.086,2.161,274.1,326.1,494.3,453.9,-0.601,-1.086,2.161,340.2,365.0,428.2,415.0,GRASPED,1,0.118,0,IDLE,1.0,System initialized. Awaiting box opening.
5,1.808,2026-09-24T14:06:51.167677Z,8.4,0,IDLE,GRASPING COMPONENT BOX,NONE,System initialized. Please open the primary container box.,3.0,CLOSED,-0.678,-0.246,1.2,-0.673,-1.153,2.1,121.0,151.2,-61.4,0,-0.6,-1.086,2.161,274.5,326.1,494.7,453.8,-0.6,-1.086,2.161,340.6,364.9,428.6,414.9,GRASPED,1,0.117,0,IDLE,1.0,System initialized. Awaiting box opening.
6,1.911,2026-09-24T14:06:51.270728Z,9.8,0,IDLE,GRASPING COMPONENT BOX,NONE,System initialized. Please open the primary container box.,3.9,CLOSED,-0.678,-0.245,1.2,-0.675,-1.158,2.108,120.3,150.5,-61.1,0,-0.601,-1.086,2.161,274.5,325.7,493.7,453.7,-0.601,-1.086,2.161,340.3,364.7,427.9,414.7,GRASPED,1,0.116,0,IDLE,1.0,System initialized. Awaiting box opening.
7,2.028,2026-09-24T14:06:51.387489Z,9.1,0,IDLE,GRASPING COMPONENT BOX,NONE,System initialized. Please open the primary container box.,4.5,CLOSED,-0.683,-0.246,1.2,-0.679,-1.159,2.113,127.5,153.6,-61.9,0,-0.599,-1.086,2.161,275.1,325.5,496.1,453.7,-0.599,-1.086,2.161,341.4,364.6,429.8,414.6,GRASPED,1,0.119,0,IDLE,1.0,System initialized. Awaiting box opening.
8,2.149,2026-09-24T14:06:51.509272Z,8.7,0,IDLE,APPROACHING COMPONENT BOX,NONE,System initialized. Please open the primary container box.,5.1,CLOSED,-0.681,-0.246,1.2,-0.683,-1.161,2.115,129.0,154.1,-63.6,0,-0.598,-1.086,2.161,274.8,324.9,498.4,453.7,-0.598,-1.086,2.161,341.8,364.3,431.3,414.3,APPROACHED,1,0.122,0,IDLE,1.0,System initialized. Awaiting box opening.
9,2.252,2026-09-24T14:06:51.611455Z,8.4,0,IDLE,APPROACHING COMPONENT BOX,NONE,System initialized. Please open the primary container box.,5.3,CLOSED,-0.681,-0.246,1.2,-0.681,-1.162,2.116,129.3,153.7,-63.8,0,-0.597,-1.086,2.161,274.4,325.0,500.4,453.6,-0.597,-1.086,2.161,342.2,364.3,432.6,414.3,APPROACHED,1,0.121,0,IDLE,1.0,System initialized. Awaiting box opening.
10,2.349,2026-09-24T14:06:51.709167Z,9.8,0,IDLE,APPROACHING COMPONENT BOX,NONE,System initialized. Please open the primary container box.,5.7,CLOSED,-0.681,-0.246,1.2,-0.682,-1.162,2.116,129.0,153.8,-64.4,0,-0.599,-1.086,2.161,274.1,324.8,498.4,453.9,-0.599,-1.086,2.161,341.4,364.3,431.1,414.3,APPROACHED,1,0.121,0,IDLE,1.0,System initialized. Awaiting box opening.
11,2.45,2026-09-24T14:06:51.809585Z,10.2,0,IDLE,APPROACHING COMPONENT BOX,NONE,System initialized. Please open the primary container box.,5.9,CLOSED,-0.683,-0.247,1.2,-0.682,-1.163,2.116,126.7,152.3,-62.3,0,-0.599,-1.087,2.16,275.3,323.9,495.8,453.5,-0.599,-1.087,2.16,341.4,363.7,429.6,413.7,APPROACHED,1,0.121,0,IDLE,1.0,System initialized. Awaiting box opening.
12,2.544,2026-09-24T14:06:51.904193Z,10.0,0,IDLE,APPROACHING COMPONENT BOX,NONE,System initialized. Please open the primary container box.,6.2,CLOSED,-0.683,-0.249,1.2,-0.683,-1.165,2.115,126.2,151.9,-62.3,0,-0.599,-1.087,2.16,275.6,324.1,495.5,453.5,-0.599,-1.087,2.16,341.6,363.8,429.5,413.8,APPROACHED,1,0.123,0,IDLE,1.0,System initialized. Awaiting box opening.
13,2.651,2026-09-24T14:06:52.010806Z,10.5,0,IDLE,APPROACHING COMPONENT BOX,NONE,System initialized. Please open the primary container box.,6.6,CLOSED,-0.683,-0.249,1.2,-0.683,-1.166,2.115,125.4,152.0,-62.4,0,-0.6,-1.087,2.16,274.8,324.4,495.7,453.3,-0.6,-1.087,2.16,341.1,363.8,429.5,413.8,APPROACHED,1,0.123,0,IDLE,1.0,System initialized. Awaiting box opening.
14,2.747,2026-09-24T14:06:52.106554Z,9.4,0,IDLE,APPROACHING COMPONENT BOX,NONE,System initialized. Please open the primary container box.,6.8,CLOSED,-0.683,-0.25,1.2,-0.683,-1.166,2.114,125.5,152.0,-62.4,0,-0.6,-1.086,2.161,274.7,325.3,494.6,453.1,-0.6,-1.086,2.161,340.6,364.2,428.6,414.2,APPROACHED,1,0.123,0,IDLE,1.0,System initialized. Awaiting box opening.
15,3.194,2026-09-24T14:06:52.553971Z,10.4,0,IDLE,APPROACHING COMPONENT BOX,NONE,System initialized. Please open the primary container box.,7.4,CLOSED,-0.681,-0.25,1.2,-0.682,-1.166,2.114,124.5,151.2,-62.6,0,-0.6,-1.086,2.161,275.6,325.4,494.3,452.9,-0.6,-1.086,2.161,341.2,364.2,428.7,414.2,APPROACHED,1,0.124,0,IDLE,1.0,System initialized. Awaiting box opening.
16,3.318,2026-09-24T14:06:52.677760Z,2.1,0,IDLE,APPROACHING COMPONENT BOX,NONE,System initialized. Please open the primary container box.,8.3,CLOSED,-0.681,-0.252,1.2,-0.681,-1.167,2.114,123.5,150.1,-62.1,0,-0.6,-1.086,2.161,274.4,324.9,495.0,453.4,-0.6,-1.086,2.161,340.6,364.2,428.8,414.2,APPROACHED,1,0.124,0,IDLE,1.0,System initialized. Awaiting box opening.
17,3.411,2026-09-24T14:06:52.771024Z,10.6,0,IDLE,APPROACHING COMPONENT BOX,NONE,System initialized. Please open the primary container box.,8.3,CLOSED,-0.68,-0.252,1.2,-0.681,-1.168,2.113,123.1,151.0,-62.2,0,-0.6,-1.086,2.161,273.5,325.0,496.3,453.2,-0.6,-1.086,2.161,340.4,364.1,429.5,414.1,APPROACHED,1,0.124,0,IDLE,1.0,System initialized. Awaiting box opening.
18,3.507,2026-09-24T14:06:52.867277Z,10.6,0,IDLE,APPROACHING COMPONENT BOX,NONE,System initialized. Please open the primary container box.,8.4,CLOSED,-0.68,-0.253,1.2,-0.68,-1.169,2.113,123.4,151.6,-62.8,0,-0.6,-1.086,2.161,273.8,325.9,496.4,453.4,-0.6,-1.086,2.161,340.6,364.7,429.6,414.7,APPROACHED,1,0.125,0,IDLE,1.0,System initialized. Awaiting box opening.
19,3.603,2026-09-24T14:06:52.963259Z,10.5,0,IDLE,APPROACHING COMPONENT BOX,NONE,System initialized. Please open the primary container box.,8.8,CLOSED,-0.68,-0.253,1.2,-0.68,-1.169,2.113,122.8,151.8,-62.7,0,-0.601,-1.086,2.161,274.2,327.1,494.2,453.0,-0.601,-1.086,2.161,340.2,365.0,428.2,415.0,APPROACHED,1,0.125,0,IDLE,1.0,System initialized. Awaiting box opening.
20,3.704,2026-09-24T14:06:53.064382Z,10.4,0,IDLE,APPROACHING COMPONENT BOX,NONE,System initialized. Please open the primary container box.,9.3,CLOSED,-0.679,-0.254,1.2,-0.68,-1.17,2.112,122.5,151.6,-62.8,0,-0.601,-1.086,2.161,274.3,327.0,493.5,453.1,-0.601,-1.086,2.161,340.1,365.0,427.7,415.0,APPROACHED,1,0.125,0,IDLE,1.0,System initialized. Awaiting box opening.
21,3.803,2026-09-24T14:06:53.162455Z,9.9,0,IDLE,APPROACHING COMPONENT BOX,NONE,System initialized. Please open the primary container box.,9.6,CLOSED,-0.675,-0.255,1.2,-0.677,-1.171,2.112,117.2,150.2,-62.4,0,-0.601,-1.086,2.161,274.5,326.6,493.1,453.1,-0.601,-1.086,2.161,340.1,364.9,427.5,414.9,APPROACHED,1,0.124,0,IDLE,1.0,System initialized. Awaiting box opening.
22,3.894,2026-09-24T14:06:53.253654Z,10.2,0,IDLE,APPROACHING COMPONENT BOX,NONE,System initialized. Please open the primary container box.,9.9,CLOSED,-0.675,-0.255,1.2,-0.674,-1.171,2.112,117.4,150.2,-62.5,0,-0.602,-1.086,2.161,274.1,326.5,492.6,453.1,-0.602,-1.086,2.161,339.7,364.8,427.1,414.8,APPROACHED,1,0.121,0,IDLE,1.0,System initialized. Awaiting box opening.
23,3.992,2026-09-24T14:06:53.351813Z,11.0,0,IDLE,APPROACHING COMPONENT BOX,NONE,System initialized. Please open the primary container box.,10.0,CLOSED,-0.676,-0.253,1.2,-0.674,-1.17,2.112,118.1,150.2,-62.0,0,-0.602,-1.086,2.161,274.0,326.2,491.5,453.7,-0.602,-1.086,2.161,339.2,365.0,426.2,415.0,APPROACHED,1,0.121,0,IDLE,1.0,System initialized. Awaiting box opening.
24,4.099,2026-09-24T14:06:53.458724Z,10.2,0,IDLE,APPROACHING COMPONENT BOX,NONE,System initialized. Please open the primary container box.,10.1,CLOSED,-0.679,-0.254,1.2,-0.677,-1.169,2.113,126.3,153.5,-65.2,0,-0.603,-1.086,2.161,273.7,326.1,491.4,453.5,-0.603,-1.086,2.161,339.0,364.8,426.1,414.8,APPROACHED,1,0.121,0,IDLE,1.0,System initialized. Awaiting box opening.
25,4.2,2026-09-24T14:06:53.560112Z,9.4,0,IDLE,APPROACHING COMPONENT BOX,NONE,System initialized. Please open the primary container box.,10.0,CLOSED,-0.679,-0.253,1.2,-0.679,-1.169,2.113,126.3,153.3,-65.1,0,-0.603,-1.085,2.161,274.5,326.8,490.1,453.6,-0.603,-1.085,2.161,339.2,365.2,425.4,415.2,APPROACHED,1,0.123,0,IDLE,1.0,System initialized. Awaiting box opening.
26,4.311,2026-09-24T14:06:53.670964Z,9.8,0,IDLE,APPROACHING COMPONENT BOX,NONE,System initialized. Please open the primary container box.,9.9,CLOSED,-0.679,-0.253,1.2,-0.679,-1.168,2.113,122.7,152.5,-63.2,0,-0.603,-1.085,2.161,274.4,327.1,490.6,453.5,-0.603,-1.085,2.161,339.2,365.3,425.7,415.3,APPROACHED,1,0.122,0,IDLE,1.0,System initialized. Awaiting box opening.
27,4.415,2026-09-24T14:06:53.775128Z,9.0,0,IDLE,APPROACHING COMPONENT BOX,NONE,System initialized. Please open the primary container box.,10.0,CLOSED,-0.68,-0.253,1.2,-0.679,-1.168,2.113,122.2,151.9,-62.5,0,-0.603,-1.085,2.161,273.7,326.9,490.1,453.5,-0.603,-1.085,2.161,338.6,365.2,425.2,415.2,APPROACHED,1,0.122,0,IDLE,1.0,System initialized. Awaiting box opening.
28,4.523,2026-09-24T14:06:53.882674Z,9.7,0,IDLE,APPROACHING COMPONENT BOX,NONE,System initialized. Please open the primary container box.,10.4,CLOSED,-0.679,-0.252,1.2,-0.679,-1.168,2.113,121.8,150.9,-62.0,0,-0.603,-1.085,2.161,273.7,326.8,490.4,453.5,-0.603,-1.085,2.161,338.7,365.2,425.4,415.2,APPROACHED,1,0.122,0,IDLE,1.0,System initialized. Awaiting box opening.
29,4.629,2026-09-24T14:06:53.989121Z,9.2,0,IDLE,APPROACHING COMPONENT BOX,NONE,System initialized. Please open the primary container box.,10.6,CLOSED,-0.679,-0.251,1.2,-0.679,-1.168,2.113,123.6,151.4,-62.5,0,-0.602,-1.086,2.161,273.4,326.5,491.8,453.3,-0.602,-1.086,2.161,338.9,364.9,426.3,414.9,APPROACHED,1,0.122,0,IDLE,1.0,System initialized. Awaiting box opening.
30,5.157,2026-09-24T14:06:54.517088Z,9.3,0,IDLE,APPROACHING COMPONENT BOX,NONE,System initialized. Please open the primary container box.,10.5,CLOSED,-0.68,-0.25,1.2,-0.68,-1.166,2.114,121.8,150.1,-61.5,0,-0.602,-1.086,2.161,274.1,326.0,492.0,453.4,-0.602,-1.086,2.161,339.5,364.7,426.6,414.7,APPROACHED,1,0.121,0,IDLE,1.0,System initialized. Awaiting box opening.
31,5.301,2026-09-24T14:06:54.660640Z,1.8,0,IDLE,APPROACHING COMPONENT BOX,NONE,System initialized. Please open the primary container box.,10.4,CLOSED,-0.681,-0.248,1.2,-0.681,-1.166,2.115,122.2,151.0,-61.6,0,-0.603,-1.086,2.16,273.5,325.0,491.1,453.1,-0.603,-1.086,2.16,338.8,364.0,425.8,414.0,APPROACHED,1,0.12,0,IDLE,1.0,System initialized. Awaiting box opening.
32,5.408,2026-09-24T14:06:54.767956Z,8.3,0,IDLE,APPROACHING COMPONENT BOX,NONE,System initialized. Please open the primary container box.,10.1,CLOSED,-0.681,-0.25,1.2,-0.681,-1.166,2.115,123.1,152.1,-62.1,0,-0.602,-1.087,2.16,273.9,324.0,492.1,453.5,-0.602,-1.087,2.16,339.4,363.8,426.7,413.8,APPROACHED,1,0.121,0,IDLE,1.0,System initialized. Awaiting box opening.
33,5.508,2026-09-24T14:06:54.867844Z,9.3,0,IDLE,APPROACHING COMPONENT BOX,NONE,System initialized. Please open the primary container box.,9.7,CLOSED,-0.681,-0.25,1.2,-0.68,-1.167,2.114,123.2,152.8,-61.8,0,-0.602,-1.086,2.16,273.5,324.3,493.6,453.7,-0.602,-1.086,2.16,339.5,364.0,427.6,414.0,APPROACHED,1,0.122,0,IDLE,1.0,System initialized. Awaiting box opening.
34,5.62,2026-09-24T14:06:54.979810Z,10.0,0,IDLE,APPROACHING COMPONENT BOX,NONE,System initialized. Please open the primary container box.,9.4,CLOSED,-0.681,-0.251,1.2,-0.68,-1.167,2.114,121.8,152.3,-61.0,0,-0.601,-1.087,2.16,273.7,323.6,493.8,453.5,-0.601,-1.087,2.16,339.7,363.6,427.8,413.6,APPROACHED,1,0.122,0,IDLE,1.0,System initialized. Awaiting box opening.
35,5.727,2026-09-24T14:06:55.087018Z,8.9,0,IDLE,APPROACHING COMPONENT BOX,NONE,System initialized. Please open the primary container box.,8.8,CLOSED,-0.681,-0.25,1.2,-0.68,-1.167,2.114,121.5,152.5,-61.1,0,-0.602,-1.087,2.16,273.5,324.1,493.5,453.3,-0.602,-1.087,2.16,339.5,363.7,427.5,413.7,APPROACHED,1,0.122,0,IDLE,1.0,System initialized. Awaiting box opening.
36,6.064,2026-09-24T14:06:55.423971Z,9.3,0,IDLE,APPROACHING COMPONENT BOX,NONE,System initialized. Please open the primary container box.,8.2,CLOSED,-0.68,-0.251,1.2,-0.68,-1.167,2.114,120.8,152.6,-61.0,0,-0.601,-1.087,2.16,273.7,324.2,494.0,453.2,-0.601,-1.087,2.16,339.8,363.7,427.9,413.7,APPROACHED,1,0.122,0,IDLE,1.0,System initialized. Awaiting box opening.
37,6.218,2026-09-24T14:06:55.578275Z,2.9,0,IDLE,APPROACHING COMPONENT BOX,NONE,System initialized. Please open the primary container box.,7.6,CLOSED,-0.68,-0.25,1.2,-0.68,-1.167,2.114,121.5,153.4,-61.5,0,-0.601,-1.086,2.161,274.1,324.9,494.2,453.7,-0.601,-1.086,2.161,340.1,364.3,428.2,414.3,APPROACHED,1,0.122,0,IDLE,1.0,System initialized. Awaiting box opening.
38,6.344,2026-09-24T14:06:55.703820Z,7.1,0,IDLE,APPROACHING COMPONENT BOX,NONE,System initialized. Please open the primary container box.,7.1,CLOSED,-0.679,-0.25,1.2,-0.68,-1.167,2.114,122.1,153.4,-61.6,0,-0.6,-1.086,2.16,275.4,324.7,495.0,453.4,-0.6,-1.086,2.16,341.3,364.1,429.1,414.1,APPROACHED,1,0.123,0,IDLE,1.0,System initialized. Awaiting box opening.
39,6.47,2026-09-24T14:06:55.829551Z,7.7,0,IDLE,APPROACHING COMPONENT BOX,NONE,System initialized. Please open the primary container box.,7.1,CLOSED,-0.678,-0.25,1.2,-0.679,-1.167,2.114,121.3,152.8,-61.4,0,-0.601,-1.085,2.161,275.5,325.9,493.4,454.2,-0.601,-1.085,2.161,340.8,365.1,428.0,415.1,APPROACHED,1,0.122,0,IDLE,1.0,System initialized. Awaiting box opening.
40,6.616,2026-09-24T14:06:55.975413Z,8.0,0,IDLE,APPROACHING COMPONENT BOX,NONE,System initialized. Please open the primary container box.,7.0,CLOSED,-0.678,-0.248,1.2,-0.678,-1.166,2.115,120.9,152.5,-61.3,0,-0.599,-1.085,2.161,276.2,326.4,494.8,454.2,-0.599,-1.085,2.161,341.8,365.3,429.2,415.3,APPROACHED,1,0.122,0,IDLE,1.0,System initialized. Awaiting box opening.
41,6.767,2026-09-24T14:06:56.127322Z,6.8,0,IDLE,APPROACHING COMPONENT BOX,NONE,System initialized. Please open the primary container box.,6.7,CLOSED,-0.677,-0.247,1.2,-0.677,-1.165,2.115,120.4,152.0,-61.4,0,-0.599,-1.085,2.161,276.9,326.6,495.6,454.2,-0.599,-1.085,2.161,342.5,365.4,430.0,415.4,APPROACHED,1,0.121,0,IDLE,1.0,System initialized. Awaiting box opening.
42,6.931,2026-09-24T14:06:56.290832Z,6.6,0,IDLE,APPROACHING COMPONENT BOX,NONE,System initialized. Please open the primary container box.,6.5,CLOSED,-0.677,-0.248,1.2,-0.677,-1.165,2.115,119.7,151.1,-60.9,0,-0.599,-1.086,2.161,276.9,326.2,495.2,453.8,-0.599,-1.086,2.161,342.4,365.0,429.7,415.0,APPROACHED,1,0.121,0,IDLE,1.0,System initialized. Awaiting box opening.
43,7.141,2026-09-24T14:06:56.500731Z,6.0,0,IDLE,APPROACHING COMPONENT BOX,NONE,System initialized. Please open the primary container box.,6.2,CLOSED,-0.677,-0.25,1.2,-0.677,-1.166,2.115,119.5,151.0,-60.9,0,-0.599,-1.086,2.161,277.4,325.9,495.2,453.8,-0.599,-1.086,2.161,342.7,364.9,429.9,414.9,APPROACHED,1,0.121,0,IDLE,1.0,System initialized. Awaiting box opening.
44,7.361,2026-09-24T14:06:56.720538Z,4.8,0,IDLE,APPROACHING COMPONENT BOX,NONE,System initialized. Please open the primary container box.,6.3,CLOSED,-0.677,-0.251,1.2,-0.677,-1.166,2.114,119.1,151.1,-60.8,0,-0.598,-1.086,2.161,277.9,325.6,495.6,453.7,-0.598,-1.086,2.161,343.2,364.6,430.3,414.6,APPROACHED,1,0.122,0,IDLE,1.0,System initialized. Awaiting box opening.
45,8.374,2026-09-24T14:06:57.733890Z,4.5,0,IDLE,APPROACHING COMPONENT BOX,NONE,System initialized. Please open the primary container box.,6.2,CLOSED,-0.676,-0.252,1.2,-0.676,-1.167,2.114,117.6,151.0,-60.7,0,-0.598,-1.086,2.161,277.8,325.3,495.7,453.9,-0.598,-1.086,2.161,343.2,364.6,430.4,414.6,APPROACHED,1,0.122,0,IDLE,1.0,System initialized. Awaiting box opening.
46,8.66,2026-09-24T14:06:58.020045Z,0.9,0,IDLE,APPROACHING COMPONENT BOX,NONE,System initialized. Please open the primary container box.,5.7,CLOSED,-0.677,-0.253,1.2,-0.677,-1.168,2.113,117.0,150.8,-60.5,0,-0.599,-1.086,2.161,277.4,325.4,495.1,454.5,-0.599,-1.086,2.161,342.7,365.0,429.8,415.0,APPROACHED,1,0.123,0,IDLE,1.0,System initialized. Awaiting box opening.
47,8.809,2026-09-24T14:06:58.169060Z,4.0,0,IDLE,APPROACHING COMPONENT BOX,NONE,System initialized. Please open the primary container box.,5.7,CLOSED,-0.676,-0.254,1.2,-0.676,-1.169,2.113,116.8,151.2,-61.0,0,-0.598,-1.086,2.161,277.1,325.3,496.2,454.6,-0.598,-1.086,2.161,342.8,365.0,430.5,415.0,APPROACHED,1,0.124,0,IDLE,1.0,System initialized. Awaiting box opening.
48,8.955,2026-09-24T14:06:58.315131Z,7.5,0,IDLE,APPROACHING COMPONENT BOX,NONE,System initialized. Please open the primary container box.,6.0,CLOSED,-0.671,-0.257,1.2,-0.674,-1.171,2.112,107.6,148.9,-60.5,0,-0.599,-1.086,2.161,276.2,325.1,495.6,454.7,-0.599,-1.086,2.161,342.0,364.9,429.8,414.9,APPROACHED,1,0.124,0,IDLE,1.0,System initialized. Awaiting box opening.
49,9.121,2026-09-24T14:06:58.480746Z,5.1,0,IDLE,APPROACHING COMPONENT BOX,NONE,System initialized. Please open the primary container box.,6.1,CLOSED,-0.677,-0.257,1.2,-0.673,-1.173,2.111,114.6,151.3,-61.1,0,-0.598,-1.086,2.161,274.9,324.6,498.1,455.3,-0.598,-1.086,2.161,341.9,365.0,431.1,415.0,APPROACHED,1,0.126,0,IDLE,1.0,System initialized. Awaiting box opening.
50,9.246,2026-09-24T14:06:58.605558Z,8.7,0,IDLE,APPROACHING COMPONENT BOX,NONE,System initialized. Please open the primary container box.,6.3,CLOSED,-0.678,-0.258,1.2,-0.678,-1.173,2.111,116.9,150.8,-62.2,0,-0.601,-1.085,2.161,275.4,325.2,492.9,455.3,-0.601,-1.085,2.161,340.7,365.2,427.6,415.2,APPROACHED,1,0.127,0,IDLE,1.0,System initialized. Awaiting box opening.
51,9.475,2026-09-24T14:06:58.834746Z,7.0,0,IDLE,APPROACHING COMPONENT BOX,NONE,System initialized. Please open the primary container box.,6.6,CLOSED,-0.678,-0.259,1.2,-0.68,-1.174,2.11,117.2,151.6,-62.5,0,-0.6,-1.085,2.161,275.2,324.9,494.3,455.2,-0.6,-1.085,2.161,340.9,365.1,428.6,415.1,APPROACHED,1,0.129,0,IDLE,1.0,System initialized. Awaiting box opening.
52,9.609,2026-09-24T14:06:58.969212Z,4.7,0,IDLE,APPROACHING COMPONENT BOX,NONE,System initialized. Please open the primary container box.,6.8,CLOSED,-0.679,-0.261,1.2,-0.679,-1.175,2.109,116.1,151.3,-62.2,0,-0.599,-1.086,2.161,274.0,324.1,498.7,455.4,-0.599,-1.086,2.161,341.4,364.8,431.3,414.8,APPROACHED,1,0.131,0,IDLE,1.0,System initialized. Awaiting box opening.
53,9.777,2026-09-24T14:06:59.136844Z,7.5,0,IDLE,APPROACHING COMPONENT BOX,NONE,System initialized. Please open the primary container box.,7.3,CLOSED,-0.679,-0.263,1.2,-0.679,-1.177,2.108,115.3,150.5,-62.0,0,-0.599,-1.085,2.161,273.5,325.6,498.9,455.8,-0.599,-1.085,2.161,341.1,365.7,431.3,415.7,APPROACHED,1,0.133,0,IDLE,1.0,System initialized. Awaiting box opening.
54,9.964,2026-09-24T14:06:59.323685Z,6.0,0,IDLE,APPROACHING COMPONENT BOX,NONE,System initialized. Please open the primary container box.,7.8,CLOSED,-0.679,-0.265,1.2,-0.679,-1.178,2.108,111.9,150.9,-60.6,0,-0.599,-1.085,2.162,272.7,326.6,498.5,455.6,-0.599,-1.085,2.162,340.4,366.1,430.8,416.1,APPROACHED,1,0.134,0,IDLE,1.0,System initialized. Awaiting box opening.
55,10.132,2026-09-24T14:06:59.492306Z,5.3,0,IDLE,APPROACHING COMPONENT BOX,NONE,System initialized. Please open the primary container box.,8.6,CLOSED,-0.68,-0.264,1.2,-0.68,-1.178,2.107,115.7,151.1,-62.0,0,-0.599,-1.084,2.162,273.4,328.0,498.4,455.4,-0.599,-1.084,2.162,340.9,366.7,430.9,416.7,APPROACHED,1,0.135,0,IDLE,1.0,System initialized. Awaiting box opening.
56,10.362,2026-09-24T14:06:59.722171Z,5.8,0,IDLE,APPROACHING COMPONENT BOX,NONE,System initialized. Please open the primary container box.,9.4,CLOSED,-0.681,-0.263,1.2,-0.68,-1.178,2.108,115.0,150.8,-61.8,0,-0.602,-1.083,2.162,271.1,329.8,494.4,455.6,-0.602,-1.083,2.162,338.1,367.7,427.4,417.7,APPROACHED,1,0.135,0,IDLE,1.0,System initialized. Awaiting box opening.
57,10.612,2026-09-24T14:06:59.971616Z,4.4,0,IDLE,APPROACHING COMPONENT BOX,NONE,System initialized. Please open the primary container box.,10.3,CLOSED,-0.681,-0.263,1.2,-0.681,-1.178,2.108,115.3,151.3,-62.2,0,-0.604,-1.083,2.162,269.4,330.2,493.6,455.5,-0.604,-1.083,2.162,336.7,367.8,426.4,417.8,APPROACHED,1,0.134,0,IDLE,1.0,System initialized. Awaiting box opening.
58,10.864,2026-09-24T14:07:00.223483Z,4.0,0,IDLE,APPROACHING COMPONENT BOX,NONE,System initialized. Please open the primary container box.,10.7,CLOSED,-0.683,-0.265,1.2,-0.682,-1.179,2.107,116.2,150.1,-62.2,0,-0.602,-1.084,2.162,270.6,328.9,494.7,455.4,-0.602,-1.084,2.162,337.8,367.1,427.5,417.1,APPROACHED,1,0.136,0,IDLE,1.0,System initialized. Awaiting box opening.
59,11.037,2026-09-24T14:07:00.396862Z,4.0,0,IDLE,APPROACHING COMPONENT BOX,NONE,System initialized. Please open the primary container box.,10.2,CLOSED,-0.684,-0.264,1.2,-0.683,-1.179,2.107,116.6,150.6,-62.4,0,-0.602,-1.086,2.161,274.0,325.7,491.8,454.3,-0.602,-1.086,2.161,339.3,365.0,426.5,415.0,APPROACHED,1,0.134,0,IDLE,1.0,System initialized. Awaiting box opening.
60,12.01,2026-09-24T14:07:01.370065Z,5.7,0,IDLE,APPROACHING COMPONENT BOX,NONE,System initialized. Please open the primary container box.,9.6,CLOSED,-0.686,-0.264,1.2,-0.684,-1.179,2.107,118.2,150.2,-62.4,0,-0.602,-1.086,2.16,275.7,324.3,491.4,453.6,-0.602,-1.086,2.16,340.4,364.0,426.7,414.0,APPROACHED,1,0.135,0,IDLE,1.0,System initialized. Awaiting box opening.
61,12.317,2026-09-24T14:07:01.677264Z,0.9,0,IDLE,APPROACHING COMPONENT BOX,NONE,System initialized. Please open the primary container box.,9.0,CLOSED,-0.688,-0.263,1.2,-0.686,-1.178,2.108,120.0,150.1,-62.1,0,-0.601,-1.086,2.161,276.1,325.8,492.5,454.2,-0.601,-1.086,2.161,341.1,365.0,427.6,415.0,APPROACHED,1,0.137,0,IDLE,1.0,System initialized. Awaiting box opening.
62,12.511,2026-09-24T14:07:01.870843Z,4.4,0,IDLE,APPROACHING COMPONENT BOX,NONE,System initialized. Please open the primary container box.,8.9,CLOSED,-0.685,-0.268,1.2,-0.686,-1.18,2.106,106.9,146.9,-59.6,0,-0.601,-1.084,2.162,275.1,327.7,493.5,455.2,-0.601,-1.084,2.162,340.6,366.4,428.0,416.4,APPROACHED,1,0.14,0,IDLE,1.0,System initialized. Awaiting box opening.
63,12.697,2026-09-24T14:07:02.057258Z,5.2,0,IDLE,APPROACHING COMPONENT BOX,NONE,System initialized. Please open the primary container box.,8.9,CLOSED,-0.686,-0.267,1.2,-0.684,-1.185,2.104,110.1,147.9,-59.9,0,-0.601,-1.085,2.161,273.6,326.3,494.1,455.3,-0.601,-1.085,2.161,339.7,365.8,427.9,415.8,APPROACHED,1,0.142,0,IDLE,1.0,System initialized. Awaiting box opening.
64,12.85,2026-09-24T14:07:02.209814Z,5.4,0,IDLE,APPROACHING COMPONENT BOX,NONE,System initialized. Please open the primary container box.,8.8,CLOSED,-0.685,-0.264,1.2,-0.685,-1.183,2.105,112.9,148.9,-60.8,0,-0.602,-1.085,2.161,274.4,326.5,492.7,455.5,-0.602,-1.085,2.161,339.9,366.0,427.2,416.0,APPROACHED,1,0.14,0,IDLE,1.0,System initialized. Awaiting box opening.
65,13.015,2026-09-24T14:07:02.375127Z,6.5,0,IDLE,APPROACHING COMPONENT BOX,NONE,System initialized. Please open the primary container box.,8.7,CLOSED,-0.684,-0.262,1.2,-0.682,-1.18,2.107,117.9,151.0,-62.8,0,-0.603,-1.085,2.161,274.4,325.5,489.8,454.8,-0.603,-1.085,2.161,339.0,365.1,425.2,415.1,APPROACHED,1,0.135,0,IDLE,1.0,System initialized. Awaiting box opening.
66,13.207,2026-09-24T14:07:02.566472Z,6.0,0,IDLE,APPROACHING COMPONENT BOX,NONE,System initialized. Please open the primary container box.,8.2,CLOSED,-0.681,-0.257,1.2,-0.682,-1.176,2.109,123.7,152.9,-65.1,0,-0.603,-1.086,2.161,274.0,323.5,489.4,454.9,-0.603,-1.086,2.161,338.6,364.2,424.8,414.2,APPROACHED,1,0.13,0,IDLE,1.0,System initialized. Awaiting box opening.
67,13.389,2026-09-24T14:07:02.749338Z,5.3,0,IDLE,APPROACHING COMPONENT BOX,NONE,System initialized. Please open the primary container box.,8.1,CLOSED,-0.679,-0.252,1.2,-0.68,-1.172,2.111,129.3,156.2,-67.1,0,-0.604,-1.086,2.161,275.8,323.9,486.8,454.7,-0.604,-1.086,2.161,339.1,364.3,423.5,414.3,APPROACHED,1,0.125,0,IDLE,1.0,System initialized. Awaiting box opening.
68,13.561,2026-09-24T14:07:02.920714Z,5.4,0,IDLE,APPROACHING COMPONENT BOX,NONE,System initialized. Please open the primary container box.,7.7,CLOSED,-0.676,-0.246,1.2,-0.678,-1.167,2.114,129.2,155.4,-66.6,0,-0.602,-1.086,2.16,277.5,323.9,489.6,454.2,-0.602,-1.086,2.16,341.1,364.0,426.0,414.0,APPROACHED,1,0.121,0,IDLE,1.0,System initialized. Awaiting box opening.
69,13.828,2026-09-24T14:07:03.188021Z,5.8,0,IDLE,GRASPING COMPONENT BOX,NONE,System initialized. Please open the primary container box.,7.1,CLOSED,-0.674,-0.232,1.2,-0.676,-1.159,2.119,136.1,159.7,-70.3,0,-0.599,-1.085,2.161,277.4,326.1,494.6,454.3,-0.599,-1.085,2.161,342.6,365.2,429.4,415.2,GRASPED,1,0.115,0,IDLE,1.0,System initialized. Awaiting box opening.
70,13.991,2026-09-24T14:07:03.350934Z,3.8,0,IDLE,GRASPING COMPONENT BOX,NONE,System initialized. Please open the primary container box.,6.8,CLOSED,-0.674,-0.227,1.2,-0.675,-1.147,2.125,137.0,160.0,-70.4,0,-0.6,-1.084,2.162,276.4,329.0,494.2,455.2,-0.6,-1.084,2.162,341.8,367.1,428.9,417.1,GRASPED,1,0.105,0,IDLE,1.0,System initialized. Awaiting box opening.
71,14.164,2026-09-24T14:07:03.523828Z,6.1,0,IDLE,GRASPING COMPONENT BOX,NONE,System initialized. Please open the primary container box.,7.3,CLOSED,-0.675,-0.224,1.2,-0.677,-1.148,2.125,138.0,159.8,-70.0,0,-0.601,-1.082,2.163,276.7,332.3,491.7,455.2,-0.601,-1.082,2.163,341.2,368.7,427.2,418.7,GRASPED,1,0.108,0,IDLE,1.0,System initialized. Awaiting box opening.
72,14.516,2026-09-24T14:07:03.876368Z,5.8,0,IDLE,GRASPING COMPONENT BOX,NONE,System initialized. Please open the primary container box.,8.1,CLOSED,-0.676,-0.22,1.2,-0.676,-1.144,2.127,141.4,161.6,-71.4,0,-0.601,-1.083,2.162,274.9,330.4,493.0,454.5,-0.601,-1.083,2.162,340.3,367.5,427.6,417.5,GRASPED,1,0.103,0,IDLE,1.0,System initialized. Awaiting box opening.
73,15.242,2026-09-24T14:07:04.602134Z,2.9,0,IDLE,GRASPING COMPONENT BOX [ROM LIMIT],NONE,System initialized. Please open the primary container box.,8.8,CLOSED,-0.68,-0.211,1.2,-0.678,-1.138,2.131,145.0,161.4,-71.5,1,-0.603,-1.083,2.162,273.8,330.3,489.8,454.4,-0.603,-1.083,2.162,338.6,367.4,425.0,417.4,GRASPED,1,0.098,0,IDLE,1.0,System initialized. Awaiting box opening.
74,15.386,2026-09-24T14:07:04.746115Z,1.4,0,IDLE,GRASPING COMPONENT BOX [ROM LIMIT],NONE,System initialized. Please open the primary container box.,9.5,CLOSED,-0.679,-0.207,1.2,-0.679,-1.133,2.133,145.0,162.1,-72.9,1,-0.603,-1.084,2.162,274.0,328.5,490.1,454.5,-0.603,-1.084,2.162,338.8,366.5,425.3,416.5,GRASPED,1,0.095,0,IDLE,1.0,System initialized. Awaiting box opening.
75,16.149,2026-09-24T14:07:05.508426Z,7.0,0,IDLE,GRASPING COMPONENT BOX [ROM LIMIT],NONE,System initialized. Please open the primary container box.,10.0,CLOSED,-0.67,-0.193,1.2,-0.674,-1.125,2.138,145.0,167.0,-77.8,1,-0.602,-1.084,2.162,273.0,328.6,492.2,455.0,-0.602,-1.084,2.162,338.7,366.8,426.5,416.8,GRASPED,1,0.086,0,IDLE,1.0,System initialized. Awaiting box opening.
76,16.741,2026-09-24T14:07:06.100761Z,1.2,0,IDLE,GRASPING COMPONENT BOX [ROM LIMIT],NONE,System initialized. Please open the primary container box.,10.2,CLOSED,-0.674,-0.185,1.2,-0.674,-1.117,2.143,145.0,166.3,-77.6,1,-0.603,-1.084,2.162,273.0,329.1,491.9,455.1,-0.603,-1.084,2.162,338.7,367.1,426.3,417.1,GRASPED,1,0.081,0,IDLE,1.0,System initialized. Awaiting box opening.
77,17.287,2026-09-24T14:07:06.646488Z,1.9,0,IDLE,GRASPING COMPONENT BOX [ROM LIMIT],NONE,System initialized. Please open the primary container box.,10.1,CLOSED,-0.674,-0.183,1.2,-0.674,-1.112,2.145,145.0,166.2,-77.7,1,-0.601,-1.084,2.162,273.4,329.3,495.4,454.9,-0.601,-1.084,2.162,340.0,367.1,428.8,417.1,GRASPED,1,0.081,0,IDLE,1.0,System initialized. Awaiting box opening.
78,17.712,2026-09-24T14:07:07.071912Z,1.8,0,IDLE,GRASPING COMPONENT BOX [ROM LIMIT],NONE,System initialized. Please open the primary container box.,10.1,CLOSED,-0.667,-0.186,1.2,-0.671,-1.112,2.146,145.0,167.9,-79.5,1,-0.599,-1.084,2.162,275.0,329.1,497.4,455.1,-0.599,-1.084,2.162,341.7,367.1,430.7,417.1,GRASPED,1,0.079,0,IDLE,1.0,System initialized. Awaiting box opening.
79,18.25,2026-09-24T14:07:07.609945Z,2.4,0,IDLE,GRASPING COMPONENT BOX [ROM LIMIT],NONE,System initialized. Please open the primary container box.,10.0,CLOSED,-0.665,-0.186,1.2,-0.668,-1.111,2.146,145.0,167.7,-79.2,1,-0.597,-1.083,2.162,275.6,329.5,500.7,455.5,-0.597,-1.083,2.162,343.2,367.5,433.2,417.5,GRASPED,1,0.078,0,IDLE,1.0,System initialized. Awaiting box opening.
80,18.512,2026-09-24T14:07:07.872320Z,1.9,0,IDLE,GRASPING COMPONENT BOX [ROM LIMIT],NONE,System initialized. Please open the primary container box.,10.1,CLOSED,-0.664,-0.187,1.2,-0.666,-1.112,2.146,145.0,167.8,-78.9,1,-0.595,-1.084,2.162,277.0,328.8,502.0,455.0,-0.595,-1.084,2.162,344.5,366.9,434.5,416.9,GRASPED,1,0.078,0,IDLE,1.0,System initialized. Awaiting box opening.
81,18.88,2026-09-24T14:07:08.240336Z,3.8,0,IDLE,GRASPING COMPONENT BOX [ROM LIMIT],NONE,System initialized. Please open the primary container box.,10.4,CLOSED,-0.663,-0.19,1.2,-0.665,-1.113,2.145,145.0,167.4,-79.1,1,-0.596,-1.084,2.162,277.4,328.3,499.8,454.9,-0.596,-1.084,2.162,344.1,366.6,433.0,416.6,GRASPED,1,0.076,0,IDLE,1.0,System initialized. Awaiting box opening.
82,19.188,2026-09-24T14:07:08.548259Z,2.7,0,IDLE,GRASPING COMPONENT BOX [ROM LIMIT],NONE,System initialized. Please open the primary container box.,10.6,CLOSED,-0.664,-0.197,1.2,-0.664,-1.117,2.143,145.0,166.4,-79.5,1,-0.599,-1.084,2.162,276.8,328.2,495.4,454.6,-0.599,-1.084,2.162,342.4,366.4,429.8,416.4,GRASPED,1,0.075,0,IDLE,1.0,System initialized. Awaiting box opening.
83,19.417,2026-09-24T14:07:08.777105Z,3.2,0,IDLE,GRASPING COMPONENT BOX [ROM LIMIT],NONE,System initialized. Please open the primary container box.,11.2,CLOSED,-0.664,-0.205,1.2,-0.664,-1.122,2.14,145.0,165.5,-77.9,1,-0.599,-1.085,2.162,277.6,328.0,494.2,454.2,-0.599,-1.085,2.162,342.6,366.1,429.2,416.1,GRASPED,1,0.078,0,IDLE,1.0,System initialized. Awaiting box opening.
84,19.718,2026-09-24T14:07:09.077478Z,4.4,0,IDLE,GRASPING COMPONENT BOX [ROM LIMIT],NONE,System initialized. Please open the primary container box.,11.6,CLOSED,-0.677,-0.224,1.2,-0.671,-1.133,2.134,145.0,162.2,-75.0,1,-0.599,-1.084,2.162,277.6,327.8,494.5,454.7,-0.599,-1.084,2.162,342.7,366.3,429.4,416.3,GRASPED,1,0.091,0,IDLE,1.0,System initialized. Awaiting box opening.
85,19.971,2026-09-24T14:07:09.331074Z,3.3,0,IDLE,GRASPING COMPONENT BOX [ROM LIMIT],NONE,System initialized. Please open the primary container box.,11.9,CLOSED,-0.673,-0.225,1.2,-0.678,-1.141,2.13,145.0,161.8,-74.6,1,-0.599,-1.085,2.161,277.2,327.2,495.6,454.5,-0.599,-1.085,2.161,342.7,365.9,430.1,415.9,GRASPED,1,0.102,0,IDLE,1.0,System initialized. Awaiting box opening.
86,20.382,2026-09-24T14:07:09.741627Z,3.7,0,IDLE,GRASPING COMPONENT BOX,NONE,System initialized. Please open the primary container box.,12.1,CLOSED,-0.663,-0.222,1.2,-0.667,-1.135,2.134,138.5,160.8,-73.5,0,-0.599,-1.085,2.161,275.9,326.3,496.4,454.7,-0.599,-1.085,2.161,342.0,365.5,430.2,415.5,GRASPED,1,0.089,0,IDLE,1.0,System initialized. Awaiting box opening.
87,20.611,2026-09-24T14:07:09.970540Z,2.5,0,IDLE,GRASPING COMPONENT BOX,NONE,System initialized. Please open the primary container box.,12.1,CLOSED,-0.675,-0.236,1.2,-0.671,-1.146,2.127,136.1,158.6,-70.1,0,-0.599,-1.085,2.161,274.2,326.2,497.3,455.0,-0.599,-1.085,2.161,341.1,365.6,430.4,415.6,GRASPED,1,0.1,0,IDLE,1.0,System initialized. Awaiting box opening.
88,20.887,2026-09-24T14:07:10.246743Z,4.4,0,IDLE,APPROACHING COMPONENT BOX,NONE,System initialized. Please open the primary container box.,11.7,CLOSED,-0.675,-0.238,1.2,-0.684,-1.16,2.117,131.0,156.5,-68.2,0,-0.599,-1.085,2.161,276.3,326.8,496.3,455.1,-0.599,-1.085,2.161,342.3,366.0,430.3,416.0,APPROACHED,1,0.122,0,IDLE,1.0,System initialized. Awaiting box opening.
89,21.222,2026-09-24T14:07:10.581863Z,3.6,0,IDLE,APPROACHING COMPONENT BOX,NONE,System initialized. Please open the primary container box.,11.5,CLOSED,-0.666,-0.242,1.2,-0.682,-1.164,2.112,118.6,150.7,-64.7,0,-0.596,-1.084,2.162,277.3,328.2,500.3,455.1,-0.596,-1.084,2.162,344.2,366.7,433.4,416.7,APPROACHED,1,0.128,0,IDLE,1.0,System initialized. Awaiting box opening.
90,22.33,2026-09-24T14:07:11.689574Z,3.0,0,IDLE,APPROACHING COMPONENT BOX,NONE,System initialized. Please open the primary container box.,10.8,CLOSED,-0.665,-0.249,1.2,-0.672,-1.164,2.114,114.0,149.6,-63.9,0,-0.593,-1.085,2.161,278.6,326.9,503.9,454.5,-0.593,-1.085,2.161,346.2,365.7,436.3,415.7,APPROACHED,1,0.121,0,IDLE,1.0,System initialized. Awaiting box opening.
91,22.69,2026-09-24T14:07:12.049917Z,0.9,0,IDLE,GRASPING COMPONENT BOX,NONE,System initialized. Please open the primary container box.,10.3,CLOSED,-0.667,-0.246,1.2,-0.668,-1.164,2.115,111.3,145.5,-61.2,0,-0.595,-1.086,2.161,277.0,324.6,503.2,454.3,-0.595,-1.086,2.161,344.9,364.5,435.4,414.5,GRASPED,1,0.116,0,IDLE,1.0,System initialized. Awaiting box opening.
92,23.333,2026-09-24T14:07:12.693076Z,3.3,0,IDLE,APPROACHING COMPONENT BOX,NONE,System initialized. Please open the primary container box.,9.9,CLOSED,-0.677,-0.253,1.2,-0.673,-1.167,2.114,114.0,146.5,-62.3,0,-0.594,-1.087,2.16,276.5,323.7,505.2,454.0,-0.594,-1.087,2.16,345.1,363.9,436.6,413.9,APPROACHED,1,0.122,0,IDLE,1.0,System initialized. Awaiting box opening.
93,23.702,2026-09-24T14:07:13.062338Z,1.6,0,IDLE,APPROACHING COMPONENT BOX,NONE,System initialized. Please open the primary container box.,9.4,CLOSED,-0.678,-0.254,1.2,-0.676,-1.169,2.113,112.3,144.5,-61.1,0,-0.597,-1.087,2.16,274.3,323.7,501.8,454.1,-0.597,-1.087,2.16,342.5,363.9,433.5,413.9,APPROACHED,1,0.123,0,IDLE,1.0,System initialized. Awaiting box opening.
94,24.024,2026-09-24T14:07:13.383900Z,2.7,0,IDLE,APPROACHING COMPONENT BOX,NONE,System initialized. Please open the primary container box.,9.3,CLOSED,-0.677,-0.251,1.2,-0.676,-1.168,2.113,113.3,145.9,-61.3,0,-0.596,-1.087,2.16,274.7,322.9,503.7,454.1,-0.596,-1.087,2.16,343.4,363.5,435.0,413.5,APPROACHED,1,0.124,0,IDLE,1.0,System initialized. Awaiting box opening.
95,24.362,2026-09-24T14:07:13.722180Z,3.1,0,IDLE,APPROACHING COMPONENT BOX,NONE,System initialized. Please open the primary container box.,8.9,CLOSED,-0.676,-0.249,1.2,-0.676,-1.167,2.114,112.5,145.4,-61.0,0,-0.597,-1.087,2.16,274.8,322.6,501.5,454.1,-0.597,-1.087,2.16,342.8,363.3,433.5,413.3,APPROACHED,1,0.122,0,IDLE,1.0,System initialized. Awaiting box opening.
96,24.595,2026-09-24T14:07:13.955270Z,3.0,0,IDLE,APPROACHING COMPONENT BOX,NONE,System initialized. Please open the primary container box.,8.6,CLOSED,-0.677,-0.249,1.2,-0.677,-1.166,2.114,113.5,145.9,-61.1,0,-0.597,-1.087,2.16,275.0,322.4,501.3,453.8,-0.597,-1.087,2.16,342.9,363.1,433.4,413.1,APPROACHED,1,0.121,0,IDLE,1.0,System initialized. Awaiting box opening.
97,24.815,2026-09-24T14:07:14.174737Z,4.3,0,IDLE,APPROACHING COMPONENT BOX,NONE,System initialized. Please open the primary container box.,8.4,CLOSED,-0.676,-0.248,1.2,-0.676,-1.166,2.115,112.9,145.2,-60.5,0,-0.597,-1.087,2.16,275.4,322.9,500.1,453.7,-0.597,-1.087,2.16,342.8,363.3,432.7,413.3,APPROACHED,1,0.12,0,IDLE,1.0,System initialized. Awaiting box opening.
98,25.077,2026-09-24T14:07:14.436595Z,4.5,0,IDLE,GRASPING COMPONENT BOX,NONE,System initialized. Please open the primary container box.,8.0,CLOSED,-0.672,-0.243,1.2,-0.674,-1.163,2.116,114.3,146.1,-60.8,0,-0.597,-1.087,2.16,275.3,323.6,499.6,453.7,-0.597,-1.087,2.16,342.6,363.6,432.3,413.6,GRASPED,1,0.117,0,IDLE,1.0,System initialized. Awaiting box opening.
99,25.443,2026-09-24T14:07:14.802647Z,3.8,0,IDLE,CONTACTING CONTAINER,NONE,System initialized. Please open the primary container box.,13.0,CLOSED,-0.67,-0.242,1.2,-0.672,-1.162,2.117,114.8,146.4,-61.3,0,-0.596,-1.087,2.16,276.0,323.8,501.3,453.5,0.0,0.0,0.0,0.0,0.0,0.0,0.0,DOCKED,1,0.5,0,IDLE,1.0,System initialized. Awaiting box opening.
100,25.772,2026-09-24T14:07:15.132058Z,2.7,0,IDLE,GRASPING COMPONENT BOX,NONE,System initialized. Please open the primary container box.,16.8,CLOSED,-0.67,-0.242,1.2,-0.671,-1.161,2.118,115.3,146.4,-61.2,0,-0.597,-1.086,2.16,275.4,324.4,500.5,453.6,-0.597,-1.086,2.16,342.9,364.0,433.0,414.0,GRASPED,1,0.113,0,IDLE,1.0,System initialized. Awaiting box opening.
101,26.174,2026-09-24T14:07:15.533903Z,3.1,0,IDLE,GRASPING COMPONENT BOX,NONE,System initialized. Please open the primary container box.,19.6,CLOSED,-0.67,-0.244,1.2,-0.671,-1.161,2.118,116.3,147.3,-61.7,0,-0.597,-1.086,2.161,275.9,324.8,499.2,453.7,-0.597,-1.086,2.161,342.9,364.3,432.2,414.3,GRASPED,1,0.113,0,IDLE,1.0,System initialized. Awaiting box opening.
102,26.533,2026-09-24T14:07:15.892850Z,2.5,0,IDLE,GRASPING COMPONENT BOX,NONE,System initialized. Please open the primary container box.,21.7,OPEN,-0.67,-0.244,1.2,-0.67,-1.161,2.117,114.5,146.3,-60.9,0,-0.598,-1.086,2.161,275.8,324.7,498.2,453.8,-0.598,-1.086,2.161,342.5,364.3,431.5,414.3,GRASPED,1,0.113,0,IDLE,1.0,System initialized. Awaiting box opening.
103,26.761,2026-09-24T14:07:16.121259Z,2.8,0,IDLE,GRASPING COMPONENT BOX,NONE,System initialized. Please open the primary container box.,23.3,OPEN,-0.67,-0.245,1.2,-0.67,-1.161,2.117,115.1,146.3,-61.5,0,-0.597,-1.086,2.161,275.6,325.3,499.2,453.9,-0.597,-1.086,2.161,342.7,364.6,432.1,414.6,GRASPED,1,0.113,0,IDLE,1.0,System initialized. Awaiting box opening.
104,26.933,2026-09-24T14:07:16.293196Z,4.4,0,IDLE,GRASPING COMPONENT BOX,NONE,System initialized. Please open the primary container box.,24.4,OPEN,-0.671,-0.245,1.2,-0.67,-1.162,2.117,114.6,145.3,-60.6,0,-0.599,-1.086,2.161,274.9,325.6,496.0,454.1,-0.599,-1.086,2.161,341.3,364.9,429.7,414.9,GRASPED,1,0.113,0,IDLE,1.0,System initialized. Awaiting box opening.
105,27.857,2026-09-24T14:07:17.216912Z,5.8,0,IDLE,GRASPING COMPONENT BOX,NONE,System initialized. Please open the primary container box.,25.3,OPEN,-0.67,-0.247,1.2,-0.67,-1.163,2.116,110.6,143.2,-59.2,0,-0.601,-1.086,2.161,273.8,325.4,494.7,454.3,-0.601,-1.086,2.161,340.1,364.8,428.5,414.8,GRASPED,1,0.113,0,IDLE,1.0,System initialized. Awaiting box opening.
106,28.063,2026-09-24T14:07:17.423089Z,1.0,0,IDLE,GRASPING COMPONENT BOX,NONE,System initialized. Please open the primary container box.,26.0,OPEN,-0.673,-0.255,1.2,-0.672,-1.167,2.114,106.9,140.4,-56.8,0,-0.601,-1.086,2.161,273.1,324.3,494.4,454.2,-0.601,-1.086,2.161,339.5,364.2,428.0,414.2,GRASPED,1,0.117,0,IDLE,1.0,System initialized. Awaiting box opening.
107,28.232,2026-09-24T14:07:17.592007Z,6.0,0,IDLE,APPROACHING COMPONENT BOX,NONE,System initialized. Please open the primary container box.,34.4,OPEN,-0.674,-0.257,1.2,-0.68,-1.182,2.105,105.9,139.6,-56.1,0,-0.602,-1.087,2.16,272.5,323.7,493.8,453.8,-0.602,-1.087,2.16,338.9,363.8,427.4,413.8,APPROACHED,1,0.135,0,IDLE,1.0,System initialized. Awaiting box opening.
108,28.415,2026-09-24T14:07:17.775100Z,5.9,0,IDLE,APPROACHING COMPONENT BOX,NONE,System initialized. Please open the primary container box.,40.9,OPEN,-0.673,-0.26,1.2,-0.682,-1.189,2.102,102.4,138.5,-54.5,0,-0.6,-1.086,2.161,273.0,324.8,496.7,453.8,-0.6,-1.086,2.161,340.1,364.3,429.6,414.3,APPROACHED,1,0.144,0,IDLE,1.0,System initialized. Awaiting box opening.
109,28.646,2026-09-24T14:07:18.006476Z,5.5,0,IDLE,APPROACHING COMPONENT BOX,NONE,System initialized. Please open the primary container box.,45.3,OPEN,-0.68,-0.269,1.2,-0.68,-1.186,2.103,101.6,139.1,-55.3,0,-0.6,-1.086,2.16,273.4,324.6,497.3,453.4,-0.6,-1.086,2.16,340.6,364.0,430.1,414.0,APPROACHED,1,0.14,0,IDLE,1.0,System initialized. Awaiting box opening.
110,28.819,2026-09-24T14:07:18.178888Z,4.3,0,IDLE,APPROACHING COMPONENT BOX,NONE,System initialized. Please open the primary container box.,48.1,OPEN,-0.682,-0.277,1.2,-0.684,-1.189,2.101,103.5,140.4,-55.2,0,-0.6,-1.087,2.16,273.4,323.2,495.9,453.3,-0.6,-1.087,2.16,340.1,363.2,429.2,413.2,APPROACHED,1,0.144,0,IDLE,1.0,System initialized. Awaiting box opening.
111,28.992,2026-09-24T14:07:18.352338Z,5.9,0,IDLE,APPROACHING COMPONENT BOX,NONE,System initialized. Please open the primary container box.,50.4,OPEN,-0.688,-0.284,1.2,-0.686,-1.193,2.099,95.3,136.4,-50.5,0,-0.599,-1.087,2.16,273.8,323.3,498.4,453.4,-0.599,-1.087,2.16,341.2,363.4,431.0,413.4,APPROACHED,1,0.15,0,IDLE,1.0,System initialized. Awaiting box opening.
112,29.155,2026-09-24T14:07:18.515184Z,5.8,0,IDLE,APPROACHING COMPONENT BOX,NONE,System initialized. Please open the primary container box.,52.5,OPEN,-0.692,-0.287,1.2,-0.691,-1.197,2.097,91.8,134.6,-48.2,0,-0.599,-1.087,2.16,273.5,322.8,498.5,453.3,-0.599,-1.087,2.16,341.0,363.0,431.0,413.0,APPROACHED,1,0.156,0,IDLE,1.0,System initialized. Awaiting box opening.
113,29.39,2026-09-24T14:07:18.749521Z,6.2,1,BOX_OPENED,APPROACHING COMPONENT BOX,NONE,Container open. Next step: Please extract the red box.,54.1,OPEN,-0.696,-0.286,1.2,-0.694,-1.196,2.098,92.2,133.4,-47.0,0,-0.599,-1.088,2.16,272.3,322.4,500.0,453.1,-0.599,-1.088,2.16,340.6,362.8,431.7,412.8,APPROACHED,1,0.157,0,IDLE,1.0,System initialized. Awaiting box opening.
114,29.615,2026-09-24T14:07:18.974626Z,4.2,1,BOX_OPENED,APPROACHING COMPONENT BOX,NONE,Container open. Next step: Please extract the red box.,55.3,OPEN,-0.703,-0.285,1.2,-0.699,-1.197,2.097,91.8,131.6,-44.4,0,-0.6,-1.088,2.16,269.5,322.2,499.9,453.0,-0.6,-1.088,2.16,338.6,362.6,430.8,412.6,APPROACHED,1,0.16,0,IDLE,1.0,System initialized. Awaiting box opening.
115,29.8,2026-09-24T14:07:19.159933Z,4.5,1,BOX_OPENED,APPROACHING COMPONENT BOX,NONE,Container open. Next step: Please extract the red box.,56.1,OPEN,-0.709,-0.286,1.2,-0.704,-1.197,2.097,98.0,132.3,-45.7,0,-0.601,-1.088,2.16,268.4,322.4,499.0,453.1,-0.601,-1.088,2.16,337.6,362.7,429.8,412.7,APPROACHED,1,0.163,0,IDLE,1.0,System initialized. Awaiting box opening.
116,30.221,2026-09-24T14:07:19.581132Z,5.4,1,BOX_OPENED,APPROACHING COMPONENT BOX,NONE,Container open. Next step: Please extract the red box.,56.7,OPEN,-0.717,-0.285,1.2,-0.71,-1.197,2.097,105.1,132.7,-46.7,0,-0.603,-1.088,2.16,267.4,322.5,497.5,453.2,-0.603,-1.088,2.16,336.4,362.8,428.4,412.8,APPROACHED,1,0.166,0,IDLE,1.0,System initialized. Awaiting box opening.
117,30.461,2026-09-24T14:07:19.820543Z,2.4,1,BOX_OPENED,APPROACHING COMPONENT BOX,NONE,Container open. Next step: Please extract the red box.,57.7,OPEN,-0.727,-0.283,1.2,-0.719,-1.196,2.097,113.2,131.8,-45.6,0,-0.604,-1.087,2.16,264.6,322.9,497.1,453.2,-0.604,-1.087,2.16,334.4,363.1,427.4,413.1,APPROACHED,1,0.17,0,IDLE,1.0,System initialized. Awaiting box opening.
118,30.75,2026-09-24T14:07:20.109484Z,4.2,1,BOX_OPENED,APPROACHING COMPONENT BOX,NONE,Container open. Next step: Please extract the red box.,58.7,OPEN,-0.732,-0.279,1.2,-0.726,-1.194,2.098,118.3,133.3,-46.2,0,-0.604,-1.087,2.16,263.7,323.4,498.6,453.6,-0.604,-1.087,2.16,334.2,363.5,428.1,413.5,APPROACHED,1,0.173,0,IDLE,1.0,System initialized. Awaiting box opening.
119,30.994,2026-09-24T14:07:20.353961Z,3.5,1,BOX_OPENED,APPROACHING COMPONENT BOX,NONE,Container open. Next step: Please extract the red box.,59.4,OPEN,-0.742,-0.279,1.2,-0.734,-1.193,2.099,121.9,133.4,-45.0,0,-0.604,-1.088,2.16,263.4,322.3,499.1,453.1,-0.604,-1.088,2.16,334.1,362.7,428.4,412.7,APPROACHED,1,0.178,0,IDLE,1.0,System initialized. Awaiting box opening.
120,31.822,2026-09-24T14:07:21.181440Z,4.1,1,BOX_OPENED,APPROACHING COMPONENT BOX,NONE,Container open. Next step: Please extract the red box.,59.7,OPEN,-0.747,-0.276,1.2,-0.741,-1.191,2.1,128.0,133.8,-45.9,0,-0.604,-1.088,2.16,263.5,322.2,497.9,453.0,-0.604,-1.088,2.16,333.8,362.6,427.6,412.6,APPROACHED,1,0.181,0,IDLE,1.0,System initialized. Awaiting box opening.
121,32.053,2026-09-24T14:07:21.413264Z,1.2,1,BOX_OPENED,APPROACHING COMPONENT BOX,NONE,Container open. Next step: Please extract the red box.,59.9,OPEN,-0.75,-0.269,1.2,-0.746,-1.187,2.103,131.9,134.3,-46.8,0,-0.604,-1.087,2.16,264.7,323.0,497.1,453.6,-0.604,-1.087,2.16,334.4,363.3,427.3,413.3,APPROACHED,1,0.182,0,IDLE,1.0,System initialized. Awaiting box opening.
122,32.228,2026-09-24T14:07:21.588204Z,5.1,1,BOX_OPENED,APPROACHING COMPONENT BOX,NONE,Container open. Next step: Please extract the red box.,60.0,OPEN,-0.752,-0.26,1.2,-0.749,-1.181,2.106,135.1,135.2,-47.6,0,-0.603,-1.087,2.16,267.0,323.5,496.8,453.8,-0.603,-1.087,2.16,336.0,363.7,427.9,413.7,APPROACHED,1,0.182,0,IDLE,1.0,System initialized. Awaiting box opening.
123,32.413,2026-09-24T14:07:21.773093Z,5.8,1,BOX_OPENED,APPROACHING COMPONENT BOX,NONE,Container open. Next step: Please extract the red box.,60.1,OPEN,-0.75,-0.251,1.2,-0.749,-1.174,2.11,136.9,136.8,-49.0,0,-0.6,-1.086,2.16,272.6,323.9,497.3,454.2,-0.6,-1.086,2.16,340.0,364.1,429.9,414.1,APPROACHED,1,0.181,0,IDLE,1.0,System initialized. Awaiting box opening.
124,32.633,2026-09-24T14:07:21.993107Z,5.4,1,BOX_OPENED,APPROACHING COMPONENT BOX,NONE,Container open. Next step: Please extract the red box.,60.2,OPEN,-0.747,-0.248,1.2,-0.748,-1.169,2.113,134.9,135.9,-49.2,0,-0.602,-1.086,2.161,270.9,324.1,496.2,454.7,-0.602,-1.086,2.161,338.5,364.4,428.6,414.4,APPROACHED,1,0.175,0,IDLE,1.0,System initialized. Awaiting box opening.
125,32.812,2026-09-24T14:07:22.171873Z,4.6,1,BOX_OPENED,APPROACHING COMPONENT BOX,NONE,Container open. Next step: Please extract the red box.,60.5,OPEN,-0.742,-0.249,1.2,-0.744,-1.17,2.112,134.6,136.8,-50.7,0,-0.602,-1.086,2.161,269.0,324.0,496.5,454.3,-0.602,-1.086,2.161,337.3,364.2,428.3,414.2,APPROACHED,1,0.172,0,IDLE,1.0,System initialized. Awaiting box opening.
126,33.0,2026-09-24T14:07:22.359435Z,5.6,1,BOX_OPENED,APPROACHING COMPONENT BOX,NONE,Container open. Next step: Please extract the red box.,60.4,OPEN,-0.737,-0.246,1.2,-0.74,-1.171,2.112,132.1,137.6,-51.7,0,-0.602,-1.087,2.16,270.7,323.4,495.7,453.8,-0.602,-1.087,2.16,338.2,363.6,428.2,413.6,APPROACHED,1,0.169,0,IDLE,1.0,System initialized. Awaiting box opening.
127,33.204,2026-09-24T14:07:22.563587Z,5.3,1,BOX_OPENED,APPROACHING COMPONENT BOX,NONE,Container open. Next step: Please extract the red box.,60.2,OPEN,-0.732,-0.243,1.2,-0.736,-1.166,2.115,130.2,138.7,-52.6,0,-0.601,-1.086,2.161,270.0,324.2,497.4,454.1,-0.601,-1.086,2.161,338.3,364.2,429.2,414.2,APPROACHED,1,0.163,0,IDLE,1.0,System initialized. Awaiting box opening.
128,33.414,2026-09-24T14:07:22.774089Z,4.8,1,BOX_OPENED,APPROACHING COMPONENT BOX,NONE,Container open. Next step: Please extract the red box.,60.1,OPEN,-0.727,-0.235,1.2,-0.731,-1.159,2.118,129.5,139.8,-54.2,0,-0.6,-1.086,2.161,271.2,325.2,498.2,454.0,-0.6,-1.086,2.161,339.3,364.6,430.1,414.6,APPROACHED,1,0.156,0,IDLE,1.0,System initialized. Awaiting box opening.
129,33.612,2026-09-24T14:07:22.972171Z,4.8,1,BOX_OPENED,APPROACHING COMPONENT BOX,NONE,Container open. Next step: Please extract the red box.,60.0,OPEN,-0.724,-0.236,1.2,-0.728,-1.157,2.12,130.5,140.8,-55.2,0,-0.599,-1.086,2.161,271.1,325.4,500.3,454.3,-0.599,-1.086,2.161,339.9,364.9,431.6,414.9,APPROACHED,1,0.153,0,IDLE,1.0,System initialized. Awaiting box opening.
130,33.763,2026-09-24T14:07:23.122801Z,5.0,1,BOX_OPENED,APPROACHING COMPONENT BOX,NONE,Container open. Next step: Please extract the red box.,59.4,OPEN,-0.721,-0.232,1.2,-0.725,-1.157,2.119,130.0,141.9,-56.5,0,-0.598,-1.086,2.161,270.8,324.3,502.5,454.1,-0.598,-1.086,2.161,340.3,364.2,433.0,414.2,APPROACHED,1,0.151,0,IDLE,1.0,System initialized. Awaiting box opening.
131,33.99,2026-09-24T14:07:23.349651Z,6.5,1,BOX_OPENED,APPROACHING COMPONENT BOX,NONE,Container open. Next step: Please extract the red box.,58.8,OPEN,-0.722,-0.235,1.2,-0.723,-1.155,2.12,131.3,142.6,-56.9,0,-0.599,-1.087,2.16,269.6,323.2,503.0,453.8,-0.599,-1.087,2.16,339.6,363.5,433.0,413.5,APPROACHED,1,0.147,0,IDLE,1.0,System initialized. Awaiting box opening.
132,34.193,2026-09-24T14:07:23.553153Z,4.5,1,BOX_OPENED,APPROACHING COMPONENT BOX,NONE,Container open. Next step: Please extract the red box.,58.5,OPEN,-0.722,-0.235,1.2,-0.723,-1.155,2.119,131.1,143.4,-57.4,0,-0.599,-1.087,2.16,269.1,322.4,503.0,453.8,-0.599,-1.087,2.16,339.3,363.1,432.8,413.1,APPROACHED,1,0.147,0,IDLE,0.88,Deterministic kinematic fallback verification.
133,34.39,2026-09-24T14:07:23.749588Z,4.9,1,BOX_OPENED,APPROACHING COMPONENT BOX,NONE,Container open. Next step: Please extract the red box.,58.9,OPEN,-0.722,-0.237,1.2,-0.722,-1.155,2.12,130.8,142.7,-57.4,0,-0.6,-1.087,2.16,268.8,324.1,501.5,453.6,-0.6,-1.087,2.16,338.6,363.9,431.7,413.9,APPROACHED,1,0.146,0,IDLE,0.88,Deterministic kinematic fallback verification.
134,34.608,2026-09-24T14:07:23.967534Z,5.0,1,BOX_OPENED,APPROACHING COMPONENT BOX,NONE,Container open. Next step: Please extract the red box.,59.5,OPEN,-0.72,-0.236,1.2,-0.721,-1.155,2.121,130.5,143.5,-58.0,0,-0.6,-1.086,2.161,269.2,324.4,501.5,454.0,-0.6,-1.086,2.161,338.9,364.2,431.8,414.2,APPROACHED,1,0.145,0,IDLE,0.88,Deterministic kinematic fallback verification.
135,35.483,2026-09-24T14:07:24.842822Z,4.6,1,BOX_OPENED,APPROACHING COMPONENT BOX,NONE,Container open. Next step: Please extract the red box.,60.1,OPEN,-0.719,-0.235,1.2,-0.72,-1.154,2.121,131.8,144.6,-59.1,0,-0.6,-1.086,2.161,269.2,324.7,500.3,454.3,-0.6,-1.086,2.161,338.5,364.5,431.0,414.5,APPROACHED,1,0.143,0,IDLE,0.88,Deterministic kinematic fallback verification.
136,35.713,2026-09-24T14:07:25.073045Z,1.1,1,BOX_OPENED,APPROACHING COMPONENT BOX,NONE,Container open. Next step: Please extract the red box.,59.8,OPEN,-0.718,-0.234,1.2,-0.719,-1.153,2.122,131.2,144.5,-58.9,0,-0.601,-1.087,2.16,268.9,323.8,498.3,453.9,-0.601,-1.087,2.16,337.7,363.8,429.5,413.8,APPROACHED,1,0.14,0,IDLE,0.88,Deterministic kinematic fallback verification.
137,35.907,2026-09-24T14:07:25.266627Z,5.6,1,BOX_OPENED,APPROACHING COMPONENT BOX,NONE,Container open. Next step: Please extract the red box.,59.6,OPEN,-0.717,-0.235,1.2,-0.718,-1.154,2.122,130.1,144.2,-58.4,0,-0.602,-1.086,2.161,268.9,324.2,496.9,454.0,-0.602,-1.086,2.161,337.3,364.1,428.5,414.1,APPROACHED,1,0.139,0,IDLE,0.88,Deterministic kinematic fallback verification.
138,36.161,2026-09-24T14:07:25.520704Z,5.1,1,BOX_OPENED,APPROACHING COMPONENT BOX,NONE,Container open. Next step: Please extract the red box.,59.7,OPEN,-0.717,-0.237,1.2,-0.717,-1.154,2.121,129.8,144.3,-58.7,0,-0.603,-1.087,2.16,269.3,324.4,494.3,453.4,-0.603,-1.087,2.16,336.8,363.9,426.8,413.9,APPROACHED,1,0.138,0,IDLE,0.88,Deterministic kinematic fallback verification.
139,36.317,2026-09-24T14:07:25.676601Z,4.0,1,BOX_OPENED,APPROACHING COMPONENT BOX,NONE,Container open. Next step: Please extract the red box.,59.7,OPEN,-0.716,-0.236,1.2,-0.716,-1.154,2.121,130.6,145.2,-59.2,0,-0.604,-1.086,2.16,269.9,324.5,492.0,453.7,-0.604,-1.086,2.16,336.5,364.1,425.4,414.1,APPROACHED,1,0.137,0,IDLE,0.88,Deterministic kinematic fallback verification.
140,36.545,2026-09-24T14:07:25.905319Z,6.2,1,BOX_OPENED,APPROACHING COMPONENT BOX,NONE,Container open. Next step: Please extract the red box.,59.5,OPEN,-0.716,-0.236,1.2,-0.716,-1.154,2.121,129.4,144.4,-58.5,0,-0.604,-1.086,2.16,269.6,324.6,493.4,453.5,-0.604,-1.086,2.16,336.8,364.1,426.3,414.1,APPROACHED,1,0.137,0,IDLE,0.88,Deterministic kinematic fallback verification.
141,36.889,2026-09-24T14:07:26.249348Z,4.3,1,BOX_OPENED,APPROACHING COMPONENT BOX,NONE,Container open. Next step: Please extract the red box.,59.6,OPEN,-0.717,-0.235,1.2,-0.716,-1.154,2.122,129.9,143.9,-57.7,0,-0.602,-1.087,2.16,269.8,324.6,495.6,453.1,-0.602,-1.087,2.16,337.5,363.8,427.8,413.8,APPROACHED,1,0.138,0,IDLE,0.88,Deterministic kinematic fallback verification.
142,37.108,2026-09-24T14:07:26.468333Z,3.0,1,BOX_OPENED,APPROACHING COMPONENT BOX,NONE,Container open. Next step: Please extract the red box.,60.3,OPEN,-0.717,-0.233,1.2,-0.716,-1.153,2.122,128.6,143.5,-56.6,0,-0.603,-1.086,2.161,269.3,325.7,495.8,453.9,-0.603,-1.086,2.161,337.2,364.8,427.8,414.8,APPROACHED,1,0.138,0,IDLE,0.88,Deterministic kinematic fallback verification.
143,37.401,2026-09-24T14:07:26.760780Z,4.5,1,BOX_OPENED,APPROACHING COMPONENT BOX,NONE,Container open. Next step: Please extract the red box.,61.4,OPEN,-0.714,-0.232,1.2,-0.715,-1.152,2.123,126.8,143.2,-56.3,0,-0.603,-1.085,2.161,269.4,326.8,495.7,453.9,-0.603,-1.085,2.161,337.3,365.3,427.8,415.3,APPROACHED,1,0.137,0,IDLE,0.88,Deterministic kinematic fallback verification.
144,37.593,2026-09-24T14:07:26.952798Z,3.4,1,BOX_OPENED,APPROACHING COMPONENT BOX,NONE,Container open. Next step: Please extract the red box.,62.2,OPEN,-0.712,-0.228,1.2,-0.714,-1.15,2.124,128.5,146.2,-57.1,0,-0.604,-1.085,2.161,271.6,327.4,491.2,454.6,-0.604,-1.085,2.161,337.5,366.0,425.3,416.0,APPROACHED,1,0.133,0,IDLE,0.88,Deterministic kinematic fallback verification.
145,37.783,2026-09-24T14:07:27.143010Z,5.2,1,BOX_OPENED,APPROACHING COMPONENT BOX,NONE,Container open. Next step: Please extract the red box.,62.4,OPEN,-0.713,-0.229,1.2,-0.713,-1.149,2.124,130.2,147.3,-57.3,0,-0.604,-1.085,2.161,273.2,326.8,489.8,454.5,-0.604,-1.085,2.161,338.2,365.6,424.8,415.6,APPROACHED,1,0.132,0,IDLE,0.88,Deterministic kinematic fallback verification.
146,37.966,2026-09-24T14:07:27.325479Z,5.3,1,BOX_OPENED,APPROACHING COMPONENT BOX,NONE,Container open. Next step: Please extract the red box.,62.5,OPEN,-0.713,-0.231,1.2,-0.714,-1.152,2.122,127.6,145.5,-55.7,0,-0.603,-1.085,2.161,273.8,326.1,491.4,454.2,-0.603,-1.085,2.161,339.1,365.1,426.1,415.1,APPROACHED,1,0.136,0,IDLE,0.88,Deterministic kinematic fallback verification.
147,38.148,2026-09-24T14:07:27.508259Z,5.5,1,BOX_OPENED,APPROACHING COMPONENT BOX,NONE,Container open. Next step: Please extract the red box.,62.5,OPEN,-0.714,-0.231,1.2,-0.714,-1.151,2.123,127.9,145.7,-55.5,0,-0.602,-1.085,2.161,274.4,326.1,492.4,454.2,-0.602,-1.085,2.161,339.8,365.1,427.0,415.1,APPROACHED,1,0.136,0,IDLE,0.88,Deterministic kinematic fallback verification.
148,38.425,2026-09-24T14:07:27.784632Z,5.5,1,BOX_OPENED,APPROACHING COMPONENT BOX,NONE,Container open. Next step: Please extract the red box.,62.8,OPEN,-0.713,-0.23,1.2,-0.713,-1.15,2.124,127.2,145.5,-55.5,0,-0.601,-1.086,2.161,274.4,326.3,494.1,453.7,-0.601,-1.086,2.161,340.3,365.0,428.2,415.0,APPROACHED,1,0.135,0,IDLE,0.88,Deterministic kinematic fallback verification.
149,38.602,2026-09-24T14:07:27.961935Z,3.6,1,BOX_OPENED,APPROACHING COMPONENT BOX,NONE,Container open. Next step: Please extract the red box.,63.1,OPEN,-0.712,-0.229,1.2,-0.713,-1.149,2.124,127.4,146.2,-55.7,0,-0.601,-1.085,2.161,274.2,327.0,494.3,453.8,-0.601,-1.085,2.161,340.2,365.4,428.3,415.4,APPROACHED,1,0.134,0,IDLE,0.88,Deterministic kinematic fallback verification.
150,39.378,2026-09-24T14:07:28.737785Z,5.5,1,BOX_OPENED,APPROACHING COMPONENT BOX,NONE,Container open. Next step: Please extract the red box.,63.5,OPEN,-0.711,-0.228,1.2,-0.712,-1.148,2.125,128.5,147.2,-56.6,0,-0.601,-1.085,2.161,273.9,327.8,494.8,453.7,-0.601,-1.085,2.161,340.2,365.8,428.5,415.8,APPROACHED,1,0.133,0,IDLE,0.88,Deterministic kinematic fallback verification.
151,39.596,2026-09-24T14:07:28.955449Z,1.2,1,BOX_OPENED,APPROACHING COMPONENT BOX,NONE,Container open. Next step: Please extract the red box.,63.5,OPEN,-0.71,-0.226,1.2,-0.711,-1.147,2.125,128.9,147.5,-57.5,0,-0.601,-1.085,2.161,275.5,327.8,493.5,454.1,-0.601,-1.085,2.161,340.9,365.9,428.1,415.9,APPROACHED,1,0.132,0,IDLE,0.88,Deterministic kinematic fallback verification.
152,39.758,2026-09-24T14:07:29.117647Z,5.3,1,BOX_OPENED,APPROACHING COMPONENT BOX,NONE,Container open. Next step: Please extract the red box.,62.9,OPEN,-0.708,-0.226,1.2,-0.709,-1.146,2.126,128.0,147.8,-57.3,0,-0.6,-1.085,2.161,276.2,326.6,494.1,454.1,-0.6,-1.085,2.161,341.6,365.3,428.7,415.3,APPROACHED,1,0.13,0,IDLE,0.88,Deterministic kinematic fallback verification.
153,39.997,2026-09-24T14:07:29.356948Z,6.5,1,BOX_OPENED,APPROACHING COMPONENT BOX,NONE,Container open. Next step: Please extract the red box.,62.5,OPEN,-0.707,-0.227,1.2,-0.708,-1.146,2.126,128.0,148.0,-57.4,0,-0.599,-1.086,2.161,276.4,325.3,495.6,453.6,-0.599,-1.086,2.161,342.2,364.4,429.9,414.4,APPROACHED,1,0.13,0,IDLE,0.88,Deterministic kinematic fallback verification.
154,40.284,2026-09-24T14:07:29.643688Z,4.2,1,BOX_OPENED,APPROACHING COMPONENT BOX,NONE,Container open. Next step: Please extract the red box.,62.3,OPEN,-0.707,-0.226,1.2,-0.707,-1.146,2.126,128.1,148.1,-57.5,0,-0.6,-1.086,2.161,276.1,325.7,494.2,453.6,-0.6,-1.086,2.161,341.5,364.6,428.8,414.6,APPROACHED,1,0.128,0,IDLE,0.88,Deterministic kinematic fallback verification.
155,40.468,2026-09-24T14:07:29.828152Z,3.4,1,BOX_OPENED,APPROACHING COMPONENT BOX,NONE,Container open. Next step: Please extract the red box.,62.1,OPEN,-0.707,-0.226,1.2,-0.707,-1.146,2.126,128.5,149.2,-58.2,0,-0.6,-1.087,2.16,276.0,325.4,494.7,452.4,-0.6,-1.087,2.16,341.6,363.9,429.1,413.9,APPROACHED,1,0.128,0,IDLE,0.88,Deterministic kinematic fallback verification.
156,40.844,2026-09-24T14:07:30.203491Z,5.6,1,BOX_OPENED,APPROACHING COMPONENT BOX,NONE,Container open. Next step: Please extract the red box.,62.0,OPEN,-0.709,-0.228,1.2,-0.708,-1.147,2.126,129.6,149.6,-58.2,0,-0.598,-1.087,2.16,276.1,325.1,497.1,452.8,-0.598,-1.087,2.16,342.4,363.9,430.8,413.9,APPROACHED,1,0.13,0,IDLE,0.88,Deterministic kinematic fallback verification.
157,41.046,2026-09-24T14:07:30.406035Z,2.7,1,BOX_OPENED,APPROACHING COMPONENT BOX,NONE,Container open. Next step: Please extract the red box.,61.9,OPEN,-0.709,-0.227,1.2,-0.708,-1.147,2.126,129.3,149.6,-58.2,0,-0.6,-1.086,2.161,275.7,325.3,494.9,453.2,-0.6,-1.086,2.161,341.5,364.2,429.1,414.2,APPROACHED,1,0.129,0,IDLE,0.88,Deterministic kinematic fallback verification.
158,41.213,2026-09-24T14:07:30.572569Z,4.9,1,BOX_OPENED,APPROACHING COMPONENT BOX,NONE,Container open. Next step: Please extract the red box.,61.7,OPEN,-0.709,-0.227,1.2,-0.709,-1.147,2.126,129.5,149.1,-58.5,0,-0.6,-1.086,2.161,275.7,325.1,495.2,453.1,-0.6,-1.086,2.161,341.5,364.1,429.3,414.1,APPROACHED,1,0.129,0,IDLE,0.88,Deterministic kinematic fallback verification.
159,41.53,2026-09-24T14:07:30.889645Z,6.1,1,BOX_OPENED,APPROACHING COMPONENT BOX,NONE,Container open. Next step: Please extract the red box.,61.6,OPEN,-0.705,-0.224,1.2,-0.707,-1.145,2.126,128.7,149.7,-59.7,0,-0.598,-1.086,2.161,277.1,325.7,497.2,453.4,-0.598,-1.086,2.161,343.1,364.6,431.2,414.6,APPROACHED,1,0.129,0,IDLE,0.88,Deterministic kinematic fallback verification.
160,41.938,2026-09-24T14:07:31.297464Z,3.1,1,BOX_OPENED,APPROACHING COMPONENT BOX,NONE,Container open. Next step: Please extract the red box.,61.6,OPEN,-0.705,-0.224,1.2,-0.706,-1.145,2.127,129.0,149.4,-59.9,0,-0.597,-1.086,2.161,276.3,325.4,499.6,453.6,-0.597,-1.086,2.161,343.3,364.5,432.6,414.5,APPROACHED,1,0.128,0,IDLE,0.88,Deterministic kinematic fallback verification.
161,42.194,2026-09-24T14:07:31.553713Z,2.5,1,BOX_OPENED,APPROACHING COMPONENT BOX,NONE,Container open. Next step: Please extract the red box.,61.4,OPEN,-0.707,-0.225,1.2,-0.706,-1.145,2.127,129.3,148.9,-59.8,0,-0.595,-1.086,2.161,276.6,325.5,502.7,453.7,-0.595,-1.086,2.161,344.4,364.6,434.8,414.6,APPROACHED,1,0.13,0,IDLE,0.88,Deterministic kinematic fallback verification.
162,42.497,2026-09-24T14:07:31.856439Z,3.9,1,BOX_OPENED,APPROACHING COMPONENT BOX,NONE,Container open. Next step: Please extract the red box.,61.2,OPEN,-0.709,-0.227,1.2,-0.708,-1.146,2.126,129.5,148.0,-59.4,0,-0.596,-1.086,2.161,276.6,325.5,501.1,453.7,-0.596,-1.086,2.161,344.0,364.6,433.8,414.6,APPROACHED,1,0.131,0,IDLE,0.88,Deterministic kinematic fallback verification.
163,42.66,2026-09-24T14:07:32.019875Z,3.3,1,BOX_OPENED,APPROACHING COMPONENT BOX,NONE,Container open. Next step: Please extract the red box.,61.2,OPEN,-0.712,-0.233,1.2,-0.71,-1.149,2.125,130.4,147.9,-59.0,0,-0.596,-1.086,2.161,277.0,325.8,501.2,453.8,-0.596,-1.086,2.161,344.3,364.8,434.0,414.8,APPROACHED,1,0.135,0,IDLE,0.88,Deterministic kinematic fallback verification.
164,42.816,2026-09-24T14:07:32.176334Z,6.1,1,BOX_OPENED,APPROACHING COMPONENT BOX,NONE,Container open. Next step: Please extract the red box.,60.8,OPEN,-0.716,-0.241,1.2,-0.716,-1.157,2.12,131.7,146.8,-58.9,0,-0.597,-1.087,2.16,276.6,324.6,499.5,453.2,-0.597,-1.087,2.16,343.5,363.9,432.6,413.9,APPROACHED,1,0.144,0,IDLE,0.88,Deterministic kinematic fallback verification.
165,43.638,2026-09-24T14:07:32.998334Z,6.4,1,BOX_OPENED,APPROACHING COMPONENT BOX,NONE,Container open. Next step: Please extract the red box.,60.3,OPEN,-0.718,-0.245,1.2,-0.717,-1.16,2.118,130.5,145.4,-57.8,0,-0.598,-1.087,2.16,276.3,323.1,497.0,452.7,-0.598,-1.087,2.16,342.5,362.9,430.8,412.9,APPROACHED,1,0.145,0,IDLE,0.88,Deterministic kinematic fallback verification.
166,43.92,2026-09-24T14:07:33.279441Z,1.2,1,BOX_OPENED,APPROACHING COMPONENT BOX,NONE,Container open. Next step: Please extract the red box.,60.2,OPEN,-0.718,-0.247,1.2,-0.717,-1.162,2.117,129.5,145.9,-58.1,0,-0.601,-1.087,2.16,275.3,323.0,492.9,452.8,-0.601,-1.087,2.16,340.6,362.9,427.6,412.9,APPROACHED,1,0.145,0,IDLE,0.88,Deterministic kinematic fallback verification.
167,44.102,2026-09-24T14:07:33.461557Z,4.1,1,BOX_OPENED,APPROACHING COMPONENT BOX,NONE,Container open. Next step: Please extract the red box.,59.5,OPEN,-0.72,-0.252,1.2,-0.719,-1.165,2.115,130.0,144.6,-58.0,0,-0.602,-1.088,2.159,273.9,322.1,492.3,452.3,-0.602,-1.088,2.159,339.4,362.2,426.8,412.2,APPROACHED,1,0.147,0,IDLE,0.88,Deterministic kinematic fallback verification.
168,44.333,2026-09-24T14:07:33.692830Z,5.5,1,BOX_OPENED,APPROACHING COMPONENT BOX,NONE,Container open. Next step: Please extract the red box.,59.4,OPEN,-0.715,-0.256,1.2,-0.717,-1.169,2.113,126.0,144.6,-58.4,0,-0.603,-1.087,2.16,272.3,323.0,492.6,453.0,-0.603,-1.087,2.16,338.4,363.0,426.5,413.0,APPROACHED,1,0.148,0,IDLE,0.88,Deterministic kinematic fallback verification.
169,44.525,2026-09-24T14:07:33.885395Z,4.3,1,BOX_OPENED,APPROACHING COMPONENT BOX,NONE,Container open. Next step: Please extract the red box.,59.1,OPEN,-0.716,-0.261,1.2,-0.714,-1.171,2.111,123.8,144.0,-58.3,0,-0.602,-1.087,2.16,272.4,323.3,493.6,453.4,-0.602,-1.087,2.16,338.8,363.4,427.3,413.4,APPROACHED,1,0.148,0,IDLE,0.88,Deterministic kinematic fallback verification.
170,44.759,2026-09-24T14:07:34.119406Z,5.1,1,BOX_OPENED,APPROACHING COMPONENT BOX,NONE,Container open. Next step: Please extract the red box.,58.5,OPEN,-0.711,-0.263,1.2,-0.712,-1.175,2.109,119.2,144.5,-58.9,0,-0.603,-1.087,2.16,270.9,322.7,494.2,453.5,-0.603,-1.087,2.16,337.9,363.1,427.2,413.1,APPROACHED,1,0.149,0,IDLE,0.88,Deterministic kinematic fallback verification.
171,44.925,2026-09-24T14:07:34.284927Z,4.3,1,BOX_OPENED,APPROACHING COMPONENT BOX,NONE,Container open. Next step: Please extract the red box.,57.9,OPEN,-0.713,-0.267,1.2,-0.713,-1.178,2.108,117.8,144.5,-58.3,0,-0.603,-1.087,2.16,271.9,322.7,492.9,453.2,-0.603,-1.087,2.16,338.2,362.9,426.6,412.9,APPROACHED,1,0.152,0,IDLE,0.88,Deterministic kinematic fallback verification.
172,45.121,2026-09-24T14:07:34.481354Z,6.0,1,BOX_OPENED,APPROACHING COMPONENT BOX,NONE,Container open. Next step: Please extract the red box.,57.2,OPEN,-0.714,-0.271,1.2,-0.716,-1.183,2.104,114.8,144.5,-58.2,0,-0.604,-1.087,2.16,270.3,322.4,492.6,454.1,-0.604,-1.087,2.16,337.0,363.2,425.9,413.2,APPROACHED,1,0.158,0,IDLE,0.88,Deterministic kinematic fallback verification.
173,45.304,2026-09-24T14:07:34.663568Z,5.1,1,BOX_OPENED,APPROACHING COMPONENT BOX,NONE,Container open. Next step: Please extract the red box.,56.9,OPEN,-0.711,-0.274,1.2,-0.714,-1.185,2.103,112.0,144.5,-59.4,0,-0.604,-1.087,2.16,268.7,322.5,493.1,453.9,-0.604,-1.087,2.16,336.0,363.2,425.8,413.2,APPROACHED,1,0.157,0,IDLE,0.88,Deterministic kinematic fallback verification.
174,45.49,2026-09-24T14:07:34.849417Z,5.5,1,BOX_OPENED,APPROACHING COMPONENT BOX,NONE,Container open. Next step: Please extract the red box.,57.4,OPEN,-0.704,-0.274,1.2,-0.709,-1.186,2.103,107.6,144.7,-60.3,0,-0.603,-1.087,2.16,271.1,323.5,492.8,453.7,-0.603,-1.087,2.16,337.7,363.6,426.3,413.6,APPROACHED,1,0.156,0,IDLE,0.88,Deterministic kinematic fallback verification.
175,45.638,2026-09-24T14:07:34.998036Z,5.3,1,BOX_OPENED,APPROACHING COMPONENT BOX,NONE,Container open. Next step: Please extract the red box.,57.8,OPEN,-0.695,-0.271,1.2,-0.699,-1.185,2.104,106.3,146.5,-62.9,0,-0.603,-1.087,2.16,271.7,324.1,492.6,453.4,-0.603,-1.087,2.16,338.0,363.7,426.4,413.7,APPROACHED,1,0.148,0,IDLE,0.88,Deterministic kinematic fallback verification.
176,45.815,2026-09-24T14:07:35.175144Z,6.9,1,BOX_OPENED,APPROACHING COMPONENT BOX,NONE,Container open. Next step: Please extract the red box.,58.3,OPEN,-0.698,-0.281,1.2,-0.695,-1.186,2.104,95.6,144.5,-62.4,0,-0.603,-1.086,2.16,272.0,324.3,492.4,453.7,-0.603,-1.086,2.16,338.1,364.0,426.3,414.0,APPROACHED,1,0.147,0,IDLE,0.88,Deterministic kinematic fallback verification.
177,45.991,2026-09-24T14:07:35.350465Z,5.6,1,BOX_OPENED,APPROACHING COMPONENT BOX,NONE,Container open. Next step: Please extract the red box.,59.1,OPEN,-0.695,-0.279,1.2,-0.695,-1.191,2.102,97.9,146.4,-64.2,0,-0.603,-1.087,2.16,271.2,323.9,492.9,453.7,-0.603,-1.087,2.16,337.7,363.8,426.4,413.8,APPROACHED,1,0.151,0,IDLE,0.88,Deterministic kinematic fallback verification.
178,46.152,2026-09-24T14:07:35.511970Z,5.7,1,BOX_OPENED,APPROACHING COMPONENT BOX,NONE,Container open. Next step: Please extract the red box.,59.6,OPEN,-0.683,-0.27,1.2,-0.687,-1.184,2.106,103.5,148.4,-66.2,0,-0.601,-1.086,2.16,273.6,324.0,494.0,454.1,-0.601,-1.086,2.16,339.7,364.1,427.9,414.1,APPROACHED,1,0.141,0,IDLE,0.88,Deterministic kinematic fallback verification.
179,46.333,2026-09-24T14:07:35.692498Z,6.1,1,BOX_OPENED,APPROACHING COMPONENT BOX,NONE,Container open. Next step: Please extract the red box.,60.2,OPEN,-0.679,-0.267,1.2,-0.676,-1.176,2.11,106.5,149.2,-67.8,0,-0.6,-1.086,2.16,275.1,324.1,494.1,453.8,-0.6,-1.086,2.16,340.8,364.0,428.4,414.0,APPROACHED,1,0.128,0,IDLE,0.88,Deterministic kinematic fallback verification.
180,47.235,2026-09-24T14:07:36.595005Z,5.6,1,BOX_OPENED,APPROACHING COMPONENT BOX,NONE,Container open. Next step: Please extract the red box.,61.2,OPEN,-0.676,-0.256,1.2,-0.672,-1.17,2.113,111.7,151.2,-68.6,0,-0.599,-1.086,2.16,276.0,324.5,495.0,453.7,-0.599,-1.086,2.16,341.7,364.1,429.3,414.1,APPROACHED,1,0.121,0,IDLE,0.88,Deterministic kinematic fallback verification.
181,47.457,2026-09-24T14:07:36.816914Z,1.1,1,BOX_OPENED,APPROACHING COMPONENT BOX,NONE,Container open. Next step: Please extract the red box.,62.2,OPEN,-0.678,-0.258,1.2,-0.677,-1.173,2.111,111.7,150.9,-68.9,0,-0.6,-1.086,2.16,275.3,324.4,494.8,453.7,-0.6,-1.086,2.16,341.2,364.0,429.0,414.0,APPROACHED,1,0.126,0,IDLE,0.88,Deterministic kinematic fallback verification.
182,47.607,2026-09-24T14:07:36.967125Z,5.4,1,BOX_OPENED,APPROACHING COMPONENT BOX,NONE,Container open. Next step: Please extract the red box.,63.7,OPEN,-0.675,-0.261,1.2,-0.676,-1.175,2.11,109.6,150.3,-69.8,0,-0.599,-1.086,2.161,275.8,325.8,495.4,454.0,-0.599,-1.086,2.161,341.7,364.9,429.5,414.9,APPROACHED,1,0.128,0,IDLE,0.88,Deterministic kinematic fallback verification.
183,47.757,2026-09-24T14:07:37.117333Z,6.8,1,BOX_OPENED,APPROACHING COMPONENT BOX,NONE,Container open. Next step: Please extract the red box.,64.5,OPEN,-0.675,-0.261,1.2,-0.673,-1.176,2.108,107.8,149.7,-69.0,0,-0.599,-1.085,2.161,276.0,326.3,495.4,453.9,-0.599,-1.085,2.161,341.8,365.1,429.6,415.1,APPROACHED,1,0.129,0,IDLE,0.88,Deterministic kinematic fallback verification.
184,47.896,2026-09-24T14:07:37.256045Z,6.6,1,BOX_OPENED,APPROACHING COMPONENT BOX,NONE,Container open. Next step: Please extract the red box.,64.9,OPEN,-0.682,-0.264,1.2,-0.678,-1.178,2.108,108.3,148.8,-67.5,0,-0.599,-1.086,2.161,276.1,326.0,495.7,453.9,-0.599,-1.086,2.161,342.0,364.9,429.8,414.9,APPROACHED,1,0.132,0,IDLE,0.88,Deterministic kinematic fallback verification.
185,48.098,2026-09-24T14:07:37.457839Z,7.2,1,BOX_OPENED,APPROACHING COMPONENT BOX,NONE,Container open. Next step: Please extract the red box.,65.1,OPEN,-0.682,-0.263,1.2,-0.684,-1.179,2.107,108.8,147.8,-67.0,0,-0.6,-1.086,2.161,275.4,325.8,495.2,453.8,-0.6,-1.086,2.161,341.3,364.8,429.3,414.8,APPROACHED,1,0.137,0,IDLE,0.88,Deterministic kinematic fallback verification.
186,48.256,2026-09-24T14:07:37.615736Z,5.0,1,BOX_OPENED,APPROACHING COMPONENT BOX,NONE,Container open. Next step: Please extract the red box.,64.8,OPEN,-0.682,-0.263,1.2,-0.686,-1.178,2.108,110.2,149.1,-67.5,0,-0.599,-1.086,2.161,275.9,325.0,495.4,454.1,-0.599,-1.086,2.161,341.7,364.5,429.5,414.5,APPROACHED,1,0.137,0,IDLE,0.88,Deterministic kinematic fallback verification.
187,48.405,2026-09-24T14:07:37.764601Z,6.4,1,BOX_OPENED,APPROACHING COMPONENT BOX,NONE,Container open. Next step: Please extract the red box.,64.2,OPEN,-0.681,-0.263,1.2,-0.683,-1.178,2.108,113.1,150.6,-68.5,0,-0.6,-1.086,2.161,275.2,324.6,494.7,453.9,-0.6,-1.086,2.161,341.0,364.3,428.9,414.3,APPROACHED,1,0.134,0,IDLE,0.88,Deterministic kinematic fallback verification.
188,48.553,2026-09-24T14:07:37.912501Z,6.7,1,BOX_OPENED,APPROACHING COMPONENT BOX,NONE,Container open. Next step: Please extract the red box.,63.8,OPEN,-0.682,-0.262,1.2,-0.682,-1.177,2.108,114.2,150.3,-68.3,0,-0.6,-1.086,2.161,275.1,324.6,494.6,454.4,-0.6,-1.086,2.161,340.9,364.5,428.7,414.5,APPROACHED,1,0.134,0,IDLE,0.88,Deterministic kinematic fallback verification.
189,48.701,2026-09-24T14:07:38.061106Z,6.7,1,BOX_OPENED,APPROACHING COMPONENT BOX,NONE,Container open. Next step: Please extract the red box.,63.3,OPEN,-0.685,-0.265,1.2,-0.684,-1.178,2.107,116.7,151.7,-68.6,0,-0.6,-1.086,2.161,274.9,324.5,494.6,454.4,-0.6,-1.086,2.161,340.8,364.5,428.7,414.5,APPROACHED,1,0.135,0,IDLE,0.88,Deterministic kinematic fallback verification.
190,48.859,2026-09-24T14:07:38.218678Z,6.7,1,BOX_OPENED,APPROACHING COMPONENT BOX,NONE,Container open. Next step: Please extract the red box.,63.0,OPEN,-0.688,-0.267,1.2,-0.687,-1.181,2.106,114.6,150.5,-67.6,0,-0.6,-1.086,2.161,274.5,324.6,494.9,454.3,-0.6,-1.086,2.161,340.6,364.4,428.8,414.4,APPROACHED,1,0.14,0,IDLE,0.88,Deterministic kinematic fallback verification.
191,49.009,2026-09-24T14:07:38.369290Z,6.4,1,BOX_OPENED,APPROACHING COMPONENT BOX,NONE,Container open. Next step: Please extract the red box.,63.0,OPEN,-0.689,-0.267,1.2,-0.688,-1.181,2.106,114.8,150.5,-67.2,0,-0.601,-1.086,2.161,274.1,325.0,494.8,453.9,-0.601,-1.086,2.161,340.3,364.5,428.6,414.5,APPROACHED,1,0.141,0,IDLE,0.88,Deterministic kinematic fallback verification.
192,49.164,2026-09-24T14:07:38.523449Z,6.5,1,BOX_OPENED,APPROACHING COMPONENT BOX,NONE,Container open. Next step: Please extract the red box.,62.9,OPEN,-0.69,-0.266,1.2,-0.689,-1.181,2.106,114.8,149.7,-67.1,0,-0.6,-1.086,2.161,274.8,325.2,494.4,454.3,-0.6,-1.086,2.161,340.7,364.7,428.5,414.7,APPROACHED,1,0.141,0,IDLE,0.88,Deterministic kinematic fallback verification.
193,49.315,2026-09-24T14:07:38.675210Z,6.7,1,BOX_OPENED,APPROACHING COMPONENT BOX,NONE,Container open. Next step: Please extract the red box.,63.0,OPEN,-0.69,-0.262,1.2,-0.689,-1.179,2.107,115.5,148.1,-67.3,0,-0.6,-1.086,2.161,275.0,325.5,494.1,454.3,-0.6,-1.086,2.161,340.7,364.9,428.4,414.9,APPROACHED,1,0.14,0,IDLE,0.88,Deterministic kinematic fallback verification.
194,49.495,2026-09-24T14:07:38.855187Z,6.6,1,BOX_OPENED,APPROACHING COMPONENT BOX,NONE,Container open. Next step: Please extract the red box.,63.0,OPEN,-0.688,-0.26,1.2,-0.689,-1.177,2.108,112.6,146.3,-66.6,0,-0.6,-1.086,2.161,275.7,325.7,494.6,454.2,-0.6,-1.086,2.161,341.4,365.0,428.9,415.0,APPROACHED,1,0.138,0,IDLE,0.88,Deterministic kinematic fallback verification.
195,50.285,2026-09-24T14:07:39.645292Z,5.5,1,BOX_OPENED,APPROACHING COMPONENT BOX,NONE,Container open. Next step: Please extract the red box.,62.9,OPEN,-0.687,-0.261,1.2,-0.688,-1.177,2.108,110.8,146.0,-66.5,0,-0.599,-1.085,2.161,276.0,325.8,495.1,454.7,-0.599,-1.085,2.161,341.7,365.2,429.3,415.2,APPROACHED,1,0.138,0,IDLE,0.88,Deterministic kinematic fallback verification.
196,50.506,2026-09-24T14:07:39.866138Z,1.2,1,BOX_OPENED,APPROACHING COMPONENT BOX,NONE,Container open. Next step: Please extract the red box.,62.8,OPEN,-0.685,-0.262,1.2,-0.687,-1.177,2.108,112.1,148.1,-67.8,0,-0.599,-1.085,2.161,276.1,325.7,495.3,454.7,-0.599,-1.085,2.161,341.8,365.2,429.5,415.2,APPROACHED,1,0.137,0,IDLE,0.88,Deterministic kinematic fallback verification.
197,50.669,2026-09-24T14:07:40.029072Z,5.3,1,BOX_OPENED,APPROACHING COMPONENT BOX,NONE,Container open. Next step: Please extract the red box.,62.8,OPEN,-0.685,-0.263,1.2,-0.686,-1.177,2.108,111.1,148.9,-67.7,0,-0.599,-1.085,2.161,276.2,325.5,496.1,454.7,-0.599,-1.085,2.161,342.2,365.1,430.2,415.1,APPROACHED,1,0.137,0,IDLE,0.88,Deterministic kinematic fallback verification.
198,50.831,2026-09-24T14:07:40.191117Z,6.4,1,BOX_OPENED,APPROACHING COMPONENT BOX,NONE,Container open. Next step: Please extract the red box.,62.9,OPEN,-0.685,-0.262,1.2,-0.685,-1.177,2.108,109.3,148.6,-67.0,0,-0.599,-1.086,2.161,276.3,325.0,495.7,454.6,-0.599,-1.086,2.161,342.1,364.8,429.9,414.8,APPROACHED,1,0.136,0,IDLE,0.88,Deterministic kinematic fallback verification.
199,51.021,2026-09-24T14:07:40.380818Z,6.2,1,BOX_OPENED,APPROACHING COMPONENT BOX,NONE,Container open. Next step: Please extract the red box.,62.9,OPEN,-0.687,-0.265,1.2,-0.686,-1.178,2.107,109.9,147.9,-66.9,0,-0.598,-1.086,2.16,276.4,323.8,496.5,454.3,-0.598,-1.086,2.16,342.5,364.1,430.5,414.1,APPROACHED,1,0.138,0,IDLE,0.88,Deterministic kinematic fallback verification.
200,51.181,2026-09-24T14:07:40.541397Z,5.3,1,BOX_OPENED,APPROACHING COMPONENT BOX,NONE,Container open. Next step: Please extract the red box.,62.7,OPEN,-0.687,-0.269,1.2,-0.687,-1.181,2.106,109.0,148.2,-67.1,0,-0.598,-1.087,2.16,276.6,323.2,497.1,454.0,-0.598,-1.087,2.16,342.8,363.6,430.9,413.6,APPROACHED,1,0.14,0,IDLE,0.88,Deterministic kinematic fallback verification.
201,51.365,2026-09-24T14:07:40.724802Z,6.2,1,BOX_OPENED,APPROACHING COMPONENT BOX,NONE,Container open. Next step: Please extract the red box.,62.1,OPEN,-0.689,-0.275,1.2,-0.688,-1.185,2.104,107.6,147.9,-66.9,0,-0.599,-1.087,2.16,276.7,322.9,496.2,453.9,-0.599,-1.087,2.16,342.5,363.4,430.4,413.4,APPROACHED,1,0.144,0,IDLE,0.88,Deterministic kinematic fallback verification.
202,51.52,2026-09-24T14:07:40.880230Z,5.5,1,BOX_OPENED,APPROACHING COMPONENT BOX,NONE,Container open. Next step: Please extract the red box.,61.6,OPEN,-0.69,-0.277,1.2,-0.689,-1.187,2.102,102.5,145.9,-65.2,0,-0.599,-1.087,2.16,276.6,323.0,496.3,454.1,-0.599,-1.087,2.16,342.5,363.5,430.4,413.5,APPROACHED,1,0.147,0,IDLE,0.88,Deterministic kinematic fallback verification.
203,51.697,2026-09-24T14:07:41.056487Z,6.4,1,BOX_OPENED,APPROACHING COMPONENT BOX,NONE,Container open. Next step: Please extract the red box.,61.5,OPEN,-0.69,-0.281,1.2,-0.689,-1.191,2.1,96.3,143.5,-63.4,0,-0.6,-1.087,2.16,275.4,322.7,495.3,454.6,-0.6,-1.087,2.16,341.3,363.6,429.3,413.6,APPROACHED,1,0.15,0,IDLE,0.88,Deterministic kinematic fallback verification.
204,51.841,2026-09-24T14:07:41.200799Z,5.6,1,BOX_OPENED,APPROACHING COMPONENT BOX,NONE,Container open. Next step: Please extract the red box.,61.5,OPEN,-0.69,-0.286,1.2,-0.69,-1.194,2.098,90.8,142.3,-62.5,0,-0.6,-1.086,2.16,275.4,323.4,495.4,454.6,-0.6,-1.086,2.16,341.4,364.0,429.4,414.0,APPROACHED,1,0.153,0,IDLE,0.88,Deterministic kinematic fallback verification.
205,52.014,2026-09-24T14:07:41.373633Z,7.0,1,BOX_OPENED,APPROACHING COMPONENT BOX,NONE,Container open. Next step: Please extract the red box.,60.9,OPEN,-0.689,-0.289,1.2,-0.689,-1.197,2.097,83.8,141.2,-61.2,0,-0.6,-1.087,2.16,275.3,322.2,494.8,454.2,-0.6,-1.087,2.16,341.1,363.2,428.9,413.2,APPROACHED,1,0.155,0,IDLE,0.88,Deterministic kinematic fallback verification.
206,52.17,2026-09-24T14:07:41.529998Z,5.8,1,BOX_OPENED,APPROACHING COMPONENT BOX,NONE,Container open. Next step: Please extract the red box.,60.3,OPEN,-0.685,-0.294,1.2,-0.687,-1.201,2.094,78.4,141.5,-60.3,0,-0.601,-1.088,2.16,273.9,320.7,494.3,454.2,-0.601,-1.088,2.16,340.0,362.5,428.2,412.5,APPROACHED,1,0.157,0,IDLE,0.88,Deterministic kinematic fallback verification.
207,52.315,2026-09-24T14:07:41.674884Z,6.4,1,BOX_OPENED,APPROACHING COMPONENT BOX,NONE,Container open. Next step: Please extract the red box.,59.9,OPEN,-0.686,-0.297,1.2,-0.687,-1.204,2.092,77.2,140.9,-62.2,0,-0.603,-1.088,2.16,272.3,320.9,492.9,453.8,-0.603,-1.088,2.16,338.4,362.4,426.7,412.4,APPROACHED,1,0.159,0,IDLE,0.88,Deterministic kinematic fallback verification.
208,52.516,2026-09-24T14:07:41.875600Z,6.9,1,BOX_OPENED,HOLDING COMPONENT BOX,NONE,Container open. Next step: Please extract the red box.,59.5,OPEN,-0.689,-0.305,1.2,-0.69,-1.209,2.09,69.4,140.2,-61.3,0,-0.604,-1.088,2.159,270.3,320.5,492.4,453.3,-0.459,-1.225,2.023,468.0,158.0,534.0,229.0,RELEASED,0,0.241,0,IDLE,0.88,Deterministic kinematic fallback verification.
209,52.726,2026-09-24T14:07:42.086044Z,4.9,1,BOX_OPENED,HOLDING COMPONENT BOX,NONE,Container open. Next step: Please extract the red box.,59.9,OPEN,-0.694,-0.309,1.2,-0.692,-1.213,2.087,61.1,139.1,-60.0,0,-0.605,-1.088,2.16,269.8,321.0,491.6,453.6,-0.461,-1.225,2.023,466.0,158.0,532.0,229.0,RELEASED,0,0.24,0,IDLE,0.88,Deterministic kinematic fallback verification.
210,53.721,2026-09-24T14:07:43.080796Z,4.7,1,BOX_OPENED,HOLDING COMPONENT BOX,NONE,Container open. Next step: Please extract the red box.,60.7,OPEN,-0.701,-0.316,1.2,-0.697,-1.219,2.084,56.7,138.5,-57.9,0,-0.604,-1.088,2.16,270.1,321.1,492.2,453.6,-0.46,-1.225,2.023,468.0,158.0,532.0,229.0,RELEASED,0,0.245,0,IDLE,0.88,Deterministic kinematic fallback verification.
211,53.978,2026-09-24T14:07:43.337756Z,1.0,1,BOX_OPENED,PICKING COMPONENT BOX,NONE,Container open. Next step: Please extract the red box.,60.8,OPEN,-0.707,-0.317,1.2,-0.702,-1.222,2.082,57.0,136.6,-57.5,0,-0.605,-1.087,2.16,269.6,323.1,491.6,453.6,-0.718,-1.234,2.018,212.0,146.0,272.0,221.0,EXTRACTED,0,0.067,0,IDLE,0.88,Deterministic kinematic fallback verification.
212,54.161,2026-09-24T14:07:43.520877Z,4.7,1,BOX_OPENED,PICKING COMPONENT BOX,NONE,Container open. Next step: Please extract the red box.,60.2,OPEN,-0.712,-0.317,1.2,-0.707,-1.223,2.081,61.4,136.3,-59.0,0,-0.604,-1.087,2.16,270.0,323.7,492.0,453.9,-0.717,-1.234,2.018,212.0,146.0,274.0,221.0,EXTRACTED,0,0.065,0,IDLE,0.88,Deterministic kinematic fallback verification.
213,54.361,2026-09-24T14:07:43.721118Z,5.5,1,BOX_OPENED,RETURNING COMPONENT BOX INTO BOX,NONE,Container open. Next step: Please extract the red box.,59.3,OPEN,-0.717,-0.301,1.2,-0.712,-1.217,2.085,99.5,136.4,-56.6,0,-0.604,-1.087,2.16,270.3,322.5,491.9,453.6,-0.604,-1.087,2.16,336.8,363.0,425.4,413.0,DOCKED,1,0.185,0,IDLE,0.88,Deterministic kinematic fallback verification.
214,54.508,2026-09-24T14:07:43.867459Z,5.0,1,BOX_OPENED,RETURNING COMPONENT BOX INTO BOX,NONE,Container open. Next step: Please extract the red box.,59.0,OPEN,-0.7,-0.265,1.2,-0.706,-1.19,2.101,117.4,143.3,-62.6,0,-0.604,-1.087,2.16,270.3,323.2,491.3,453.5,-0.604,-1.087,2.16,336.6,363.4,425.0,413.4,DOCKED,1,0.156,0,IDLE,0.88,Deterministic kinematic fallback verification.
215,54.659,2026-09-24T14:07:44.018845Z,6.7,1,BOX_OPENED,RETURNING COMPONENT BOX INTO BOX,NONE,Container open. Next step: Please extract the red box.,59.3,OPEN,-0.7,-0.278,1.2,-0.693,-1.177,2.109,108.1,145.0,-63.7,0,-0.605,-1.088,2.16,269.5,321.0,491.4,453.5,-0.605,-1.088,2.16,336.1,362.2,424.9,412.2,DOCKED,1,0.135,0,IDLE,0.88,Deterministic kinematic fallback verification.
216,54.816,2026-09-24T14:07:44.175846Z,6.7,1,BOX_OPENED,RETURNING COMPONENT BOX INTO BOX,NONE,Container open. Next step: Please extract the red box.,60.1,OPEN,-0.696,-0.283,1.2,-0.692,-1.191,2.101,106.8,145.4,-65.1,0,-0.604,-1.088,2.16,271.4,321.9,491.3,453.7,-0.604,-1.088,2.16,337.4,362.8,425.3,412.8,DOCKED,1,0.148,0,IDLE,0.88,Deterministic kinematic fallback verification.
217,55.012,2026-09-24T14:07:44.371607Z,6.4,2,OBJECT_EXTRACTED,RETURNING COMPONENT BOX INTO BOX,NONE,Red box extracted. Next step: Please extract the yellow box.,60.7,OPEN,-0.689,-0.282,1.2,-0.685,-1.194,2.099,99.2,142.3,-62.5,0,-0.604,-1.087,2.16,271.5,322.2,491.6,453.6,-0.604,-1.087,2.16,337.5,362.9,425.6,412.9,DOCKED,1,0.148,0,IDLE,0.88,Deterministic kinematic fallback verification.
218,55.164,2026-09-24T14:07:44.523945Z,5.1,2,OBJECT_EXTRACTED,RETURNING COMPONENT BOX INTO BOX,NONE,Red box extracted. Next step: Please extract the yellow box.,61.3,OPEN,-0.69,-0.284,1.2,-0.681,-1.195,2.098,93.4,143.4,-62.3,0,-0.604,-1.087,2.16,271.2,322.1,491.8,453.8,-0.604,-1.087,2.16,337.4,363.0,425.6,413.0,DOCKED,1,0.146,0,IDLE,0.88,Deterministic kinematic fallback verification.
219,55.376,2026-09-24T14:07:44.736314Z,6.6,2,OBJECT_EXTRACTED,RETURNING COMPONENT BOX INTO BOX,NONE,Red box extracted. Next step: Please extract the yellow box.,61.9,OPEN,-0.696,-0.29,1.2,-0.689,-1.199,2.096,84.8,141.8,-61.5,0,-0.604,-1.087,2.16,271.3,323.4,491.2,454.0,-0.604,-1.087,2.16,337.2,363.7,425.2,413.7,DOCKED,1,0.155,0,IDLE,0.88,Deterministic kinematic fallback verification.
220,55.541,2026-09-24T14:07:44.900671Z,4.7,2,OBJECT_EXTRACTED,RETURNING COMPONENT BOX INTO BOX,NONE,Red box extracted. Next step: Please extract the yellow box.,62.4,OPEN,-0.694,-0.289,1.2,-0.692,-1.2,2.095,86.8,142.2,-60.5,0,-0.604,-1.087,2.16,270.9,322.8,491.5,453.9,-0.604,-1.087,2.16,337.1,363.4,425.4,413.4,DOCKED,1,0.157,0,IDLE,0.88,Deterministic kinematic fallback verification.
221,55.733,2026-09-24T14:07:45.093043Z,6.0,2,OBJECT_EXTRACTED,RETURNING COMPONENT BOX INTO BOX,NONE,Red box extracted. Next step: Please extract the yellow box.,62.4,OPEN,-0.686,-0.3,1.2,-0.685,-1.203,2.093,70.7,140.9,-60.1,0,-0.604,-1.088,2.16,270.5,321.6,491.1,454.0,-0.604,-1.088,2.16,336.7,362.8,424.9,412.8,DOCKED,1,0.156,0,IDLE,0.88,Deterministic kinematic fallback verification.
222,55.906,2026-09-24T14:07:45.265585Z,5.3,2,OBJECT_EXTRACTED,PICKING COMPONENT BOX,NONE,Red box extracted. Next step: Please extract the yellow box.,62.1,OPEN,-0.692,-0.304,1.2,-0.682,-1.21,2.089,68.7,141.6,-59.1,0,-0.605,-1.088,2.16,269.7,321.5,491.4,453.9,-0.719,-1.232,2.019,212.0,146.0,270.0,226.0,EXTRACTED,0,0.082,0,IDLE,0.88,Deterministic kinematic fallback verification.
223,56.073,2026-09-24T14:07:45.432920Z,5.7,2,OBJECT_EXTRACTED,PICKING COMPONENT BOX,NONE,Red box extracted. Next step: Please extract the yellow box.,61.6,OPEN,-0.691,-0.305,1.2,-0.689,-1.212,2.088,62.5,140.5,-60.2,0,-0.604,-1.088,2.16,270.3,321.5,492.0,453.6,-0.718,-1.232,2.019,212.0,146.0,272.0,226.0,EXTRACTED,0,0.077,0,IDLE,0.88,Deterministic kinematic fallback verification.
224,56.226,2026-09-24T14:07:45.586400Z,6.0,2,OBJECT_EXTRACTED,PICKING COMPONENT BOX,NONE,Red box extracted. Next step: Please extract the yellow box.,60.9,OPEN,-0.689,-0.309,1.2,-0.688,-1.213,2.087,58.1,142.1,-60.5,0,-0.604,-1.088,2.16,270.4,321.1,492.0,453.8,-0.718,-1.232,2.019,212.0,146.0,272.0,226.0,EXTRACTED,0,0.076,0,IDLE,0.88,Deterministic kinematic fallback verification.
225,57.003,2026-09-24T14:07:46.362593Z,6.6,2,OBJECT_EXTRACTED,PICKING COMPONENT BOX,NONE,Red box extracted. Next step: Please extract the yellow box.,60.0,OPEN,-0.69,-0.311,1.2,-0.689,-1.216,2.085,58.0,143.7,-61.0,0,-0.605,-1.088,2.16,269.2,321.1,491.6,454.0,-0.718,-1.232,2.019,212.0,146.0,272.0,226.0,EXTRACTED,0,0.074,0,IDLE,0.88,Deterministic kinematic fallback verification.
226,57.261,2026-09-24T14:07:46.620544Z,1.2,2,OBJECT_EXTRACTED,PICKING COMPONENT BOX,NONE,Red box extracted. Next step: Please extract the yellow box.,59.5,OPEN,-0.689,-0.314,1.2,-0.689,-1.22,2.083,55.6,143.2,-60.0,0,-0.605,-1.088,2.16,268.7,320.9,491.5,454.1,-0.719,-1.232,2.019,212.0,146.0,270.0,226.0,EXTRACTED,0,0.072,0,IDLE,0.88,Deterministic kinematic fallback verification.
227,57.416,2026-09-24T14:07:46.775613Z,5.4,2,OBJECT_EXTRACTED,PICKING COMPONENT BOX,NONE,Red box extracted. Next step: Please extract the yellow box.,58.9,OPEN,-0.691,-0.318,1.2,-0.69,-1.223,2.082,50.7,144.0,-60.1,0,-0.605,-1.088,2.16,269.0,321.1,491.8,454.0,-0.719,-1.232,2.019,212.0,146.0,270.0,226.0,EXTRACTED,0,0.07,0,IDLE,0.88,Deterministic kinematic fallback verification.
228,57.625,2026-09-24T14:07:46.984595Z,6.5,2,OBJECT_EXTRACTED,HOLDING COMPONENT BOX,NONE,Red box extracted. Next step: Please extract the yellow box.,58.4,OPEN,-0.691,-0.322,1.2,-0.692,-1.228,2.079,45.8,143.7,-60.0,0,-0.605,-1.088,2.16,268.8,321.2,491.5,454.1,-0.462,-1.226,2.022,464.0,158.0,532.0,226.0,RELEASED,0,0.237,0,IDLE,0.88,Deterministic kinematic fallback verification.
229,57.773,2026-09-24T14:07:47.133235Z,4.8,2,OBJECT_EXTRACTED,HOLDING COMPONENT BOX,NONE,Red box extracted. Next step: Please extract the yellow box.,58.1,OPEN,-0.693,-0.325,1.2,-0.693,-1.23,2.078,43.6,145.2,-60.8,0,-0.605,-1.087,2.16,269.1,322.0,491.2,454.1,-0.462,-1.226,2.022,464.0,158.0,532.0,226.0,RELEASED,0,0.237,0,IDLE,0.88,Deterministic kinematic fallback verification.
230,57.932,2026-09-24T14:07:47.291666Z,6.6,2,OBJECT_EXTRACTED,HOLDING COMPONENT BOX,NONE,Red box extracted. Next step: Please extract the yellow box.,58.1,OPEN,-0.693,-0.328,1.2,-0.693,-1.232,2.076,44.7,146.3,-62.1,0,-0.604,-1.087,2.16,270.1,321.8,491.5,454.0,-0.463,-1.226,2.022,464.0,158.0,530.0,226.0,RELEASED,0,0.236,0,IDLE,0.88,Deterministic kinematic fallback verification.
231,58.208,2026-09-24T14:07:47.567826Z,6.4,2,OBJECT_EXTRACTED,HOLDING COMPONENT BOX,NONE,Red box extracted. Next step: Please extract the yellow box.,58.3,OPEN,-0.691,-0.33,1.2,-0.692,-1.234,2.075,46.5,144.2,-61.6,0,-0.604,-1.087,2.16,270.3,322.6,492.3,454.1,-0.463,-1.226,2.022,464.0,158.0,530.0,226.0,RELEASED,0,0.235,0,IDLE,0.88,Deterministic kinematic fallback verification.
232,58.398,2026-09-24T14:07:47.757838Z,3.6,2,OBJECT_EXTRACTED,HOLDING COMPONENT BOX,NONE,Red box extracted. Next step: Please extract the yellow box.,58.7,OPEN,-0.69,-0.33,1.2,-0.691,-1.235,2.075,46.0,144.6,-61.9,0,-0.603,-1.087,2.16,271.0,323.1,493.2,453.9,-0.463,-1.226,2.022,464.0,158.0,530.0,228.0,RELEASED,0,0.234,0,IDLE,0.88,Deterministic kinematic fallback verification.
233,58.587,2026-09-24T14:07:47.946475Z,5.3,2,OBJECT_EXTRACTED,HOLDING COMPONENT BOX,NONE,Red box extracted. Next step: Please extract the yellow box.,59.0,OPEN,-0.688,-0.334,1.2,-0.689,-1.237,2.073,38.9,145.7,-61.8,0,-0.602,-1.087,2.16,271.6,322.4,494.0,453.8,-0.461,-1.226,2.022,466.0,158.0,532.0,228.0,RELEASED,0,0.234,0,IDLE,0.88,Deterministic kinematic fallback verification.
234,58.762,2026-09-24T14:07:48.121561Z,5.3,2,OBJECT_EXTRACTED,HOLDING COMPONENT BOX,NONE,Red box extracted. Next step: Please extract the yellow box.,59.2,OPEN,-0.685,-0.337,1.2,-0.687,-1.24,2.072,38.2,146.0,-62.8,0,-0.601,-1.087,2.16,273.4,322.7,495.4,454.1,-0.461,-1.226,2.022,466.0,158.0,532.0,228.0,RELEASED,0,0.232,0,IDLE,0.88,Deterministic kinematic fallback verification.
235,58.93,2026-09-24T14:07:48.289636Z,5.7,2,OBJECT_EXTRACTED,HOLDING COMPONENT BOX,NONE,Red box extracted. Next step: Please extract the yellow box.,59.5,OPEN,-0.682,-0.338,1.2,-0.685,-1.241,2.071,36.7,145.5,-62.8,0,-0.6,-1.087,2.16,274.1,322.6,496.6,454.1,-0.46,-1.226,2.022,468.0,158.0,532.0,228.0,RELEASED,0,0.23,0,IDLE,0.88,Deterministic kinematic fallback verification.
236,59.162,2026-09-24T14:07:48.521744Z,6.0,2,OBJECT_EXTRACTED,HOLDING COMPONENT BOX,NONE,Red box extracted. Next step: Please extract the yellow box.,59.6,OPEN,-0.682,-0.336,1.2,-0.683,-1.241,2.071,38.9,145.1,-63.2,0,-0.599,-1.087,2.16,275.2,322.8,497.1,454.0,-0.46,-1.226,2.022,468.0,158.0,532.0,228.0,RELEASED,0,0.229,0,IDLE,0.88,Deterministic kinematic fallback verification.
237,59.353,2026-09-24T14:07:48.712887Z,4.3,2,OBJECT_EXTRACTED,HOLDING COMPONENT BOX,NONE,Red box extracted. Next step: Please extract the yellow box.,59.7,OPEN,-0.681,-0.335,1.2,-0.682,-1.241,2.071,39.1,145.3,-63.5,0,-0.598,-1.087,2.16,275.6,322.8,497.4,454.3,-0.46,-1.225,2.023,468.0,160.0,532.0,228.0,RELEASED,0,0.228,0,IDLE,0.88,Deterministic kinematic fallback verification.
238,59.666,2026-09-24T14:07:49.025516Z,5.2,2,OBJECT_EXTRACTED,HOLDING COMPONENT BOX,NONE,Red box extracted. Next step: Please extract the yellow box.,60.1,OPEN,-0.681,-0.336,1.2,-0.681,-1.241,2.071,39.0,144.2,-63.3,0,-0.596,-1.087,2.16,276.8,323.4,500.0,454.1,-0.459,-1.226,2.022,470.0,158.0,532.0,228.0,RELEASED,0,0.228,0,IDLE,0.88,Deterministic kinematic fallback verification.
239,60.425,2026-09-24T14:07:49.785153Z,3.2,2,OBJECT_EXTRACTED,HOLDING COMPONENT BOX,NONE,Red box extracted. Next step: Please extract the yellow box.,60.7,OPEN,-0.681,-0.336,1.2,-0.681,-1.241,2.071,39.2,143.3,-62.7,0,-0.595,-1.087,2.16,278.3,323.9,500.8,453.8,-0.458,-1.226,2.022,472.0,158.0,532.0,228.0,RELEASED,0,0.229,0,IDLE,0.88,Deterministic kinematic fallback verification.
240,61.372,2026-09-24T14:07:50.731877Z,1.3,2,OBJECT_EXTRACTED,HOLDING COMPONENT BOX,NONE,Red box extracted. Next step: Please extract the yellow box.,61.1,OPEN,-0.68,-0.337,1.2,-0.681,-1.241,2.071,38.8,143.4,-62.9,0,-0.595,-1.087,2.16,278.3,323.6,500.4,453.9,-0.457,-1.226,2.022,472.0,158.0,534.0,228.0,RELEASED,0,0.23,0,IDLE,0.88,Deterministic kinematic fallback verification.
241,61.783,2026-09-24T14:07:51.142804Z,1.0,2,OBJECT_EXTRACTED,HOLDING COMPONENT BOX,NONE,Red box extracted. Next step: Please extract the yellow box.,61.2,OPEN,-0.68,-0.336,1.2,-0.68,-1.241,2.071,39.2,143.2,-62.6,0,-0.595,-1.087,2.16,278.3,323.3,500.5,453.9,-0.457,-1.226,2.022,472.0,158.0,534.0,228.0,RELEASED,0,0.229,0,IDLE,0.88,Deterministic kinematic fallback verification.
242,62.253,2026-09-24T14:07:51.612610Z,2.4,2,OBJECT_EXTRACTED,HOLDING COMPONENT BOX,NONE,Red box extracted. Next step: Please extract the yellow box.,61.1,OPEN,-0.681,-0.335,1.2,-0.681,-1.241,2.071,39.4,143.3,-62.5,0,-0.596,-1.087,2.16,278.2,323.1,500.4,454.1,-0.457,-1.226,2.022,472.0,158.0,534.0,228.0,RELEASED,0,0.229,0,IDLE,0.88,Deterministic kinematic fallback verification.
243,62.607,2026-09-24T14:07:51.966939Z,2.4,2,OBJECT_EXTRACTED,HOLDING COMPONENT BOX,NONE,Red box extracted. Next step: Please extract the yellow box.,61.0,OPEN,-0.681,-0.334,1.2,-0.681,-1.24,2.072,40.1,143.5,-62.6,0,-0.595,-1.087,2.16,278.3,323.0,500.7,454.1,-0.457,-1.226,2.022,472.0,158.0,534.0,228.0,RELEASED,0,0.23,0,IDLE,0.88,Deterministic kinematic fallback verification.
244,62.769,2026-09-24T14:07:52.129059Z,2.8,2,OBJECT_EXTRACTED,HOLDING COMPONENT BOX,NONE,Red box extracted. Next step: Please extract the yellow box.,61.0,OPEN,-0.682,-0.333,1.2,-0.681,-1.239,2.072,40.6,143.6,-62.2,0,-0.596,-1.087,2.16,278.1,323.1,500.4,454.3,-0.457,-1.226,2.022,472.0,158.0,534.0,228.0,RELEASED,0,0.23,0,IDLE,0.88,Deterministic kinematic fallback verification.
245,62.924,2026-09-24T14:07:52.283927Z,6.2,2,OBJECT_EXTRACTED,HOLDING COMPONENT BOX,NONE,Red box extracted. Next step: Please extract the yellow box.,61.1,OPEN,-0.682,-0.333,1.2,-0.682,-1.239,2.072,40.1,144.1,-62.4,0,-0.596,-1.087,2.16,277.5,323.0,499.6,454.4,-0.458,-1.226,2.022,472.0,158.0,532.0,228.0,RELEASED,0,0.23,0,IDLE,0.88,Deterministic kinematic fallback verification.
246,63.107,2026-09-24T14:07:52.467102Z,6.5,2,OBJECT_EXTRACTED,HOLDING COMPONENT BOX,NONE,Red box extracted. Next step: Please extract the yellow box.,60.5,OPEN,-0.681,-0.335,1.2,-0.681,-1.24,2.072,39.3,144.4,-62.7,0,-0.597,-1.088,2.16,276.4,321.4,498.6,454.2,-0.459,-1.226,2.022,470.0,158.0,532.0,226.0,RELEASED,0,0.228,0,IDLE,0.88,Deterministic kinematic fallback verification.
247,63.297,2026-09-24T14:07:52.656473Z,5.4,2,OBJECT_EXTRACTED,HOLDING COMPONENT BOX,NONE,Red box extracted. Next step: Please extract the yellow box.,59.7,OPEN,-0.679,-0.338,1.2,-0.68,-1.241,2.071,36.9,144.4,-62.9,0,-0.6,-1.088,2.16,274.6,321.1,496.1,454.0,-0.46,-1.227,2.021,470.0,156.0,530.0,226.0,RELEASED,0,0.226,0,IDLE,0.88,Deterministic kinematic fallback verification.
248,63.481,2026-09-24T14:07:52.840712Z,5.4,2,OBJECT_EXTRACTED,HOLDING COMPONENT BOX,NONE,Red box extracted. Next step: Please extract the yellow box.,59.2,OPEN,-0.68,-0.34,1.2,-0.68,-1.243,2.07,34.5,144.3,-63.0,0,-0.599,-1.087,2.16,274.9,321.7,497.6,454.4,-0.46,-1.227,2.021,470.0,156.0,530.0,226.0,RELEASED,0,0.226,0,IDLE,0.88,Deterministic kinematic fallback verification.
249,63.633,2026-09-24T14:07:52.992892Z,5.5,2,OBJECT_EXTRACTED,HOLDING COMPONENT BOX,NONE,Red box extracted. Next step: Please extract the yellow box.,59.0,OPEN,-0.679,-0.343,1.2,-0.68,-1.245,2.069,34.4,144.0,-63.2,0,-0.6,-1.087,2.16,274.3,321.9,496.4,454.7,-0.461,-1.227,2.021,470.0,156.0,529.0,226.0,RELEASED,0,0.225,0,IDLE,0.88,Deterministic kinematic fallback verification.
250,63.831,2026-09-24T14:07:53.191209Z,6.5,2,OBJECT_EXTRACTED,HOLDING COMPONENT BOX,NONE,Red box extracted. Next step: Please extract the yellow box.,59.0,OPEN,-0.678,-0.344,1.2,-0.679,-1.246,2.068,34.7,144.5,-63.1,0,-0.602,-1.087,2.16,272.7,321.7,493.6,454.3,-0.46,-1.227,2.021,470.0,156.0,530.0,226.0,RELEASED,0,0.225,0,IDLE,0.88,Deterministic kinematic fallback verification.
251,64.113,2026-09-24T14:07:53.472885Z,5.0,2,OBJECT_EXTRACTED,HOLDING COMPONENT BOX,NONE,Red box extracted. Next step: Please extract the yellow box.,58.9,OPEN,-0.68,-0.342,1.2,-0.679,-1.246,2.068,35.1,145.1,-63.2,0,-0.602,-1.087,2.16,272.0,321.5,493.6,454.2,-0.461,-1.227,2.021,468.0,156.0,530.0,226.0,RELEASED,0,0.224,0,IDLE,0.88,Deterministic kinematic fallback verification.
252,64.307,2026-09-24T14:07:53.666414Z,3.6,2,OBJECT_EXTRACTED,HOLDING COMPONENT BOX,NONE,Red box extracted. Next step: Please extract the yellow box.,58.8,OPEN,-0.682,-0.342,1.2,-0.68,-1.246,2.068,34.7,144.5,-62.9,0,-0.603,-1.088,2.16,271.8,321.3,493.3,454.4,-0.462,-1.227,2.021,468.0,156.0,528.0,226.0,RELEASED,0,0.224,0,IDLE,0.88,Deterministic kinematic fallback verification.
253,64.474,2026-09-24T14:07:53.833654Z,5.1,2,OBJECT_EXTRACTED,HOLDING COMPONENT BOX,NONE,Red box extracted. Next step: Please extract the yellow box.,58.9,OPEN,-0.68,-0.345,1.2,-0.68,-1.248,2.067,33.0,145.1,-63.2,0,-0.603,-1.088,2.16,272.0,321.1,492.9,454.0,-0.462,-1.227,2.021,468.0,156.0,528.0,226.0,RELEASED,0,0.224,0,IDLE,0.88,Deterministic kinematic fallback verification.
254,64.733,2026-09-24T14:07:54.092866Z,6.0,2,OBJECT_EXTRACTED,HOLDING COMPONENT BOX,NONE,Red box extracted. Next step: Please extract the yellow box.,59.1,OPEN,-0.682,-0.344,1.2,-0.679,-1.25,2.066,34.5,144.6,-63.2,0,-0.603,-1.088,2.16,271.5,321.0,493.3,453.9,-0.462,-1.227,2.021,468.0,156.0,528.0,226.0,RELEASED,0,0.223,0,IDLE,0.88,Deterministic kinematic fallback verification.
255,65.593,2026-09-24T14:07:54.952548Z,3.9,2,OBJECT_EXTRACTED,HOLDING COMPONENT BOX,NONE,Red box extracted. Next step: Please extract the yellow box.,59.5,OPEN,-0.685,-0.346,1.2,-0.682,-1.249,2.066,30.5,144.8,-63.1,0,-0.603,-1.088,2.16,271.1,320.7,493.5,453.7,-0.462,-1.226,2.022,468.0,156.0,528.0,228.0,RELEASED,0,0.226,0,IDLE,0.88,Deterministic kinematic fallback verification.
256,65.823,2026-09-24T14:07:55.182938Z,1.1,2,OBJECT_EXTRACTED,HOLDING COMPONENT BOX,NONE,Red box extracted. Next step: Please extract the yellow box.,59.8,OPEN,-0.689,-0.348,1.2,-0.686,-1.251,2.066,24.4,143.8,-63.2,0,-0.603,-1.088,2.16,271.5,321.1,493.4,453.6,-0.462,-1.228,2.021,468.0,156.0,528.0,224.0,RELEASED,0,0.229,0,IDLE,0.88,Deterministic kinematic fallback verification.
257,65.965,2026-09-24T14:07:55.324884Z,5.8,2,OBJECT_EXTRACTED,HOLDING COMPONENT BOX,NONE,Red box extracted. Next step: Please extract the yellow box.,60.1,OPEN,-0.696,-0.35,1.2,-0.691,-1.252,2.065,19.3,142.3,-61.7,0,-0.603,-1.088,2.16,271.9,320.4,493.1,454.0,-0.463,-1.229,2.02,468.0,154.0,527.0,224.0,RELEASED,0,0.234,0,IDLE,0.88,Deterministic kinematic fallback verification.
258,66.222,2026-09-24T14:07:55.582060Z,7.0,2,OBJECT_EXTRACTED,HOLDING COMPONENT BOX,NONE,Red box extracted. Next step: Please extract the yellow box.,59.9,OPEN,-0.701,-0.35,1.2,-0.699,-1.252,2.065,17.7,140.1,-60.1,0,-0.603,-1.088,2.159,270.9,320.2,492.9,453.8,-0.463,-1.229,2.02,468.0,154.0,526.0,224.0,RELEASED,0,0.241,0,IDLE,0.88,Deterministic kinematic fallback verification.
259,66.43,2026-09-24T14:07:55.790303Z,3.9,2,OBJECT_EXTRACTED,HOLDING COMPONENT BOX,NONE,Red box extracted. Next step: Please extract the yellow box.,59.8,OPEN,-0.709,-0.359,1.2,-0.704,-1.257,2.062,8.1,139.8,-57.8,0,-0.604,-1.088,2.159,270.6,320.5,492.2,453.6,-0.463,-1.229,2.02,468.0,154.0,526.0,224.0,RELEASED,0,0.246,0,IDLE,0.88,Deterministic kinematic fallback verification.
260,66.738,2026-09-24T14:07:56.098333Z,4.8,2,OBJECT_EXTRACTED,HOLDING COMPONENT BOX,NONE,Red box extracted. Next step: Please extract the yellow box.,59.4,OPEN,-0.729,-0.355,1.2,-0.72,-1.262,2.059,16.6,143.5,-59.9,0,-0.604,-1.088,2.159,269.9,320.5,492.0,453.8,-0.464,-1.229,2.02,468.0,154.0,524.0,224.0,RELEASED,0,0.261,1,BOX_OPENED,0.88,Deterministic kinematic fallback verification.
261,66.904,2026-09-24T14:07:56.264167Z,3.3,2,OBJECT_EXTRACTED,HOLDING COMPONENT BOX,NONE,Red box extracted. Next step: Please extract the yellow box.,59.1,OPEN,-0.721,-0.355,1.2,-0.729,-1.262,2.059,28.2,144.1,-61.3,0,-0.604,-1.088,2.16,270.0,320.8,491.9,453.6,-0.463,-1.229,2.02,468.0,154.0,526.0,224.0,RELEASED,0,0.271,1,BOX_OPENED,0.88,Deterministic kinematic fallback verification.
262,67.078,2026-09-24T14:07:56.438059Z,6.1,2,OBJECT_EXTRACTED,HOLDING COMPONENT BOX,NONE,Red box extracted. Next step: Please extract the yellow box.,59.0,OPEN,-0.715,-0.356,1.2,-0.71,-1.263,2.059,118.9,147.8,-62.1,0,-0.604,-1.088,2.159,269.9,320.4,492.4,453.5,-0.463,-1.229,2.02,468.0,154.0,526.0,224.0,RELEASED,0,0.253,1,BOX_OPENED,0.88,Deterministic kinematic fallback verification.
263,67.259,2026-09-24T14:07:56.619020Z,5.7,2,OBJECT_EXTRACTED,HOLDING COMPONENT BOX,NONE,Red box extracted. Next step: Please extract the yellow box.,58.2,OPEN,-0.701,-0.348,1.2,-0.706,-1.257,2.062,132.5,148.9,-64.0,0,-0.604,-1.09,2.159,269.6,317.7,492.8,453.4,-0.463,-1.23,2.02,468.0,154.0,525.0,222.0,RELEASED,0,0.247,1,BOX_OPENED,0.88,Deterministic kinematic fallback verification.
264,67.449,2026-09-24T14:07:56.809353Z,5.5,2,OBJECT_EXTRACTED,HOLDING COMPONENT BOX,NONE,Red box extracted. Next step: Please extract the yellow box.,57.4,OPEN,-0.698,-0.364,1.2,-0.699,-1.257,2.062,87.8,142.8,-59.6,0,-0.604,-1.089,2.159,269.5,318.9,492.7,453.3,-0.465,-1.23,2.02,466.0,154.0,525.0,222.0,RELEASED,0,0.24,1,BOX_OPENED,0.88,Deterministic kinematic fallback verification.
265,67.603,2026-09-24T14:07:56.963304Z,5.3,2,OBJECT_EXTRACTED,HOLDING COMPONENT BOX,NONE,Red box extracted. Next step: Please extract the yellow box.,57.5,OPEN,-0.701,-0.359,1.2,-0.702,-1.265,2.058,97.1,140.5,-58.2,0,-0.604,-1.088,2.16,270.0,320.8,492.0,453.7,-0.465,-1.231,2.019,466.0,152.0,524.0,222.0,RELEASED,0,0.242,1,BOX_OPENED,0.88,Deterministic kinematic fallback verification.
266,67.766,2026-09-24T14:07:57.125420Z,6.5,2,OBJECT_EXTRACTED,HOLDING COMPONENT BOX,NONE,Red box extracted. Next step: Please extract the yellow box.,57.2,OPEN,-0.669,-0.373,1.2,-0.689,-1.265,2.058,60.9,144.4,-62.1,0,-0.605,-1.088,2.159,269.5,320.0,491.8,453.9,-0.465,-1.231,2.019,466.0,152.0,524.0,222.0,RELEASED,0,0.23,1,BOX_OPENED,0.88,Deterministic kinematic fallback verification.
267,67.92,2026-09-24T14:07:57.279914Z,6.2,2,OBJECT_EXTRACTED,HOLDING COMPONENT BOX,NONE,Red box extracted. Next step: Please extract the yellow box.,56.9,OPEN,-0.707,-0.349,1.2,-0.687,-1.262,2.061,83.8,145.0,-61.9,0,-0.604,-1.088,2.159,269.7,320.0,492.5,454.1,-0.465,-1.231,2.019,466.0,152.0,524.0,222.0,RELEASED,0,0.228,1,BOX_OPENED,0.88,Deterministic kinematic fallback verification.
268,68.098,2026-09-24T14:07:57.458057Z,6.5,2,OBJECT_EXTRACTED,HOLDING COMPONENT BOX [ROM LIMIT],NONE,Red box extracted. Next step: Please extract the yellow box.,56.8,OPEN,-0.756,-0.323,1.2,-0.747,-1.232,2.078,145.0,145.2,-60.5,1,-0.604,-1.088,2.159,269.8,320.0,492.7,454.0,-0.465,-1.231,2.019,466.0,152.0,524.0,222.0,RELEASED,0,0.288,1,BOX_OPENED,0.88,Deterministic kinematic fallback verification.
269,68.253,2026-09-24T14:07:57.612809Z,5.6,2,OBJECT_EXTRACTED,HOLDING COMPONENT BOX [ROM LIMIT],NONE,Red box extracted. Next step: Please extract the yellow box.,56.6,OPEN,-0.751,-0.324,1.2,-0.781,-1.216,2.087,145.0,143.3,-58.8,1,-0.604,-1.088,2.159,269.5,319.8,493.0,454.1,-0.465,-1.231,2.019,466.0,152.0,524.0,222.0,RELEASED,0,0.323,1,BOX_OPENED,0.88,Deterministic kinematic fallback verification.
270,69.224,2026-09-24T14:07:58.583694Z,6.3,2,OBJECT_EXTRACTED,HOLDING COMPONENT BOX [ROM LIMIT],ERROR_REGRESSION,WRONG MOVE: Red box has been returned to container. This undoes a completed step. Please re-extract the red box.,56.5,OPEN,-0.756,-0.323,1.2,-0.768,-1.222,2.083,145.0,143.5,-60.8,1,-0.604,-1.089,2.159,268.9,319.4,492.9,454.0,-0.466,-1.232,2.019,466.0,152.0,522.0,220.0,RELEASED,0,0.308,1,BOX_OPENED,0.88,Deterministic kinematic fallback verification.
271,69.525,2026-09-24T14:07:58.885409Z,1.0,2,OBJECT_EXTRACTED,HOLDING COMPONENT BOX [ROM LIMIT],ERROR_REGRESSION,WRONG MOVE: Red box has been returned to container. This undoes a completed step. Please re-extract the red box.,56.3,OPEN,-0.768,-0.314,1.2,-0.764,-1.224,2.081,145.0,141.1,-58.5,1,-0.605,-1.088,2.159,268.2,319.9,492.3,454.1,-0.466,-1.232,2.018,466.0,150.0,522.0,220.0,RELEASED,0,0.305,1,BOX_OPENED,0.88,Deterministic kinematic fallback verification.
272,69.664,2026-09-24T14:07:59.024320Z,4.0,2,OBJECT_EXTRACTED,HOLDING COMPONENT BOX [ROM LIMIT],ERROR_REGRESSION,WRONG MOVE: Red box has been returned to container. This undoes a completed step. Please re-extract the red box.,57.0,OPEN,-0.78,-0.301,1.2,-0.788,-1.208,2.09,145.0,140.2,-58.0,1,-0.605,-1.087,2.16,269.0,322.0,492.0,454.7,-0.467,-1.232,2.018,464.0,150.0,522.0,220.0,RELEASED,0,0.33,1,BOX_OPENED,0.88,Deterministic kinematic fallback verification.
273,69.823,2026-09-24T14:07:59.183168Z,7.2,2,OBJECT_EXTRACTED,HOLDING COMPONENT BOX [ROM LIMIT],ERROR_REGRESSION,WRONG MOVE: Red box has been returned to container. This undoes a completed step. Please re-extract the red box.,57.0,OPEN,-0.783,-0.291,1.2,-0.799,-1.193,2.099,145.0,141.6,-59.2,1,-0.605,-1.088,2.16,268.8,320.1,491.6,455.0,-0.467,-1.232,2.019,464.0,150.0,522.0,222.0,RELEASED,0,0.344,1,BOX_OPENED,0.88,Deterministic kinematic fallback verification.
274,70.177,2026-09-24T14:07:59.537172Z,6.3,2,OBJECT_EXTRACTED,HOLDING COMPONENT BOX [ROM LIMIT],ERROR_REGRESSION,WRONG MOVE: Red box has been returned to container. This undoes a completed step. Please re-extract the red box.,56.9,OPEN,-0.788,-0.291,1.2,-0.805,-1.186,2.103,145.0,139.3,-57.0,1,-0.604,-1.088,2.16,270.2,319.6,491.8,455.3,-0.467,-1.232,2.018,464.0,148.0,522.0,222.0,RELEASED,0,0.351,1,BOX_OPENED,0.88,Deterministic kinematic fallback verification.
275,70.354,2026-09-24T14:07:59.713617Z,2.8,2,OBJECT_EXTRACTED,HOLDING COMPONENT BOX [ROM LIMIT],ERROR_REGRESSION,WRONG MOVE: Red box has been returned to container. This undoes a completed step. Please re-extract the red box.,56.5,OPEN,-0.79,-0.283,1.2,-0.817,-1.172,2.111,145.0,138.9,-57.2,1,-0.604,-1.088,2.159,270.4,318.9,492.3,455.4,-0.467,-1.232,2.019,464.0,148.0,522.0,223.0,RELEASED,0,0.367,1,BOX_OPENED,0.88,Deterministic kinematic fallback verification.
276,70.565,2026-09-24T14:07:59.924657Z,5.7,2,OBJECT_EXTRACTED,HOLDING COMPONENT BOX [ROM LIMIT],ERROR_REGRESSION,WRONG MOVE: Red box has been returned to container. This undoes a completed step. Please re-extract the red box.,56.5,OPEN,-0.797,-0.271,1.2,-0.814,-1.164,2.115,145.0,137.7,-56.0,1,-0.603,-1.087,2.16,270.7,320.8,492.8,455.4,-0.467,-1.232,2.019,464.0,150.0,522.0,222.0,RELEASED,0,0.366,1,BOX_OPENED,0.88,Deterministic kinematic fallback verification.
277,70.77,2026-09-24T14:08:00.129512Z,4.7,2,OBJECT_EXTRACTED,RETURNING COMPONENT BOX INTO BOX [ROM LIMIT],ERROR_REGRESSION,WRONG MOVE: Red box has been returned to container. This undoes a completed step. Please re-extract the red box.,56.6,OPEN,-0.798,-0.265,1.2,-0.804,-1.174,2.11,145.0,137.8,-56.1,1,-0.603,-1.087,2.16,270.6,322.2,492.8,455.1,-0.603,-1.087,2.16,337.3,363.7,426.2,413.7,DOCKED,1,0.224,1,BOX_OPENED,0.88,Deterministic kinematic fallback verification.
278,70.939,2026-09-24T14:08:00.299257Z,4.9,2,OBJECT_EXTRACTED,RETURNING COMPONENT BOX INTO BOX [ROM LIMIT],ERROR_REGRESSION,WRONG MOVE: Red box has been returned to container. This undoes a completed step. Please re-extract the red box.,56.5,OPEN,-0.796,-0.257,1.2,-0.795,-1.176,2.109,145.0,136.1,-56.8,1,-0.603,-1.087,2.16,271.1,322.1,493.2,455.1,-0.603,-1.087,2.16,337.8,363.6,426.6,413.6,DOCKED,1,0.218,1,BOX_OPENED,0.88,Deterministic kinematic fallback verification.
279,71.291,2026-09-24T14:08:00.650759Z,5.9,2,OBJECT_EXTRACTED,RETURNING COMPONENT BOX INTO BOX [ROM LIMIT],ERROR_REGRESSION,WRONG MOVE: Red box has been returned to container. This undoes a completed step. Please re-extract the red box.,56.1,OPEN,-0.793,-0.244,1.2,-0.794,-1.168,2.113,145.0,137.4,-57.2,1,-0.602,-1.087,2.16,271.7,321.8,493.8,455.5,-0.602,-1.087,2.16,338.3,363.6,427.2,413.6,DOCKED,1,0.213,1,BOX_OPENED,0.88,Deterministic kinematic fallback verification.
280,71.492,2026-09-24T14:08:00.851650Z,2.8,2,OBJECT_EXTRACTED,RETURNING COMPONENT BOX INTO BOX [ROM LIMIT],ERROR_REGRESSION,WRONG MOVE: Red box has been returned to container. This undoes a completed step. Please re-extract the red box.,56.2,OPEN,-0.803,-0.244,1.2,-0.798,-1.164,2.115,145.0,136.2,-56.3,1,-0.601,-1.086,2.16,272.3,322.5,495.7,455.4,-0.601,-1.086,2.16,339.3,364.0,428.7,414.0,DOCKED,1,0.217,1,BOX_OPENED,0.88,Deterministic kinematic fallback verification.
281,71.779,2026-09-24T14:08:01.138787Z,5.0,2,OBJECT_EXTRACTED,RETURNING COMPONENT BOX INTO BOX [ROM LIMIT],ERROR_REGRESSION,WRONG MOVE: Red box has been returned to container. This undoes a completed step. Please re-extract the red box.,56.3,OPEN,-0.8,-0.242,1.2,-0.809,-1.168,2.113,145.0,134.9,-56.7,1,-0.6,-1.087,2.16,273.2,322.3,497.4,455.6,-0.6,-1.087,2.16,340.5,363.9,430.2,413.9,DOCKED,1,0.229,1,BOX_OPENED,0.88,Deterministic kinematic fallback verification.
282,71.982,2026-09-24T14:08:01.342253Z,3.5,2,OBJECT_EXTRACTED,RETURNING COMPONENT BOX INTO BOX [ROM LIMIT],ERROR_REGRESSION,WRONG MOVE: Red box has been returned to container. This undoes a completed step. Please re-extract the red box.,56.3,OPEN,-0.799,-0.24,1.2,-0.81,-1.169,2.112,145.0,135.1,-57.0,1,-0.599,-1.087,2.16,274.0,322.0,497.7,455.7,-0.599,-1.087,2.16,341.2,363.8,430.6,413.8,DOCKED,1,0.232,1,BOX_OPENED,0.88,Deterministic kinematic fallback verification.
283,72.194,2026-09-24T14:08:01.553575Z,4.9,2,OBJECT_EXTRACTED,RETURNING COMPONENT BOX INTO BOX [ROM LIMIT],ERROR_REGRESSION,WRONG MOVE: Red box has been returned to container. This undoes a completed step. Please re-extract the red box.,56.5,OPEN,-0.803,-0.243,1.2,-0.806,-1.164,2.115,145.0,135.9,-57.2,1,-0.599,-1.087,2.16,273.8,322.1,498.1,455.6,-0.599,-1.087,2.16,341.1,363.8,430.8,413.8,DOCKED,1,0.226,1,BOX_OPENED,0.88,Deterministic kinematic fallback verification.
284,72.404,2026-09-24T14:08:01.763546Z,4.7,2,OBJECT_EXTRACTED,RETURNING COMPONENT BOX INTO BOX [ROM LIMIT],ERROR_REGRESSION,WRONG MOVE: Red box has been returned to container. This undoes a completed step. Please re-extract the red box.,56.7,OPEN,-0.805,-0.243,1.2,-0.808,-1.164,2.115,145.0,135.5,-56.4,1,-0.599,-1.087,2.16,274.3,322.1,497.7,455.1,-0.599,-1.087,2.16,341.3,363.6,430.6,413.6,DOCKED,1,0.228,1,BOX_OPENED,0.88,Deterministic kinematic fallback verification.
285,73.492,2026-09-24T14:08:02.851720Z,4.8,2,OBJECT_EXTRACTED,RETURNING COMPONENT BOX INTO BOX [ROM LIMIT],ERROR_REGRESSION,WRONG MOVE: Red box has been returned to container. This undoes a completed step. Please re-extract the red box.,56.8,OPEN,-0.803,-0.246,1.2,-0.806,-1.163,2.116,145.0,136.1,-57.1,1,-0.599,-1.087,2.16,274.1,321.8,498.4,455.0,-0.599,-1.087,2.16,341.4,363.4,431.1,413.4,DOCKED,1,0.225,1,BOX_OPENED,0.88,Deterministic kinematic fallback verification.
286,74.011,2026-09-24T14:08:03.370570Z,0.9,2,OBJECT_EXTRACTED,RETURNING COMPONENT BOX INTO BOX [ROM LIMIT],ERROR_REGRESSION,WRONG MOVE: Red box has been returned to container. This undoes a completed step. Please re-extract the red box.,56.7,OPEN,-0.805,-0.245,1.2,-0.805,-1.163,2.116,145.0,136.1,-57.2,1,-0.599,-1.087,2.16,274.2,321.6,498.4,455.0,-0.599,-1.087,2.16,341.4,363.3,431.1,413.3,DOCKED,1,0.224,1,BOX_OPENED,0.88,Deterministic kinematic fallback verification.
287,74.19,2026-09-24T14:08:03.549936Z,2.1,2,OBJECT_EXTRACTED,RETURNING COMPONENT BOX INTO BOX [ROM LIMIT],ERROR_REGRESSION,WRONG MOVE: Red box has been returned to container. This undoes a completed step. Please re-extract the red box.,56.7,OPEN,-0.807,-0.244,1.2,-0.806,-1.162,2.117,145.0,136.1,-57.3,1,-0.599,-1.087,2.16,273.9,321.5,497.9,454.9,-0.599,-1.087,2.16,341.1,363.2,430.7,413.2,DOCKED,1,0.225,1,BOX_OPENED,0.88,Deterministic kinematic fallback verification.
288,74.531,2026-09-24T14:08:03.890771Z,5.7,2,OBJECT_EXTRACTED,RETURNING COMPONENT BOX INTO BOX [ROM LIMIT],ERROR_REGRESSION,WRONG MOVE: Red box has been returned to container. This undoes a completed step. Please re-extract the red box.,56.5,OPEN,-0.804,-0.244,1.2,-0.805,-1.162,2.117,145.0,137.9,-59.5,1,-0.6,-1.088,2.16,274.0,320.1,495.5,454.7,-0.6,-1.088,2.16,340.4,362.4,429.0,412.4,DOCKED,1,0.222,1,BOX_OPENED,0.88,Deterministic kinematic fallback verification.
289,74.92,2026-09-24T14:08:04.279455Z,2.9,2,OBJECT_EXTRACTED,RETURNING COMPONENT BOX INTO BOX [ROM LIMIT],ERROR_REGRESSION,WRONG MOVE: Red box has been returned to container. This undoes a completed step. Please re-extract the red box.,56.2,OPEN,-0.802,-0.247,1.2,-0.803,-1.163,2.116,145.0,138.7,-59.5,1,-0.601,-1.088,2.159,273.2,319.7,495.1,454.6,-0.601,-1.088,2.159,339.7,362.2,428.5,412.2,DOCKED,1,0.22,1,BOX_OPENED,0.88,Deterministic kinematic fallback verification.
290,75.268,2026-09-24T14:08:04.627549Z,2.6,2,OBJECT_EXTRACTED,RETURNING COMPONENT BOX INTO BOX [ROM LIMIT],ERROR_REGRESSION,WRONG MOVE: Red box has been returned to container. This undoes a completed step. Please re-extract the red box.,56.1,OPEN,-0.801,-0.252,1.2,-0.802,-1.166,2.115,145.0,138.5,-59.4,1,-0.601,-1.088,2.159,273.0,319.5,494.3,454.5,-0.601,-1.088,2.159,339.4,362.0,427.9,412.0,DOCKED,1,0.22,1,BOX_OPENED,0.88,Deterministic kinematic fallback verification.
291,75.641,2026-09-24T14:08:05.000502Z,2.9,2,OBJECT_EXTRACTED,RETURNING COMPONENT BOX INTO BOX [ROM LIMIT],ERROR_REGRESSION,WRONG MOVE: Red box has been returned to container. This undoes a completed step. Please re-extract the red box.,56.3,OPEN,-0.794,-0.264,1.2,-0.798,-1.172,2.111,145.0,139.1,-59.2,1,-0.602,-1.088,2.159,272.4,319.6,493.4,454.1,-0.602,-1.088,2.159,338.7,361.9,427.1,411.9,DOCKED,1,0.219,1,BOX_OPENED,0.88,Deterministic kinematic fallback verification.
292,75.906,2026-09-24T14:08:05.266072Z,2.7,2,OBJECT_EXTRACTED,RETURNING COMPONENT BOX INTO BOX [ROM LIMIT],ERROR_REGRESSION,WRONG MOVE: Red box has been returned to container. This undoes a completed step. Please re-extract the red box.,57.1,OPEN,-0.792,-0.272,1.2,-0.795,-1.179,2.107,145.0,138.6,-57.5,1,-0.603,-1.087,2.16,273.0,321.4,492.2,454.5,-0.603,-1.087,2.16,338.8,362.9,426.4,412.9,DOCKED,1,0.22,1,BOX_OPENED,0.88,Deterministic kinematic fallback verification.
293,76.147,2026-09-24T14:08:05.506528Z,3.8,2,OBJECT_EXTRACTED,RETURNING COMPONENT BOX INTO BOX [ROM LIMIT],ERROR_REGRESSION,WRONG MOVE: Red box has been returned to container. This undoes a completed step. Please re-extract the red box.,57.6,OPEN,-0.784,-0.285,1.2,-0.789,-1.188,2.102,145.0,138.5,-56.6,1,-0.602,-1.088,2.159,273.4,320.7,492.6,453.6,-0.602,-1.088,2.159,339.2,362.2,426.8,412.2,DOCKED,1,0.22,1,BOX_OPENED,0.88,Deterministic kinematic fallback verification.
294,76.498,2026-09-24T14:08:05.858165Z,4.1,2,OBJECT_EXTRACTED,PICKING COMPONENT BOX [ROM LIMIT],ERROR_REGRESSION,WRONG MOVE: Red box has been returned to container. This undoes a completed step. Please re-extract the red box.,58.2,OPEN,-0.77,-0.302,1.2,-0.779,-1.2,2.095,145.0,139.2,-57.2,1,-0.602,-1.088,2.16,273.7,321.0,493.2,454.1,-0.716,-1.243,2.012,212.0,132.0,276.0,214.0,EXTRACTED,0,0.113,1,BOX_OPENED,0.88,Deterministic kinematic fallback verification.
295,76.782,2026-09-24T14:08:06.142279Z,2.8,2,OBJECT_EXTRACTED,PICKING COMPONENT BOX [ROM LIMIT],ERROR_REGRESSION,WRONG MOVE: Red box has been returned to container. This undoes a completed step. Please re-extract the red box.,58.5,OPEN,-0.755,-0.314,1.2,-0.767,-1.211,2.089,145.0,139.7,-57.6,1,-0.602,-1.088,2.16,273.2,320.6,493.0,453.9,-0.716,-1.246,2.01,212.0,131.0,276.0,207.0,EXTRACTED,0,0.1,1,BOX_OPENED,0.88,Deterministic kinematic fallback verification.
296,77.025,2026-09-24T14:08:06.385272Z,3.5,2,OBJECT_EXTRACTED,PICKING COMPONENT BOX [ROM LIMIT],ERROR_REGRESSION,WRONG MOVE: Red box has been returned to container. This undoes a completed step. Please re-extract the red box.,58.3,OPEN,-0.746,-0.328,1.2,-0.756,-1.222,2.082,145.0,137.8,-56.8,1,-0.602,-1.088,2.159,272.2,320.1,493.6,454.0,-0.717,-1.247,2.01,212.0,130.0,274.0,207.0,EXTRACTED,0,0.085,1,BOX_OPENED,0.88,Deterministic kinematic fallback verification.
297,77.315,2026-09-24T14:08:06.674577Z,4.1,2,OBJECT_EXTRACTED,PICKING COMPONENT BOX [ROM LIMIT],ERROR_REGRESSION,WRONG MOVE: Red box has been returned to container. This undoes a completed step. Please re-extract the red box.,58.1,OPEN,-0.739,-0.328,1.2,-0.748,-1.228,2.079,145.0,133.6,-54.5,1,-0.602,-1.088,2.159,271.6,319.6,493.9,454.2,-0.717,-1.245,2.011,212.0,130.0,274.0,210.0,EXTRACTED,0,0.076,1,BOX_OPENED,0.88,Deterministic kinematic fallback verification.
298,77.65,2026-09-24T14:08:07.010324Z,3.5,2,OBJECT_EXTRACTED,PICKING COMPONENT BOX,ERROR_REGRESSION,WRONG MOVE: Red box has been returned to container. This undoes a completed step. Please re-extract the red box.,58.1,OPEN,-0.718,-0.319,1.2,-0.734,-1.221,2.083,97.3,134.1,-56.7,0,-0.602,-1.088,2.159,272.0,320.2,494.3,454.1,-0.717,-1.247,2.01,212.0,130.0,274.0,206.0,EXTRACTED,0,0.079,1,BOX_OPENED,0.88,Deterministic kinematic fallback verification.
299,77.854,2026-09-24T14:08:07.213720Z,3.0,2,OBJECT_EXTRACTED,PICKING COMPONENT BOX,ERROR_REGRESSION,WRONG MOVE: Red box has been returned to container. This undoes a completed step. Please re-extract the red box.,57.4,OPEN,-0.708,-0.308,1.2,-0.71,-1.208,2.093,95.7,138.7,-59.0,0,-0.602,-1.089,2.159,271.8,318.3,494.6,454.0,-0.717,-1.248,2.009,212.0,128.0,274.0,205.0,EXTRACTED,0,0.093,1,BOX_OPENED,0.88,Deterministic kinematic fallback verification.
300,78.961,2026-09-24T14:08:08.321363Z,4.9,2,OBJECT_EXTRACTED,PICKING COMPONENT BOX,ERROR_REGRESSION,WRONG MOVE: Red box has been returned to container. This undoes a completed step. Please re-extract the red box.,56.8,OPEN,-0.692,-0.312,1.2,-0.699,-1.207,2.093,83.8,142.1,-59.9,0,-0.601,-1.089,2.159,272.2,317.8,495.0,454.3,-0.717,-1.248,2.009,212.0,128.0,274.0,205.0,EXTRACTED,0,0.095,1,BOX_OPENED,0.88,Deterministic kinematic fallback verification.
301,79.669,2026-09-24T14:08:09.029177Z,0.8,2,OBJECT_EXTRACTED,RETURNING COMPONENT BOX INTO BOX,ERROR_REGRESSION,WRONG MOVE: Red box has been returned to container. This undoes a completed step. Please re-extract the red box.,56.0,OPEN,-0.687,-0.295,1.2,-0.69,-1.209,2.09,102.5,141.6,-64.6,0,-0.6,-1.089,2.159,274.0,317.8,495.2,455.3,-0.6,-1.089,2.159,340.3,361.6,428.8,411.6,DOCKED,1,0.165,1,BOX_OPENED,0.88,Deterministic kinematic fallback verification.
302,79.899,2026-09-24T14:08:09.258480Z,1.6,2,OBJECT_EXTRACTED,RETURNING COMPONENT BOX INTO BOX,ERROR_REGRESSION,WRONG MOVE: Red box has been returned to container. This undoes a completed step. Please re-extract the red box.,56.4,OPEN,-0.671,-0.283,1.2,-0.679,-1.201,2.094,103.6,143.6,-66.7,0,-0.6,-1.087,2.16,275.4,321.7,495.0,454.8,-0.6,-1.087,2.16,341.3,363.2,429.1,413.2,DOCKED,1,0.154,1,BOX_OPENED,0.88,Deterministic kinematic fallback verification.
303,80.165,2026-09-24T14:08:09.524806Z,4.4,2,OBJECT_EXTRACTED,RETURNING COMPONENT BOX INTO BOX,ERROR_REGRESSION,WRONG MOVE: Red box has been returned to container. This undoes a completed step. Please re-extract the red box.,56.5,OPEN,-0.66,-0.271,1.2,-0.655,-1.186,2.103,108.4,147.8,-69.8,0,-0.6,-1.088,2.16,275.2,320.4,494.8,454.4,-0.6,-1.088,2.16,341.1,362.4,428.9,412.4,DOCKED,1,0.126,1,BOX_OPENED,0.88,Deterministic kinematic fallback verification.
304,80.42,2026-09-24T14:08:09.780404Z,3.6,2,OBJECT_EXTRACTED,RETURNING COMPONENT BOX INTO BOX,ERROR_REGRESSION,WRONG MOVE: Red box has been returned to container. This undoes a completed step. Please re-extract the red box.,56.6,OPEN,-0.657,-0.258,1.2,-0.656,-1.179,2.107,116.8,150.8,-72.7,0,-0.599,-1.087,2.16,275.4,321.7,496.7,454.6,-0.599,-1.087,2.16,341.8,363.2,430.3,413.2,DOCKED,1,0.121,1,BOX_OPENED,0.88,Deterministic kinematic fallback verification.
305,80.692,2026-09-24T14:08:10.051615Z,4.0,2,OBJECT_EXTRACTED,RETURNING COMPONENT BOX INTO BOX,ERROR_REGRESSION,WRONG MOVE: Red box has been returned to container. This undoes a completed step. Please re-extract the red box.,57.1,OPEN,-0.647,-0.245,1.2,-0.651,-1.171,2.112,122.1,151.4,-74.7,0,-0.598,-1.087,2.16,276.1,323.2,497.2,454.6,-0.598,-1.087,2.16,342.4,363.9,430.8,413.9,DOCKED,1,0.11,1,BOX_OPENED,0.88,Deterministic kinematic fallback verification.
306,81.027,2026-09-24T14:08:10.387162Z,3.7,2,OBJECT_EXTRACTED,RETURNING COMPONENT BOX INTO BOX,ERROR_REGRESSION,WRONG MOVE: Red box has been returned to container. This undoes a completed step. Please re-extract the red box.,57.9,OPEN,-0.653,-0.241,1.2,-0.652,-1.165,2.115,125.0,153.2,-74.8,0,-0.598,-1.086,2.161,276.4,324.4,497.6,454.8,-0.598,-1.086,2.161,342.8,364.6,431.3,414.6,DOCKED,1,0.106,1,BOX_OPENED,0.88,Deterministic kinematic fallback verification.
307,81.227,2026-09-24T14:08:10.587039Z,2.9,2,OBJECT_EXTRACTED,RETURNING COMPONENT BOX INTO BOX,ERROR_REGRESSION,WRONG MOVE: Red box has been returned to container. This undoes a completed step. Please re-extract the red box.,58.5,OPEN,-0.651,-0.24,1.2,-0.659,-1.164,2.114,124.7,153.4,-75.1,0,-0.599,-1.086,2.161,275.9,323.8,496.5,454.5,-0.599,-1.086,2.161,342.0,364.1,430.3,414.1,DOCKED,1,0.109,1,BOX_OPENED,0.88,Deterministic kinematic fallback verification.
308,81.516,2026-09-24T14:08:10.875842Z,4.9,2,OBJECT_EXTRACTED,RETURNING COMPONENT BOX INTO BOX,ERROR_REGRESSION,WRONG MOVE: Red box has been returned to container. This undoes a completed step. Please re-extract the red box.,58.9,OPEN,-0.648,-0.24,1.2,-0.652,-1.162,2.115,120.2,152.7,-74.2,0,-0.601,-1.086,2.161,274.6,323.5,494.4,454.8,-0.601,-1.086,2.161,340.5,364.2,428.4,414.2,DOCKED,1,0.103,1,BOX_OPENED,0.88,Deterministic kinematic fallback verification.
309,81.921,2026-09-24T14:08:11.280524Z,3.5,2,OBJECT_EXTRACTED,RETURNING COMPONENT BOX INTO BOX,ERROR_REGRESSION,WRONG MOVE: Red box has been returned to container. This undoes a completed step. Please re-extract the red box.,59.1,OPEN,-0.647,-0.241,1.2,-0.649,-1.16,2.117,118.2,152.3,-74.1,0,-0.602,-1.086,2.161,272.9,324.2,493.6,455.7,-0.602,-1.086,2.161,339.1,365.0,427.4,415.0,DOCKED,1,0.099,1,BOX_OPENED,0.88,Deterministic kinematic fallback verification.
310,82.883,2026-09-24T14:08:12.242885Z,2.1,2,OBJECT_EXTRACTED,RETURNING COMPONENT BOX INTO BOX,ERROR_REGRESSION,WRONG MOVE: Red box has been returned to container. This undoes a completed step. Please re-extract the red box.,58.9,OPEN,-0.645,-0.245,1.2,-0.647,-1.161,2.117,115.4,152.3,-74.0,0,-0.602,-1.086,2.161,272.1,324.0,494.0,455.3,-0.602,-1.086,2.161,338.7,364.6,427.4,414.6,DOCKED,1,0.098,1,BOX_OPENED,0.88,Deterministic kinematic fallback verification.
311,84.47,2026-09-24T14:08:13.830481Z,1.1,2,OBJECT_EXTRACTED,RETURNING COMPONENT BOX INTO BOX,ERROR_REGRESSION,WRONG MOVE: Red box has been returned to container. This undoes a completed step. Please re-extract the red box.,59.6,OPEN,-0.647,-0.251,1.2,-0.647,-1.164,2.115,111.9,150.8,-73.0,0,-0.602,-1.085,2.161,273.7,325.5,493.0,454.7,-0.602,-1.085,2.161,339.5,365.1,427.2,415.1,DOCKED,1,0.102,1,BOX_OPENED,0.88,Deterministic kinematic fallback verification.
312,85.717,2026-09-24T14:08:15.077218Z,0.6,2,OBJECT_EXTRACTED,RETURNING COMPONENT BOX INTO BOX,ERROR_REGRESSION,WRONG MOVE: Red box has been returned to container. This undoes a completed step. Please re-extract the red box.,60.3,OPEN,-0.641,-0.252,1.2,-0.644,-1.167,2.114,111.2,152.4,-72.6,0,-0.6,-1.085,2.161,274.2,326.0,495.0,455.2,-0.6,-1.085,2.161,340.5,365.6,428.8,415.6,DOCKED,1,0.104,1,BOX_OPENED,0.88,Deterministic kinematic fallback verification.
313,86.015,2026-09-24T14:08:15.374435Z,0.8,2,OBJECT_EXTRACTED,RETURNING COMPONENT BOX INTO BOX,ERROR_REGRESSION,WRONG MOVE: Red box has been returned to container. This undoes a completed step. Please re-extract the red box.,60.5,OPEN,-0.642,-0.256,1.2,-0.642,-1.17,2.112,107.6,151.4,-71.3,0,-0.599,-1.086,2.161,274.9,324.7,496.8,454.9,-0.599,-1.086,2.161,341.5,364.8,430.2,414.8,DOCKED,1,0.106,1,BOX_OPENED,0.88,Deterministic kinematic fallback verification.
314,86.345,2026-09-24T14:08:15.705127Z,3.8,2,OBJECT_EXTRACTED,RETURNING COMPONENT BOX INTO BOX,ERROR_REGRESSION,WRONG MOVE: Red box has been returned to container. This undoes a completed step. Please re-extract the red box.,60.2,OPEN,-0.646,-0.261,1.2,-0.644,-1.173,2.11,104.4,150.0,-71.3,0,-0.602,-1.086,2.161,271.5,323.7,495.5,454.9,-0.602,-1.086,2.161,338.7,364.3,428.3,414.3,DOCKED,1,0.109,1,BOX_OPENED,0.88,Deterministic kinematic fallback verification.
315,87.531,2026-09-24T14:08:16.890871Z,3.0,2,OBJECT_EXTRACTED,RETURNING COMPONENT BOX INTO BOX,ERROR_REGRESSION,WRONG MOVE: Red box has been returned to container. This undoes a completed step. Please re-extract the red box.,60.1,OPEN,-0.648,-0.268,1.2,-0.646,-1.178,2.108,101.2,150.5,-71.1,0,-0.601,-1.086,2.161,272.0,323.9,496.2,454.7,-0.601,-1.086,2.161,339.3,364.3,428.9,414.3,DOCKED,1,0.115,1,BOX_OPENED,0.88,Deterministic kinematic fallback verification.
316,87.877,2026-09-24T14:08:17.237392Z,0.8,2,OBJECT_EXTRACTED,RETURNING COMPONENT BOX INTO BOX,ERROR_REGRESSION,WRONG MOVE: Red box has been returned to container. This undoes a completed step. Please re-extract the red box.,60.7,OPEN,-0.644,-0.268,1.2,-0.645,-1.18,2.106,103.7,152.8,-72.2,0,-0.602,-1.086,2.161,271.5,324.7,494.9,455.3,-0.602,-1.086,2.161,338.5,365.0,427.9,415.0,DOCKED,1,0.118,1,BOX_OPENED,0.88,Deterministic kinematic fallback verification.
317,88.296,2026-09-24T14:08:17.656011Z,4.7,2,OBJECT_EXTRACTED,RETURNING COMPONENT BOX INTO BOX,ERROR_REGRESSION,WRONG MOVE: Red box has been returned to container. This undoes a completed step. Please re-extract the red box.,60.7,OPEN,-0.646,-0.273,1.2,-0.645,-1.183,2.105,103.0,152.5,-72.5,0,-0.603,-1.087,2.16,271.6,323.0,493.2,454.9,-0.603,-1.087,2.16,338.1,363.9,426.7,413.9,DOCKED,1,0.12,1,BOX_OPENED,0.88,Deterministic kinematic fallback verification.
318,88.572,2026-09-24T14:08:17.931444Z,2.4,2,OBJECT_EXTRACTED,RETURNING COMPONENT BOX INTO BOX,ERROR_REGRESSION,WRONG MOVE: Red box has been returned to container. This undoes a completed step. Please re-extract the red box.,60.7,OPEN,-0.65,-0.274,1.2,-0.648,-1.186,2.103,105.1,153.4,-72.7,0,-0.603,-1.087,2.16,271.2,321.8,492.7,455.0,-0.603,-1.087,2.16,337.6,363.4,426.3,413.4,DOCKED,1,0.122,1,BOX_OPENED,0.88,Deterministic kinematic fallback verification.
319,88.774,2026-09-24T14:08:18.133811Z,3.7,2,OBJECT_EXTRACTED,RETURNING COMPONENT BOX INTO BOX,ERROR_REGRESSION,WRONG MOVE: Red box has been returned to container. This undoes a completed step. Please re-extract the red box.,60.8,OPEN,-0.652,-0.275,1.2,-0.65,-1.187,2.103,105.7,152.4,-71.8,0,-0.603,-1.087,2.16,271.0,322.3,493.9,454.7,-0.603,-1.087,2.16,337.9,363.5,427.0,413.5,DOCKED,1,0.125,1,BOX_OPENED,0.88,Deterministic kinematic fallback verification.
320,89.011,2026-09-24T14:08:18.370587Z,4.8,2,OBJECT_EXTRACTED,RETURNING COMPONENT BOX INTO BOX,ERROR_REGRESSION,WRONG MOVE: Red box has been returned to container. This undoes a completed step. Please re-extract the red box.,60.5,OPEN,-0.658,-0.274,1.2,-0.654,-1.187,2.102,108.1,151.9,-70.7,0,-0.602,-1.087,2.16,270.9,320.8,494.4,455.0,-0.602,-1.087,2.16,338.0,362.9,427.3,412.9,DOCKED,1,0.126,1,BOX_OPENED,0.88,Deterministic kinematic fallback verification.
321,89.43,2026-09-24T14:08:18.789921Z,4.3,2,OBJECT_EXTRACTED,RETURNING COMPONENT BOX INTO BOX,ERROR_REGRESSION,WRONG MOVE: Red box has been returned to container. This undoes a completed step. Please re-extract the red box.,60.0,OPEN,-0.658,-0.271,1.2,-0.656,-1.186,2.103,109.8,151.4,-70.1,0,-0.601,-1.089,2.159,272.7,318.1,495.7,454.2,-0.601,-1.089,2.159,339.6,361.2,428.8,411.2,DOCKED,1,0.125,1,BOX_OPENED,0.88,Deterministic kinematic fallback verification.
322,89.592,2026-09-24T14:08:18.951734Z,2.4,2,OBJECT_EXTRACTED,RETURNING COMPONENT BOX INTO BOX,ERROR_REGRESSION,WRONG MOVE: Red box has been returned to container. This undoes a completed step. Please re-extract the red box.,60.7,OPEN,-0.653,-0.268,1.2,-0.654,-1.184,2.104,110.0,153.4,-70.9,0,-0.6,-1.088,2.16,273.5,320.3,495.8,454.1,-0.6,-1.088,2.16,340.2,362.2,429.1,412.2,DOCKED,1,0.123,1,BOX_OPENED,0.88,Deterministic kinematic fallback verification.
323,89.763,2026-09-24T14:08:19.122422Z,6.2,2,OBJECT_EXTRACTED,RETURNING COMPONENT BOX INTO BOX,ERROR_REGRESSION,WRONG MOVE: Red box has been returned to container. This undoes a completed step. Please re-extract the red box.,61.4,OPEN,-0.651,-0.267,1.2,-0.646,-1.182,2.106,113.6,154.8,-73.6,0,-0.601,-1.087,2.16,273.1,321.9,495.7,454.1,-0.601,-1.087,2.16,339.8,363.0,428.9,413.0,DOCKED,1,0.118,1,BOX_OPENED,0.88,Deterministic kinematic fallback verification.
324,89.96,2026-09-24T14:08:19.319565Z,5.8,2,OBJECT_EXTRACTED,RETURNING COMPONENT BOX INTO BOX,ERROR_REGRESSION,WRONG MOVE: Red box has been returned to container. This undoes a completed step. Please re-extract the red box.,61.7,OPEN,-0.647,-0.265,1.2,-0.646,-1.181,2.106,110.0,154.0,-72.1,0,-0.6,-1.087,2.16,273.6,322.8,495.8,454.3,-0.6,-1.087,2.16,340.3,363.5,429.2,413.5,DOCKED,1,0.118,1,BOX_OPENED,0.88,Deterministic kinematic fallback verification.
325,90.146,2026-09-24T14:08:19.505457Z,5.1,2,OBJECT_EXTRACTED,RETURNING COMPONENT BOX INTO BOX,ERROR_REGRESSION,WRONG MOVE: Red box has been returned to container. This undoes a completed step. Please re-extract the red box.,60.8,OPEN,-0.649,-0.267,1.2,-0.648,-1.181,2.106,104.1,151.0,-71.1,0,-0.6,-1.087,2.16,273.7,321.3,496.0,454.5,-0.6,-1.087,2.16,340.4,362.9,429.3,412.9,DOCKED,1,0.118,1,BOX_OPENED,0.88,Deterministic kinematic fallback verification.
326,90.448,2026-09-24T14:08:19.808233Z,5.3,2,OBJECT_EXTRACTED,RETURNING COMPONENT BOX INTO BOX,ERROR_REGRESSION,WRONG MOVE: Red box has been returned to container. This undoes a completed step. Please re-extract the red box.,60.9,OPEN,-0.652,-0.271,1.2,-0.653,-1.185,2.104,103.3,150.0,-70.5,0,-0.601,-1.086,2.161,273.6,325.3,495.1,454.8,-0.601,-1.086,2.161,340.0,365.0,428.6,415.0,DOCKED,1,0.126,1,BOX_OPENED,0.88,Deterministic kinematic fallback verification.
327,90.898,2026-09-24T14:08:20.257567Z,3.3,2,OBJECT_EXTRACTED,RETURNING COMPONENT BOX INTO BOX,ERROR_REGRESSION,WRONG MOVE: Red box has been returned to container. This undoes a completed step. Please re-extract the red box.,61.3,OPEN,-0.65,-0.272,1.2,-0.652,-1.185,2.103,100.6,148.6,-68.9,0,-0.603,-1.085,2.162,272.7,326.9,491.3,455.2,-0.603,-1.085,2.162,338.3,366.0,425.7,416.0,DOCKED,1,0.126,1,BOX_OPENED,0.88,Deterministic kinematic fallback verification.
328,91.137,2026-09-24T14:08:20.496457Z,2.2,2,OBJECT_EXTRACTED,RETURNING COMPONENT BOX INTO BOX,ERROR_REGRESSION,WRONG MOVE: Red box has been returned to container. This undoes a completed step. Please re-extract the red box.,60.8,OPEN,-0.649,-0.273,1.2,-0.65,-1.186,2.103,98.5,148.0,-68.9,0,-0.603,-1.086,2.161,272.2,323.8,492.9,455.0,-0.603,-1.086,2.161,338.4,364.4,426.7,414.4,DOCKED,1,0.125,1,BOX_OPENED,0.88,Deterministic kinematic fallback verification.
329,91.504,2026-09-24T14:08:20.863419Z,4.1,2,OBJECT_EXTRACTED,RETURNING COMPONENT BOX INTO BOX,ERROR_REGRESSION,WRONG MOVE: Red box has been returned to container. This undoes a completed step. Please re-extract the red box.,60.6,OPEN,-0.645,-0.272,1.2,-0.647,-1.186,2.103,102.7,150.9,-69.5,0,-0.603,-1.086,2.161,271.9,324.3,492.7,455.0,-0.603,-1.086,2.161,338.1,364.6,426.4,414.6,DOCKED,1,0.124,1,BOX_OPENED,0.88,Deterministic kinematic fallback verification.
330,93.041,2026-09-24T14:08:22.401228Z,2.7,2,OBJECT_EXTRACTED,RETURNING COMPONENT BOX INTO BOX,ERROR_REGRESSION,WRONG MOVE: Red box has been returned to container. This undoes a completed step. Please re-extract the red box.,60.1,OPEN,-0.64,-0.275,1.2,-0.643,-1.187,2.103,101.6,152.5,-71.2,0,-0.602,-1.086,2.161,272.1,323.7,494.1,455.1,-0.602,-1.086,2.161,338.7,364.4,427.5,414.4,DOCKED,1,0.123,1,BOX_OPENED,0.88,Deterministic kinematic fallback verification.
331,93.437,2026-09-24T14:08:22.797303Z,0.6,2,OBJECT_EXTRACTED,RETURNING COMPONENT BOX INTO BOX,ERROR_REGRESSION,WRONG MOVE: Red box has been returned to container. This undoes a completed step. Please re-extract the red box.,59.6,OPEN,-0.645,-0.279,1.2,-0.644,-1.19,2.101,101.5,152.7,-71.0,0,-0.602,-1.086,2.161,271.5,323.9,494.8,455.0,-0.602,-1.086,2.161,338.5,364.4,427.8,414.4,DOCKED,1,0.127,1,BOX_OPENED,0.88,Deterministic kinematic fallback verification.
332,93.826,2026-09-24T14:08:23.185799Z,2.9,2,OBJECT_EXTRACTED,HOLDING COMPONENT BOX,ERROR_REGRESSION,WRONG MOVE: Red box has been returned to container. This undoes a completed step. Please re-extract the red box.,59.7,OPEN,-0.65,-0.287,1.2,-0.647,-1.194,2.098,98.7,150.5,-70.2,0,-0.602,-1.085,2.161,272.0,325.6,494.9,455.4,-0.463,-1.241,2.013,468.0,140.0,526.0,210.0,RELEASED,0,0.208,1,BOX_OPENED,0.88,Deterministic kinematic fallback verification.
333,94.146,2026-09-24T14:08:23.506146Z,2.5,2,OBJECT_EXTRACTED,HOLDING COMPONENT BOX,ERROR_REGRESSION,WRONG MOVE: Red box has been returned to container. This undoes a completed step. Please re-extract the red box.,59.9,OPEN,-0.652,-0.291,1.2,-0.65,-1.198,2.096,93.5,149.0,-68.3,0,-0.601,-1.085,2.161,272.5,325.5,496.0,455.3,-0.463,-1.241,2.013,468.0,140.0,526.0,210.0,RELEASED,0,0.209,1,BOX_OPENED,0.88,Deterministic kinematic fallback verification.
334,94.395,2026-09-24T14:08:23.754433Z,3.3,2,OBJECT_EXTRACTED,HOLDING COMPONENT BOX,ERROR_REGRESSION,WRONG MOVE: Red box has been returned to container. This undoes a completed step. Please re-extract the red box.,60.6,OPEN,-0.652,-0.295,1.2,-0.651,-1.202,2.094,89.8,147.6,-66.6,0,-0.6,-1.084,2.162,272.6,327.3,496.9,455.3,-0.463,-1.241,2.013,468.0,140.0,526.0,210.0,RELEASED,0,0.208,1,BOX_OPENED,0.88,Deterministic kinematic fallback verification.
335,94.574,2026-09-24T14:08:23.934092Z,4.0,2,OBJECT_EXTRACTED,HOLDING COMPONENT BOX,ERROR_REGRESSION,WRONG MOVE: Red box has been returned to container. This undoes a completed step. Please re-extract the red box.,61.0,OPEN,-0.655,-0.301,1.2,-0.653,-1.207,2.091,83.4,144.6,-63.6,0,-0.599,-1.085,2.161,272.5,325.9,499.6,454.9,-0.462,-1.241,2.013,468.0,140.0,528.0,210.0,RELEASED,0,0.209,1,BOX_OPENED,0.88,Deterministic kinematic fallback verification.
336,94.853,2026-09-24T14:08:24.212769Z,5.6,2,OBJECT_EXTRACTED,PICKING COMPONENT BOX,ERROR_REGRESSION,WRONG MOVE: Red box has been returned to container. This undoes a completed step. Please re-extract the red box.,61.2,OPEN,-0.657,-0.308,1.2,-0.655,-1.212,2.088,77.4,142.2,-62.5,0,-0.599,-1.086,2.161,272.5,324.0,498.6,454.7,-0.709,-1.25,2.008,212.0,126.0,290.0,203.0,EXTRACTED,0,0.104,1,BOX_OPENED,0.88,Deterministic kinematic fallback verification.
337,95.03,2026-09-24T14:08:24.389671Z,3.6,2,OBJECT_EXTRACTED,PICKING COMPONENT BOX,ERROR_REGRESSION,WRONG MOVE: Red box has been returned to container. This undoes a completed step. Please re-extract the red box.,60.9,OPEN,-0.658,-0.318,1.2,-0.656,-1.218,2.084,75.2,144.2,-62.3,0,-0.6,-1.086,2.161,271.7,323.7,497.5,454.8,-0.709,-1.25,2.008,212.0,126.0,290.0,204.0,EXTRACTED,0,0.097,1,BOX_OPENED,0.88,Deterministic kinematic fallback verification.
338,95.206,2026-09-24T14:08:24.566282Z,5.7,2,OBJECT_EXTRACTED,PICKING COMPONENT BOX,ERROR_REGRESSION,WRONG MOVE: Red box has been returned to container. This undoes a completed step. Please re-extract the red box.,60.9,OPEN,-0.664,-0.318,1.2,-0.66,-1.222,2.082,72.6,143.1,-61.3,0,-0.601,-1.087,2.16,271.2,322.2,496.8,454.7,-0.709,-1.25,2.008,212.0,126.0,290.0,203.0,EXTRACTED,0,0.093,1,BOX_OPENED,0.88,Deterministic kinematic fallback verification.
339,95.379,2026-09-24T14:08:24.738571Z,5.7,2,OBJECT_EXTRACTED,PICKING COMPONENT BOX,ERROR_REGRESSION,WRONG MOVE: Red box has been returned to container. This undoes a completed step. Please re-extract the red box.,60.7,OPEN,-0.659,-0.322,1.2,-0.662,-1.222,2.082,70.4,141.9,-62.0,0,-0.601,-1.088,2.16,270.6,320.9,497.5,454.3,-0.709,-1.25,2.008,212.0,126.0,290.0,203.0,EXTRACTED,0,0.092,1,BOX_OPENED,0.88,Deterministic kinematic fallback verification.
340,95.568,2026-09-24T14:08:24.927919Z,5.8,2,OBJECT_EXTRACTED,PICKING COMPONENT BOX,ERROR_REGRESSION,WRONG MOVE: Red box has been returned to container. This undoes a completed step. Please re-extract the red box.,60.4,OPEN,-0.653,-0.328,1.2,-0.654,-1.227,2.08,66.1,141.6,-62.2,0,-0.601,-1.088,2.16,270.3,320.8,497.0,454.2,-0.709,-1.251,2.008,212.0,126.0,290.0,202.0,EXTRACTED,0,0.094,1,BOX_OPENED,0.88,Deterministic kinematic fallback verification.
341,95.917,2026-09-24T14:08:25.277277Z,5.0,2,OBJECT_EXTRACTED,PICKING COMPONENT BOX,ERROR_REGRESSION,WRONG MOVE: Red box has been returned to container. This undoes a completed step. Please re-extract the red box.,59.8,OPEN,-0.625,-0.348,1.2,-0.639,-1.24,2.072,55.2,143.2,-63.7,0,-0.602,-1.088,2.16,270.1,320.7,496.4,454.2,-0.563,-1.224,2.023,354.0,160.0,440.0,229.0,EXTRACTED,0,0.092,1,BOX_OPENED,0.88,Deterministic kinematic fallback verification.
342,96.24,2026-09-24T14:08:25.599415Z,3.0,2,OBJECT_EXTRACTED,PICKING COMPONENT BOX,ERROR_REGRESSION,WRONG MOVE: Red box has been returned to container. This undoes a completed step. Please re-extract the red box.,58.9,OPEN,-0.628,-0.352,1.2,-0.633,-1.248,2.067,52.2,144.2,-64.0,0,-0.602,-1.088,2.16,270.2,320.2,496.1,454.3,-0.567,-1.229,2.02,352.0,148.0,435.0,229.0,EXTRACTED,0,0.084,1,BOX_OPENED,0.88,Deterministic kinematic fallback verification.
343,96.404,2026-09-24T14:08:25.763417Z,3.1,2,OBJECT_EXTRACTED,PICKING COMPONENT BOX,ERROR_REGRESSION,WRONG MOVE: Red box has been returned to container. This undoes a completed step. Please re-extract the red box.,58.1,OPEN,-0.635,-0.357,1.2,-0.648,-1.25,2.067,49.1,142.6,-63.4,0,-0.602,-1.088,2.16,269.9,320.2,495.7,454.3,-0.567,-1.235,2.017,350.0,136.0,435.0,229.0,EXTRACTED,0,0.096,1,BOX_OPENED,0.88,Deterministic kinematic fallback verification.
344,96.59,2026-09-24T14:08:25.949460Z,6.3,2,OBJECT_EXTRACTED,PICKING COMPONENT BOX,ERROR_REGRESSION,WRONG MOVE: Red box has been returned to container. This undoes a completed step. Please re-extract the red box.,57.6,OPEN,-0.639,-0.358,1.2,-0.654,-1.255,2.064,48.8,143.8,-63.2,0,-0.603,-1.088,2.16,269.7,320.5,495.0,454.4,-0.568,-1.237,2.016,350.0,130.0,434.0,229.0,EXTRACTED,0,0.1,1,BOX_OPENED,0.88,Deterministic kinematic fallback verification.
345,97.374,2026-09-24T14:08:26.733661Z,5.4,2,OBJECT_EXTRACTED,PICKING COMPONENT BOX,ERROR_REGRESSION,WRONG MOVE: Red box has been returned to container. This undoes a completed step. Please re-extract the red box.,57.4,OPEN,-0.65,-0.356,1.2,-0.652,-1.257,2.062,48.1,143.4,-62.2,0,-0.603,-1.088,2.16,269.5,320.5,494.6,454.4,-0.568,-1.24,2.014,352.0,124.0,432.0,229.0,EXTRACTED,0,0.098,1,BOX_OPENED,0.88,Deterministic kinematic fallback verification.
346,97.63,2026-09-24T14:08:26.990378Z,1.2,3,OBJECT_RETURNED,PICKING COMPONENT BOX,NONE,Yellow box extracted. Next step: Please return both yellow and red boxes into the container.,57.5,OPEN,-0.652,-0.353,1.2,-0.652,-1.256,2.063,49.1,143.2,-61.8,0,-0.603,-1.088,2.159,269.6,320.1,494.5,454.2,-0.567,-1.242,2.013,354.0,120.0,431.0,229.0,EXTRACTED,0,0.099,1,BOX_OPENED,0.88,Deterministic kinematic fallback verification.
347,97.941,2026-09-24T14:08:27.301359Z,3.3,3,OBJECT_RETURNED,PICKING COMPONENT BOX,NONE,Yellow box extracted. Next step: Please return both yellow and red boxes into the container.,57.7,OPEN,-0.655,-0.349,1.2,-0.654,-1.254,2.064,49.5,143.6,-62.5,0,-0.604,-1.088,2.159,269.5,319.7,493.7,454.1,-0.567,-1.244,2.012,356.0,114.0,430.0,229.0,EXTRACTED,0,0.102,1,BOX_OPENED,0.88,Deterministic kinematic fallback verification.
348,98.103,2026-09-24T14:08:27.463211Z,4.4,3,OBJECT_RETURNED,PICKING COMPONENT BOX,NONE,Yellow box extracted. Next step: Please return both yellow and red boxes into the container.,58.1,OPEN,-0.656,-0.349,1.2,-0.655,-1.253,2.064,51.1,144.7,-61.8,0,-0.604,-1.088,2.159,269.5,319.4,493.3,454.2,-0.567,-1.25,2.008,356.0,106.0,429.0,224.0,EXTRACTED,0,0.104,1,BOX_OPENED,0.88,Deterministic kinematic fallback verification.
349,98.276,2026-09-24T14:08:27.635698Z,6.4,3,OBJECT_RETURNED,PICKING COMPONENT BOX,NONE,Yellow box extracted. Next step: Please return both yellow and red boxes into the container.,58.6,OPEN,-0.656,-0.35,1.2,-0.655,-1.253,2.064,50.3,143.9,-61.0,0,-0.604,-1.088,2.159,269.3,319.5,492.9,454.2,-0.567,-1.251,2.007,356.0,104.0,430.0,222.0,EXTRACTED,0,0.105,1,BOX_OPENED,0.88,Deterministic kinematic fallback verification.
350,98.46,2026-09-24T14:08:27.820021Z,5.7,3,OBJECT_RETURNED,PICKING COMPONENT BOX,NONE,Yellow box extracted. Next step: Please return both yellow and red boxes into the container.,58.8,OPEN,-0.654,-0.35,1.2,-0.655,-1.253,2.064,50.3,144.0,-61.0,0,-0.604,-1.088,2.16,269.1,320.2,492.5,454.5,-0.567,-1.253,2.006,356.0,100.0,430.0,222.0,EXTRACTED,0,0.105,1,BOX_OPENED,0.88,Deterministic kinematic fallback verification.
351,98.633,2026-09-24T14:08:27.992827Z,5.5,3,OBJECT_RETURNED,PICKING COMPONENT BOX,NONE,Yellow box extracted. Next step: Please return both yellow and red boxes into the container.,58.7,OPEN,-0.654,-0.351,1.2,-0.654,-1.254,2.064,48.2,144.4,-62.3,0,-0.604,-1.088,2.16,269.4,320.5,492.3,454.5,-0.567,-1.253,2.006,356.0,100.0,431.0,222.0,EXTRACTED,0,0.105,1,BOX_OPENED,0.88,Deterministic kinematic fallback verification.
352,98.792,2026-09-24T14:08:28.152162Z,5.7,3,OBJECT_RETURNED,PICKING COMPONENT BOX,NONE,Yellow box extracted. Next step: Please return both yellow and red boxes into the container.,58.5,OPEN,-0.654,-0.35,1.2,-0.654,-1.253,2.064,48.7,143.9,-60.7,0,-0.604,-1.088,2.16,269.4,320.5,492.8,454.6,-0.565,-1.252,2.007,356.0,102.0,434.0,223.0,EXTRACTED,0,0.106,2,OBJECT_EXTRACTED,0.88,Deterministic kinematic fallback verification.
353,98.952,2026-09-24T14:08:28.311851Z,6.2,3,OBJECT_RETURNED,PICKING COMPONENT BOX,NONE,Yellow box extracted. Next step: Please return both yellow and red boxes into the container.,58.3,OPEN,-0.653,-0.35,1.2,-0.654,-1.253,2.064,49.2,144.1,-61.3,0,-0.604,-1.087,2.16,269.9,321.2,492.6,454.8,-0.565,-1.251,2.007,356.0,102.0,434.0,224.0,EXTRACTED,0,0.105,2,OBJECT_EXTRACTED,0.88,Deterministic kinematic fallback verification.
354,99.11,2026-09-24T14:08:28.469889Z,6.3,3,OBJECT_RETURNED,PICKING COMPONENT BOX,NONE,Yellow box extracted. Next step: Please return both yellow and red boxes into the container.,58.0,OPEN,-0.653,-0.348,1.2,-0.653,-1.252,2.065,48.3,143.3,-60.8,0,-0.604,-1.087,2.16,270.3,321.6,492.3,455.1,-0.566,-1.25,2.008,358.0,104.0,431.0,226.0,EXTRACTED,0,0.104,2,OBJECT_EXTRACTED,0.88,Deterministic kinematic fallback verification.
355,99.271,2026-09-24T14:08:28.630959Z,6.3,3,OBJECT_RETURNED,PICKING COMPONENT BOX,NONE,Yellow box extracted. Next step: Please return both yellow and red boxes into the container.,57.8,OPEN,-0.654,-0.346,1.2,-0.654,-1.251,2.065,48.9,143.2,-60.9,0,-0.604,-1.087,2.16,270.2,321.8,492.2,455.2,-0.566,-1.248,2.009,358.0,106.0,431.0,228.0,EXTRACTED,0,0.105,2,OBJECT_EXTRACTED,0.88,Deterministic kinematic fallback verification.
356,99.448,2026-09-24T14:08:28.807441Z,6.2,3,OBJECT_RETURNED,PICKING COMPONENT BOX,NONE,Yellow box extracted. Next step: Please return both yellow and red boxes into the container.,58.4,OPEN,-0.653,-0.347,1.2,-0.653,-1.251,2.066,47.7,143.4,-60.8,0,-0.604,-1.086,2.16,270.0,322.7,492.2,455.2,-0.564,-1.247,2.01,358.0,108.0,434.0,228.0,EXTRACTED,0,0.105,2,OBJECT_EXTRACTED,0.88,Deterministic kinematic fallback verification.
357,99.598,2026-09-24T14:08:28.957903Z,5.7,3,OBJECT_RETURNED,PICKING COMPONENT BOX,NONE,Yellow box extracted. Next step: Please return both yellow and red boxes into the container.,59.0,OPEN,-0.652,-0.347,1.2,-0.653,-1.251,2.066,47.2,143.4,-60.9,0,-0.604,-1.086,2.161,270.2,323.3,491.9,455.1,-0.564,-1.247,2.01,358.0,108.0,434.0,229.0,EXTRACTED,0,0.105,2,OBJECT_EXTRACTED,0.88,Deterministic kinematic fallback verification.
358,99.75,2026-09-24T14:08:29.110130Z,6.7,3,OBJECT_RETURNED,PICKING COMPONENT BOX,NONE,Yellow box extracted. Next step: Please return both yellow and red boxes into the container.,59.5,OPEN,-0.651,-0.346,1.2,-0.652,-1.25,2.066,47.7,143.3,-61.1,0,-0.604,-1.086,2.161,270.2,323.4,492.6,455.0,-0.562,-1.246,2.011,360.0,110.0,436.0,229.0,EXTRACTED,0,0.106,2,OBJECT_EXTRACTED,0.88,Deterministic kinematic fallback verification.
359,99.929,2026-09-24T14:08:29.289162Z,6.5,3,OBJECT_RETURNED,PICKING COMPONENT BOX,NONE,Yellow box extracted. Next step: Please return both yellow and red boxes into the container.,60.0,OPEN,-0.651,-0.346,1.2,-0.652,-1.25,2.066,47.4,144.2,-61.2,0,-0.603,-1.086,2.161,270.5,323.7,493.2,455.3,-0.562,-1.246,2.011,360.0,110.0,436.0,229.0,EXTRACTED,0,0.106,2,OBJECT_EXTRACTED,0.88,Deterministic kinematic fallback verification.
360,100.803,2026-09-24T14:08:30.162865Z,5.6,3,OBJECT_RETURNED,PICKING COMPONENT BOX,NONE,Yellow box extracted. Next step: Please return both yellow and red boxes into the container.,60.2,OPEN,-0.649,-0.345,1.2,-0.65,-1.249,2.066,48.1,144.5,-61.7,0,-0.603,-1.086,2.161,270.8,323.8,494.1,455.0,-0.562,-1.246,2.011,360.0,110.0,436.0,229.0,EXTRACTED,0,0.104,2,OBJECT_EXTRACTED,0.88,Deterministic kinematic fallback verification.
361,101.056,2026-09-24T14:08:30.415934Z,1.1,3,OBJECT_RETURNED,PICKING COMPONENT BOX,NONE,Yellow box extracted. Next step: Please return both yellow and red boxes into the container.,60.5,OPEN,-0.648,-0.345,1.2,-0.649,-1.249,2.067,48.2,145.1,-61.8,0,-0.602,-1.086,2.161,271.3,324.1,494.2,454.8,-0.561,-1.245,2.011,362.0,112.0,436.0,229.0,EXTRACTED,0,0.104,2,OBJECT_EXTRACTED,0.88,Deterministic kinematic fallback verification.
362,101.28,2026-09-24T14:08:30.639794Z,4.7,3,OBJECT_RETURNED,PICKING COMPONENT BOX,NONE,Yellow box extracted. Next step: Please return both yellow and red boxes into the container.,60.6,OPEN,-0.647,-0.344,1.2,-0.648,-1.249,2.067,48.3,144.9,-61.7,0,-0.602,-1.086,2.161,271.8,324.6,495.1,455.2,-0.56,-1.245,2.011,362.0,112.0,438.0,229.0,EXTRACTED,0,0.104,2,OBJECT_EXTRACTED,0.88,Deterministic kinematic fallback verification.
363,101.436,2026-09-24T14:08:30.796314Z,4.5,3,OBJECT_RETURNED,PICKING COMPONENT BOX,NONE,Yellow box extracted. Next step: Please return both yellow and red boxes into the container.,60.6,OPEN,-0.645,-0.343,1.2,-0.647,-1.248,2.067,48.4,145.2,-61.9,0,-0.601,-1.086,2.161,272.9,324.5,495.8,455.3,-0.56,-1.245,2.011,362.0,112.0,438.0,229.0,EXTRACTED,0,0.103,2,OBJECT_EXTRACTED,0.88,Deterministic kinematic fallback verification.
364,101.587,2026-09-24T14:08:30.946930Z,6.4,3,OBJECT_RETURNED,PICKING COMPONENT BOX,NONE,Yellow box extracted. Next step: Please return both yellow and red boxes into the container.,60.7,OPEN,-0.648,-0.34,1.2,-0.648,-1.246,2.068,49.2,145.0,-62.0,0,-0.599,-1.086,2.161,274.9,324.6,497.2,455.3,-0.557,-1.245,2.011,364.0,112.0,442.0,229.0,EXTRACTED,0,0.107,2,OBJECT_EXTRACTED,0.88,Deterministic kinematic fallback verification.
365,101.745,2026-09-24T14:08:31.105394Z,6.6,3,OBJECT_RETURNED,PICKING COMPONENT BOX,NONE,Yellow box extracted. Next step: Please return both yellow and red boxes into the container.,60.8,OPEN,-0.648,-0.34,1.2,-0.651,-1.244,2.07,49.1,145.0,-62.1,0,-0.598,-1.085,2.161,275.6,324.8,498.5,455.4,-0.557,-1.245,2.011,364.0,112.0,442.0,229.0,EXTRACTED,0,0.11,2,OBJECT_EXTRACTED,0.88,Deterministic kinematic fallback verification.
366,101.923,2026-09-24T14:08:31.283274Z,6.3,3,OBJECT_RETURNED,PICKING COMPONENT BOX,NONE,Yellow box extracted. Next step: Please return both yellow and red boxes into the container.,60.7,OPEN,-0.647,-0.339,1.2,-0.65,-1.244,2.07,49.4,145.1,-61.9,0,-0.598,-1.086,2.161,276.1,324.7,498.7,455.3,-0.58,-1.284,2.047,367.3,110.2,441.0,231.7,EXTRACTED,0,0.084,2,OBJECT_EXTRACTED,0.88,Deterministic kinematic fallback verification.
367,102.146,2026-09-24T14:08:31.505790Z,5.6,3,OBJECT_RETURNED,PICKING COMPONENT BOX,NONE,Yellow box extracted. Next step: Please return both yellow and red boxes into the container.,60.8,OPEN,-0.646,-0.339,1.2,-0.648,-1.244,2.07,49.6,143.7,-61.3,0,-0.597,-1.085,2.161,276.6,325.1,498.8,455.5,-0.579,-1.282,2.047,367.9,111.6,441.9,233.1,EXTRACTED,0,0.082,2,OBJECT_EXTRACTED,0.88,Deterministic kinematic fallback verification.
368,102.337,2026-09-24T14:08:31.696929Z,4.4,3,OBJECT_RETURNED,PICKING COMPONENT BOX,NONE,Yellow box extracted. Next step: Please return both yellow and red boxes into the container.,60.7,OPEN,-0.647,-0.338,1.2,-0.647,-1.243,2.07,50.9,143.8,-61.3,0,-0.597,-1.085,2.161,277.2,325.1,499.4,455.5,-0.579,-1.282,2.048,368.3,112.3,442.4,233.6,EXTRACTED,0,0.082,2,OBJECT_EXTRACTED,0.88,Deterministic kinematic fallback verification.
369,102.493,2026-09-24T14:08:31.853398Z,5.3,3,OBJECT_RETURNED,PICKING COMPONENT BOX,NONE,Yellow box extracted. Next step: Please return both yellow and red boxes into the container.,60.7,OPEN,-0.647,-0.337,1.2,-0.647,-1.242,2.07,51.3,143.9,-61.1,0,-0.596,-1.085,2.161,277.5,325.3,499.4,455.4,-0.578,-1.281,2.048,368.7,113.1,442.8,234.4,EXTRACTED,0,0.082,2,OBJECT_EXTRACTED,0.88,Deterministic kinematic fallback verification.
370,102.646,2026-09-24T14:08:32.005788Z,6.3,3,OBJECT_RETURNED,PICKING COMPONENT BOX,NONE,Yellow box extracted. Next step: Please return both yellow and red boxes into the container.,60.8,OPEN,-0.648,-0.337,1.2,-0.647,-1.242,2.071,51.4,144.3,-61.3,0,-0.597,-1.085,2.161,277.0,325.1,499.0,455.4,-0.578,-1.281,2.048,369.3,113.4,443.3,234.3,EXTRACTED,0,0.083,2,OBJECT_EXTRACTED,0.88,Deterministic kinematic fallback verification.
371,102.825,2026-09-24T14:08:32.185259Z,6.7,3,OBJECT_RETURNED,PICKING COMPONENT BOX,NONE,Yellow box extracted. Next step: Please return both yellow and red boxes into the container.,60.8,OPEN,-0.647,-0.337,1.2,-0.647,-1.242,2.071,51.1,143.8,-61.0,0,-0.597,-1.085,2.161,276.9,325.2,498.4,455.5,-0.577,-1.281,2.048,369.8,113.3,443.6,234.1,EXTRACTED,0,0.083,2,OBJECT_EXTRACTED,0.88,Deterministic kinematic fallback verification.
372,103.195,2026-09-24T14:08:32.555414Z,5.5,3,OBJECT_RETURNED,PICKING COMPONENT BOX,NONE,Yellow box extracted. Next step: Please return both yellow and red boxes into the container.,60.6,OPEN,-0.647,-0.339,1.2,-0.647,-1.243,2.07,49.9,144.5,-61.4,0,-0.597,-1.086,2.161,276.4,324.7,498.4,455.4,-0.554,-1.244,2.012,370.0,114.0,441.0,229.0,EXTRACTED,0,0.11,2,OBJECT_EXTRACTED,0.88,Deterministic kinematic fallback verification.
373,103.375,2026-09-24T14:08:32.734462Z,2.7,3,OBJECT_RETURNED,PICKING COMPONENT BOX,NONE,Yellow box extracted. Next step: Please return both yellow and red boxes into the container.,60.5,OPEN,-0.648,-0.339,1.2,-0.647,-1.243,2.07,49.8,144.2,-61.3,0,-0.598,-1.085,2.161,276.2,324.7,497.8,455.4,-0.554,-1.244,2.012,370.0,114.0,442.0,229.0,EXTRACTED,0,0.11,2,OBJECT_EXTRACTED,0.88,Deterministic kinematic fallback verification.
374,103.545,2026-09-24T14:08:32.905119Z,5.5,3,OBJECT_RETURNED,PICKING COMPONENT BOX,NONE,Yellow box extracted. Next step: Please return both yellow and red boxes into the container.,60.5,OPEN,-0.646,-0.339,1.2,-0.647,-1.244,2.07,51.1,144.6,-61.5,0,-0.597,-1.085,2.161,276.6,325.1,498.8,455.5,-0.553,-1.244,2.012,372.0,114.0,443.0,229.0,EXTRACTED,0,0.111,2,OBJECT_EXTRACTED,0.88,Deterministic kinematic fallback verification.
375,104.373,2026-09-24T14:08:33.732707Z,5.9,3,OBJECT_RETURNED,PICKING COMPONENT BOX,NONE,Yellow box extracted. Next step: Please return both yellow and red boxes into the container.,60.6,OPEN,-0.642,-0.34,1.2,-0.644,-1.244,2.07,50.8,144.4,-61.3,0,-0.597,-1.085,2.161,277.2,325.5,498.3,455.6,-0.551,-1.244,2.012,374.0,114.0,444.0,229.0,EXTRACTED,0,0.11,2,OBJECT_EXTRACTED,0.88,Deterministic kinematic fallback verification.
376,104.653,2026-09-24T14:08:34.012916Z,1.1,3,OBJECT_RETURNED,PICKING COMPONENT BOX,NONE,Yellow box extracted. Next step: Please return both yellow and red boxes into the container.,60.7,OPEN,-0.637,-0.338,1.2,-0.64,-1.243,2.07,54.5,146.1,-63.4,0,-0.596,-1.085,2.161,277.8,326.3,499.5,455.5,-0.549,-1.244,2.012,374.0,114.0,447.0,229.0,EXTRACTED,0,0.108,2,OBJECT_EXTRACTED,0.88,Deterministic kinematic fallback verification.
377,104.873,2026-09-24T14:08:34.232665Z,4.5,3,OBJECT_RETURNED,PICKING COMPONENT BOX,NONE,Yellow box extracted. Next step: Please return both yellow and red boxes into the container.,60.8,OPEN,-0.634,-0.338,1.2,-0.637,-1.243,2.07,53.2,144.2,-61.6,0,-0.596,-1.084,2.162,278.1,326.8,499.7,455.6,-0.548,-1.244,2.012,376.0,114.0,448.0,229.0,EXTRACTED,0,0.107,2,OBJECT_EXTRACTED,0.88,Deterministic kinematic fallback verification.
378,105.109,2026-09-24T14:08:34.469006Z,4.5,3,OBJECT_RETURNED,PICKING COMPONENT BOX,NONE,Yellow box extracted. Next step: Please return both yellow and red boxes into the container.,61.1,OPEN,-0.637,-0.338,1.2,-0.637,-1.243,2.07,54.5,145.7,-63.4,0,-0.596,-1.084,2.162,278.1,326.7,499.8,455.6,-0.546,-1.244,2.012,378.0,114.0,450.0,229.0,EXTRACTED,0,0.108,2,OBJECT_EXTRACTED,0.88,Deterministic kinematic fallback verification.
379,105.342,2026-09-24T14:08:34.702233Z,4.1,3,OBJECT_RETURNED,PICKING COMPONENT BOX,NONE,Yellow box extracted. Next step: Please return both yellow and red boxes into the container.,61.1,OPEN,-0.637,-0.341,1.2,-0.637,-1.244,2.07,50.1,143.9,-60.9,0,-0.596,-1.085,2.161,277.7,326.4,499.6,455.4,-0.546,-1.244,2.012,378.0,114.0,450.0,229.0,EXTRACTED,0,0.108,2,OBJECT_EXTRACTED,0.88,Deterministic kinematic fallback verification.
380,105.55,2026-09-24T14:08:34.910327Z,4.4,3,OBJECT_RETURNED,PICKING COMPONENT BOX,NONE,Yellow box extracted. Next step: Please return both yellow and red boxes into the container.,61.1,OPEN,-0.639,-0.343,1.2,-0.638,-1.246,2.069,48.5,143.0,-60.4,0,-0.597,-1.085,2.161,277.4,326.0,498.8,455.3,-0.544,-1.245,2.011,380.0,112.0,452.0,229.0,EXTRACTED,0,0.11,2,OBJECT_EXTRACTED,0.88,Deterministic kinematic fallback verification.
381,105.912,2026-09-24T14:08:35.271425Z,4.8,3,OBJECT_RETURNED,PICKING COMPONENT BOX,NONE,Yellow box extracted. Next step: Please return both yellow and red boxes into the container.,61.2,OPEN,-0.636,-0.345,1.2,-0.637,-1.247,2.068,48.3,142.1,-60.2,0,-0.597,-1.085,2.161,277.1,326.1,498.2,455.3,-0.544,-1.245,2.011,382.0,112.0,451.0,228.0,EXTRACTED,0,0.11,2,OBJECT_EXTRACTED,0.88,Deterministic kinematic fallback verification.
382,106.179,2026-09-24T14:08:35.538505Z,2.8,3,OBJECT_RETURNED,PICKING COMPONENT BOX,NONE,Yellow box extracted. Next step: Please return both yellow and red boxes into the container.,61.3,OPEN,-0.64,-0.342,1.2,-0.639,-1.247,2.068,49.1,141.3,-59.9,0,-0.598,-1.085,2.161,276.3,326.2,497.4,455.1,-0.543,-1.246,2.01,382.0,112.0,452.0,226.0,EXTRACTED,0,0.112,2,OBJECT_EXTRACTED,0.88,Deterministic kinematic fallback verification.
383,106.396,2026-09-24T14:08:35.755458Z,3.7,3,OBJECT_RETURNED,PICKING COMPONENT BOX,NONE,Yellow box extracted. Next step: Please return both yellow and red boxes into the container.,61.3,OPEN,-0.64,-0.341,1.2,-0.639,-1.246,2.068,49.5,141.2,-59.3,0,-0.599,-1.085,2.161,275.6,325.8,496.8,455.2,-0.543,-1.246,2.01,382.0,112.0,452.0,226.0,EXTRACTED,0,0.112,2,OBJECT_EXTRACTED,0.88,Deterministic kinematic fallback verification.
384,106.62,2026-09-24T14:08:35.980054Z,4.7,3,OBJECT_RETURNED,PICKING COMPONENT BOX,NONE,Yellow box extracted. Next step: Please return both yellow and red boxes into the container.,61.4,OPEN,-0.634,-0.344,1.2,-0.637,-1.247,2.068,48.8,143.1,-59.7,0,-0.598,-1.085,2.161,275.7,325.3,497.3,455.1,-0.538,-1.248,2.009,384.0,110.0,460.0,224.0,EXTRACTED,0,0.115,2,OBJECT_EXTRACTED,0.88,Deterministic kinematic fallback verification.
385,106.771,2026-09-24T14:08:36.131022Z,4.5,3,OBJECT_RETURNED,PICKING COMPONENT BOX,NONE,Yellow box extracted. Next step: Please return both yellow and red boxes into the container.,61.5,OPEN,-0.636,-0.344,1.2,-0.633,-1.249,2.067,48.9,142.4,-59.4,0,-0.598,-1.085,2.161,276.2,325.3,497.9,455.1,-0.538,-1.25,2.008,386.0,106.0,459.0,224.0,EXTRACTED,0,0.112,2,OBJECT_EXTRACTED,0.88,Deterministic kinematic fallback verification.
386,106.935,2026-09-24T14:08:36.294486Z,6.6,3,OBJECT_RETURNED,PICKING COMPONENT BOX,NONE,Yellow box extracted. Next step: Please return both yellow and red boxes into the container.,61.4,OPEN,-0.633,-0.34,1.2,-0.634,-1.247,2.068,49.7,140.7,-59.6,0,-0.596,-1.085,2.161,277.5,325.8,500.0,455.0,-0.537,-1.25,2.008,384.0,106.0,462.0,224.0,EXTRACTED,0,0.114,2,OBJECT_EXTRACTED,0.88,Deterministic kinematic fallback verification.
387,107.19,2026-09-24T14:08:36.549801Z,6.1,3,OBJECT_RETURNED,PICKING COMPONENT BOX,NONE,Yellow box extracted. Next step: Please return both yellow and red boxes into the container.,61.4,OPEN,-0.634,-0.34,1.2,-0.633,-1.245,2.069,50.0,140.9,-59.7,0,-0.596,-1.085,2.161,277.5,325.8,500.1,455.1,-0.537,-1.249,2.009,384.0,108.0,462.0,224.0,EXTRACTED,0,0.114,2,OBJECT_EXTRACTED,0.88,Deterministic kinematic fallback verification.
388,107.414,2026-09-24T14:08:36.774063Z,3.9,3,OBJECT_RETURNED,PICKING COMPONENT BOX,NONE,Yellow box extracted. Next step: Please return both yellow and red boxes into the container.,61.3,OPEN,-0.633,-0.339,1.2,-0.633,-1.244,2.07,50.9,140.2,-59.8,0,-0.596,-1.085,2.161,277.8,325.8,500.3,455.1,-0.537,-1.25,2.008,382.0,106.0,464.0,224.0,EXTRACTED,0,0.114,2,OBJECT_EXTRACTED,0.88,Deterministic kinematic fallback verification.
389,107.568,2026-09-24T14:08:36.927477Z,4.5,3,OBJECT_RETURNED,PICKING COMPONENT BOX,NONE,Yellow box extracted. Next step: Please return both yellow and red boxes into the container.,61.4,OPEN,-0.635,-0.335,1.2,-0.634,-1.242,2.071,52.8,139.6,-60.2,0,-0.596,-1.085,2.161,277.6,326.3,500.0,455.3,-0.537,-1.25,2.008,382.0,106.0,464.0,224.0,EXTRACTED,0,0.116,2,OBJECT_EXTRACTED,0.88,Deterministic kinematic fallback verification.
390,108.487,2026-09-24T14:08:37.847106Z,6.6,3,OBJECT_RETURNED,PICKING COMPONENT BOX,NONE,Yellow box extracted. Next step: Please return both yellow and red boxes into the container.,61.4,OPEN,-0.636,-0.334,1.2,-0.637,-1.239,2.072,53.2,140.6,-60.5,0,-0.597,-1.085,2.161,276.6,326.1,499.2,455.4,-0.539,-1.249,2.009,380.0,106.0,462.0,226.0,EXTRACTED,0,0.117,2,OBJECT_EXTRACTED,0.88,Deterministic kinematic fallback verification.
391,108.71,2026-09-24T14:08:38.069797Z,1.0,3,OBJECT_RETURNED,PICKING COMPONENT BOX,NONE,Yellow box extracted. Next step: Please return both yellow and red boxes into the container.,61.5,OPEN,-0.637,-0.334,1.2,-0.637,-1.239,2.072,53.9,141.0,-60.3,0,-0.598,-1.085,2.161,275.8,325.8,497.4,455.4,-0.54,-1.25,2.008,380.0,106.0,460.0,224.0,EXTRACTED,0,0.117,2,OBJECT_EXTRACTED,0.88,Deterministic kinematic fallback verification.
392,109.193,2026-09-24T14:08:38.552870Z,5.5,3,OBJECT_RETURNED,PICKING COMPONENT BOX,NONE,Yellow box extracted. Next step: Please return both yellow and red boxes into the container.,61.5,OPEN,-0.641,-0.335,1.2,-0.639,-1.24,2.072,53.5,141.7,-60.3,0,-0.599,-1.086,2.161,274.5,324.6,496.9,454.4,-0.54,-1.25,2.008,380.0,106.0,460.0,224.0,EXTRACTED,0,0.118,2,OBJECT_EXTRACTED,0.88,Deterministic kinematic fallback verification.
393,109.537,2026-09-24T14:08:38.896514Z,2.1,3,OBJECT_RETURNED,HOLDING COMPONENT BOX,NONE,Yellow box extracted. Next step: Please return both yellow and red boxes into the container.,61.4,OPEN,-0.644,-0.337,1.2,-0.642,-1.241,2.071,51.6,141.4,-59.8,0,-0.601,-1.086,2.161,273.3,324.6,495.6,454.5,-0.54,-1.251,2.008,380.0,104.0,460.0,224.0,RELEASED,0,0.12,2,OBJECT_EXTRACTED,0.88,Deterministic kinematic fallback verification.
394,109.811,2026-09-24T14:08:39.171197Z,2.9,3,OBJECT_RETURNED,HOLDING COMPONENT BOX,NONE,Yellow box extracted. Next step: Please return both yellow and red boxes into the container.,61.4,OPEN,-0.646,-0.338,1.2,-0.644,-1.242,2.071,49.4,141.3,-60.0,0,-0.601,-1.086,2.161,273.3,325.1,494.9,454.9,-0.539,-1.249,2.009,380.0,106.0,462.0,226.0,RELEASED,0,0.122,2,OBJECT_EXTRACTED,0.88,Deterministic kinematic fallback verification.
395,110.012,2026-09-24T14:08:39.372026Z,3.6,3,OBJECT_RETURNED,HOLDING COMPONENT BOX,NONE,Yellow box extracted. Next step: Please return both yellow and red boxes into the container.,61.2,OPEN,-0.646,-0.343,1.2,-0.645,-1.244,2.069,46.1,141.4,-60.0,0,-0.6,-1.085,2.161,274.4,325.5,496.1,455.1,-0.538,-1.249,2.009,382.0,106.0,462.0,226.0,RELEASED,0,0.123,2,OBJECT_EXTRACTED,0.88,Deterministic kinematic fallback verification.
396,110.288,2026-09-24T14:08:39.648205Z,5.0,3,OBJECT_RETURNED,HOLDING COMPONENT BOX,NONE,Yellow box extracted. Next step: Please return both yellow and red boxes into the container.,61.3,OPEN,-0.645,-0.349,1.2,-0.645,-1.248,2.067,42.4,140.5,-60.2,0,-0.6,-1.085,2.162,274.5,326.6,495.7,455.4,-0.537,-1.247,2.01,384.0,108.0,462.0,228.0,RELEASED,0,0.122,2,OBJECT_EXTRACTED,0.88,Deterministic kinematic fallback verification.
397,110.459,2026-09-24T14:08:39.819165Z,3.6,3,OBJECT_RETURNED,HOLDING COMPONENT BOX,NONE,Yellow box extracted. Next step: Please return both yellow and red boxes into the container.,61.4,OPEN,-0.657,-0.341,1.2,-0.651,-1.247,2.068,44.6,141.1,-59.8,0,-0.6,-1.085,2.162,274.8,326.8,495.4,455.4,-0.537,-1.246,2.011,384.0,110.0,462.0,229.0,RELEASED,0,0.128,2,OBJECT_EXTRACTED,0.88,Deterministic kinematic fallback verification.
398,110.621,2026-09-24T14:08:39.981099Z,5.9,3,OBJECT_RETURNED,HOLDING COMPONENT BOX,NONE,Yellow box extracted. Next step: Please return both yellow and red boxes into the container.,61.4,OPEN,-0.663,-0.339,1.2,-0.667,-1.237,2.074,47.0,141.2,-58.8,0,-0.601,-1.085,2.162,273.7,326.7,494.9,455.4,-0.536,-1.246,2.01,386.0,110.0,462.0,228.0,RELEASED,0,0.146,2,OBJECT_EXTRACTED,0.88,Deterministic kinematic fallback verification.
399,110.776,2026-09-24T14:08:40.135426Z,6.2,3,OBJECT_RETURNED,HOLDING COMPONENT BOX,NONE,Yellow box extracted. Next step: Please return both yellow and red boxes into the container.,61.3,OPEN,-0.682,-0.338,1.2,-0.681,-1.234,2.075,51.2,141.0,-58.7,0,-0.602,-1.085,2.161,272.8,325.8,494.1,455.3,-0.534,-1.246,2.01,388.0,110.0,464.0,228.0,RELEASED,0,0.161,2,OBJECT_EXTRACTED,0.88,Deterministic kinematic fallback verification.
400,110.973,2026-09-24T14:08:40.333067Z,6.4,3,OBJECT_RETURNED,HOLDING COMPONENT BOX,NONE,Yellow box extracted. Next step: Please return both yellow and red boxes into the container.,61.1,OPEN,-0.656,-0.358,1.2,-0.681,-1.244,2.07,41.3,140.7,-61.2,0,-0.602,-1.086,2.161,272.6,324.4,493.9,454.8,-0.534,-1.249,2.009,388.0,106.0,464.0,226.0,RELEASED,0,0.159,2,OBJECT_EXTRACTED,0.88,Deterministic kinematic fallback verification.
401,111.17,2026-09-24T14:08:40.530182Z,5.0,3,OBJECT_RETURNED,HOLDING COMPONENT BOX,NONE,Yellow box extracted. Next step: Please return both yellow and red boxes into the container.,60.9,OPEN,-0.703,-0.343,1.2,-0.69,-1.247,2.068,142.0,141.2,-60.2,0,-0.602,-1.086,2.161,272.2,323.5,493.7,454.7,-0.531,-1.25,2.008,390.0,104.0,468.0,225.0,RELEASED,0,0.169,2,OBJECT_EXTRACTED,0.88,Deterministic kinematic fallback verification.
402,111.471,2026-09-24T14:08:40.830992Z,5.1,3,OBJECT_RETURNED,HOLDING COMPONENT BOX [ROM LIMIT],NONE,Yellow box extracted. Next step: Please return both yellow and red boxes into the container.,60.4,OPEN,-0.733,-0.331,1.2,-0.745,-1.229,2.078,145.0,142.3,-60.1,1,-0.602,-1.087,2.16,272.1,323.2,494.1,454.6,-0.529,-1.251,2.007,390.0,102.0,472.0,224.0,RELEASED,0,0.228,2,OBJECT_EXTRACTED,0.88,Deterministic kinematic fallback verification.
403,111.652,2026-09-24T14:08:41.011967Z,3.3,3,OBJECT_RETURNED,HOLDING COMPONENT BOX [ROM LIMIT],NONE,Yellow box extracted. Next step: Please return both yellow and red boxes into the container.,60.0,OPEN,-0.755,-0.316,1.2,-0.781,-1.212,2.088,145.0,140.3,-56.9,1,-0.602,-1.087,2.16,272.0,323.2,494.2,454.7,-0.528,-1.251,2.008,390.0,102.0,474.0,226.0,RELEASED,0,0.268,2,OBJECT_EXTRACTED,0.88,Deterministic kinematic fallback verification.
404,111.854,2026-09-24T14:08:41.213597Z,5.5,3,OBJECT_RETURNED,HOLDING COMPONENT BOX [ROM LIMIT],NONE,Yellow box extracted. Next step: Please return both yellow and red boxes into the container.,59.5,OPEN,-0.78,-0.298,1.2,-0.778,-1.211,2.089,145.0,138.2,-54.7,1,-0.602,-1.087,2.16,272.4,323.1,494.5,454.6,-0.526,-1.251,2.008,392.0,102.0,476.0,226.0,RELEASED,0,0.268,2,OBJECT_EXTRACTED,0.88,Deterministic kinematic fallback verification.
405,112.875,2026-09-24T14:08:42.234418Z,5.2,3,OBJECT_RETURNED,HOLDING COMPONENT BOX [ROM LIMIT],NONE,Yellow box extracted. Next step: Please return both yellow and red boxes into the container.,59.1,OPEN,-0.792,-0.285,1.2,-0.786,-1.203,2.094,145.0,138.1,-53.1,1,-0.601,-1.086,2.16,272.4,323.5,494.8,454.4,-0.525,-1.25,2.008,392.0,104.0,477.0,226.0,RELEASED,0,0.278,2,OBJECT_EXTRACTED,0.88,Deterministic kinematic fallback verification.
406,113.189,2026-09-24T14:08:42.549394Z,0.9,3,OBJECT_RETURNED,HOLDING COMPONENT BOX [ROM LIMIT],NONE,Yellow box extracted. Next step: Please return both yellow and red boxes into the container.,58.8,OPEN,-0.79,-0.281,1.2,-0.789,-1.197,2.097,145.0,137.2,-53.7,1,-0.601,-1.086,2.161,272.5,323.6,495.7,454.6,-0.498,-1.249,2.009,394.0,104.0,530.0,228.0,RELEASED,0,0.309,2,OBJECT_EXTRACTED,0.88,Deterministic kinematic fallback verification.
407,113.395,2026-09-24T14:08:42.754893Z,4.0,3,OBJECT_RETURNED,HOLDING COMPONENT BOX [ROM LIMIT],NONE,Yellow box extracted. Next step: Please return both yellow and red boxes into the container.,58.4,OPEN,-0.794,-0.271,1.2,-0.792,-1.19,2.101,145.0,137.0,-54.0,1,-0.601,-1.086,2.16,272.2,323.0,496.6,454.9,-0.496,-1.249,2.009,396.0,104.0,532.0,228.0,RELEASED,0,0.315,2,OBJECT_EXTRACTED,0.88,Deterministic kinematic fallback verification.
408,113.594,2026-09-24T14:08:42.953999Z,4.9,3,OBJECT_RETURNED,HOLDING COMPONENT BOX [ROM LIMIT],NONE,Yellow box extracted. Next step: Please return both yellow and red boxes into the container.,58.3,OPEN,-0.792,-0.264,1.2,-0.795,-1.181,2.106,145.0,137.9,-54.5,1,-0.6,-1.087,2.16,272.6,322.8,496.5,454.8,-0.496,-1.249,2.009,396.0,104.0,532.0,228.0,RELEASED,0,0.321,2,OBJECT_EXTRACTED,0.88,Deterministic kinematic fallback verification.
409,113.792,2026-09-24T14:08:43.151650Z,5.0,3,OBJECT_RETURNED,HOLDING COMPONENT BOX [ROM LIMIT],NONE,Yellow box extracted. Next step: Please return both yellow and red boxes into the container.,58.5,OPEN,-0.794,-0.255,1.2,-0.794,-1.173,2.11,145.0,140.3,-54.3,1,-0.6,-1.087,2.16,272.9,322.4,496.9,454.7,-0.496,-1.249,2.009,394.0,104.0,534.0,228.0,RELEASED,0,0.324,2,OBJECT_EXTRACTED,0.88,Deterministic kinematic fallback verification.
410,114.034,2026-09-24T14:08:43.393672Z,5.1,3,OBJECT_RETURNED,HOLDING COMPONENT BOX [ROM LIMIT],NONE,Yellow box extracted. Next step: Please return both yellow and red boxes into the container.,58.8,OPEN,-0.793,-0.246,1.2,-0.793,-1.168,2.113,145.0,141.1,-55.2,1,-0.6,-1.087,2.16,273.0,322.6,497.1,455.1,-0.496,-1.249,2.009,394.0,104.0,534.0,228.0,RELEASED,0,0.325,2,OBJECT_EXTRACTED,0.88,Deterministic kinematic fallback verification.
411,114.231,2026-09-24T14:08:43.591192Z,4.1,3,OBJECT_RETURNED,HOLDING COMPONENT BOX [ROM LIMIT],NONE,Yellow box extracted. Next step: Please return both yellow and red boxes into the container.,58.9,OPEN,-0.79,-0.242,1.2,-0.791,-1.163,2.116,145.0,141.5,-56.4,1,-0.599,-1.086,2.161,273.3,323.3,498.3,455.4,-0.496,-1.248,2.009,394.0,104.0,534.0,229.0,RELEASED,0,0.325,2,OBJECT_EXTRACTED,0.88,Deterministic kinematic fallback verification.
412,114.384,2026-09-24T14:08:43.744285Z,5.1,3,OBJECT_RETURNED,HOLDING COMPONENT BOX [ROM LIMIT],NONE,Yellow box extracted. Next step: Please return both yellow and red boxes into the container.,58.7,OPEN,-0.783,-0.239,1.2,-0.787,-1.16,2.118,145.0,141.8,-57.4,1,-0.599,-1.086,2.161,273.7,323.7,498.5,455.5,-0.497,-1.248,2.009,392.0,104.0,534.0,229.0,RELEASED,0,0.322,2,OBJECT_EXTRACTED,0.88,Deterministic kinematic fallback verification.
413,114.553,2026-09-24T14:08:43.912630Z,6.4,3,OBJECT_RETURNED,HOLDING COMPONENT BOX [ROM LIMIT],NONE,Yellow box extracted. Next step: Please return both yellow and red boxes into the container.,58.8,OPEN,-0.777,-0.236,1.2,-0.779,-1.158,2.119,145.0,142.7,-57.9,1,-0.598,-1.086,2.161,274.9,323.8,499.5,455.3,-0.497,-1.248,2.01,392.0,106.0,534.0,229.0,RELEASED,0,0.315,2,OBJECT_EXTRACTED,0.88,Deterministic kinematic fallback verification.
414,114.756,2026-09-24T14:08:44.116389Z,6.0,3,OBJECT_RETURNED,HOLDING COMPONENT BOX [ROM LIMIT],NONE,Yellow box extracted. Next step: Please return both yellow and red boxes into the container.,59.0,OPEN,-0.774,-0.231,1.2,-0.777,-1.154,2.122,145.0,143.7,-58.8,1,-0.597,-1.086,2.161,276.1,323.9,499.8,455.0,-0.527,-1.248,2.01,390.0,106.0,476.0,229.0,RELEASED,0,0.289,2,OBJECT_EXTRACTED,0.88,Deterministic kinematic fallback verification.
415,114.91,2026-09-24T14:08:44.269926Z,4.9,3,OBJECT_RETURNED,HOLDING COMPONENT BOX [ROM LIMIT],NONE,Yellow box extracted. Next step: Please return both yellow and red boxes into the container.,59.1,OPEN,-0.772,-0.23,1.2,-0.774,-1.151,2.123,145.0,142.5,-59.4,1,-0.596,-1.086,2.161,276.7,323.9,500.1,455.1,-0.528,-1.247,2.01,390.0,108.0,474.0,229.0,RELEASED,0,0.287,2,OBJECT_EXTRACTED,0.88,Deterministic kinematic fallback verification.
416,115.106,2026-09-24T14:08:44.466181Z,6.3,3,OBJECT_RETURNED,HOLDING COMPONENT BOX [ROM LIMIT],NONE,Yellow box extracted. Next step: Please return both yellow and red boxes into the container.,59.3,OPEN,-0.771,-0.231,1.2,-0.773,-1.151,2.123,145.0,142.0,-59.5,1,-0.596,-1.086,2.161,277.1,324.0,499.6,455.0,-0.53,-1.247,2.01,388.0,108.0,472.0,229.0,RELEASED,0,0.284,2,OBJECT_EXTRACTED,0.88,Deterministic kinematic fallback verification.
417,115.258,2026-09-24T14:08:44.618038Z,5.2,3,OBJECT_RETURNED,HOLDING COMPONENT BOX [ROM LIMIT],NONE,Yellow box extracted. Next step: Please return both yellow and red boxes into the container.,59.3,OPEN,-0.767,-0.231,1.2,-0.77,-1.15,2.124,145.0,142.9,-59.5,1,-0.596,-1.086,2.161,277.3,323.9,499.8,454.8,-0.531,-1.247,2.01,388.0,108.0,470.0,229.0,RELEASED,0,0.281,2,OBJECT_EXTRACTED,0.88,Deterministic kinematic fallback verification.
418,115.457,2026-09-24T14:08:44.817303Z,6.5,3,OBJECT_RETURNED,HOLDING COMPONENT BOX [ROM LIMIT],NONE,Yellow box extracted. Next step: Please return both yellow and red boxes into the container.,59.4,OPEN,-0.766,-0.233,1.2,-0.768,-1.151,2.123,145.0,142.4,-59.9,1,-0.596,-1.086,2.161,277.1,324.2,500.0,455.0,-0.535,-1.246,2.011,386.0,110.0,465.0,229.0,RELEASED,0,0.276,2,OBJECT_EXTRACTED,0.88,Deterministic kinematic fallback verification.
419,115.615,2026-09-24T14:08:44.975406Z,5.1,3,OBJECT_RETURNED,HOLDING COMPONENT BOX [ROM LIMIT],NONE,Yellow box extracted. Next step: Please return both yellow and red boxes into the container.,59.4,OPEN,-0.767,-0.234,1.2,-0.768,-1.152,2.123,145.0,142.3,-60.4,1,-0.596,-1.086,2.161,277.6,324.2,499.9,454.8,-0.534,-1.246,2.011,386.0,110.0,466.0,229.0,RELEASED,0,0.276,2,OBJECT_EXTRACTED,0.88,Deterministic kinematic fallback verification.
420,116.486,2026-09-24T14:08:45.845878Z,6.3,3,OBJECT_RETURNED,HOLDING COMPONENT BOX [ROM LIMIT],NONE,Yellow box extracted. Next step: Please return both yellow and red boxes into the container.,59.3,OPEN,-0.768,-0.236,1.2,-0.768,-1.153,2.122,145.0,142.9,-61.1,1,-0.596,-1.086,2.161,277.7,324.3,499.8,454.7,-0.535,-1.246,2.011,386.0,110.0,463.0,229.0,RELEASED,0,0.274,2,OBJECT_EXTRACTED,0.88,Deterministic kinematic fallback verification.
421,116.709,2026-09-24T14:08:46.069381Z,1.1,3,OBJECT_RETURNED,HOLDING COMPONENT BOX [ROM LIMIT],NONE,Yellow box extracted. Next step: Please return both yellow and red boxes into the container.,59.3,OPEN,-0.771,-0.235,1.2,-0.769,-1.153,2.122,145.0,142.8,-61.1,1,-0.596,-1.086,2.161,277.4,324.2,500.0,454.7,-0.534,-1.245,2.011,386.0,112.0,466.0,229.0,RELEASED,0,0.276,2,OBJECT_EXTRACTED,0.88,Deterministic kinematic fallback verification.
422,116.883,2026-09-24T14:08:46.242492Z,5.6,3,OBJECT_RETURNED,HOLDING COMPONENT BOX [ROM LIMIT],NONE,Yellow box extracted. Next step: Please return both yellow and red boxes into the container.,59.2,OPEN,-0.772,-0.234,1.2,-0.771,-1.153,2.122,145.0,142.8,-61.0,1,-0.597,-1.086,2.161,277.3,324.4,498.7,455.1,-0.535,-1.245,2.011,386.0,112.0,463.0,229.0,RELEASED,0,0.276,2,OBJECT_EXTRACTED,0.88,Deterministic kinematic fallback verification.
423,117.091,2026-09-24T14:08:46.450663Z,5.8,3,OBJECT_RETURNED,HOLDING COMPONENT BOX [ROM LIMIT],NONE,Yellow box extracted. Next step: Please return both yellow and red boxes into the container.,59.2,OPEN,-0.772,-0.233,1.2,-0.772,-1.152,2.122,145.0,143.6,-60.8,1,-0.597,-1.086,2.161,276.5,324.3,498.4,455.4,-0.535,-1.245,2.011,386.0,112.0,464.0,229.0,RELEASED,0,0.277,2,OBJECT_EXTRACTED,0.88,Deterministic kinematic fallback verification.
424,117.322,2026-09-24T14:08:46.681698Z,4.7,3,OBJECT_RETURNED,HOLDING COMPONENT BOX [ROM LIMIT],NONE,Yellow box extracted. Next step: Please return both yellow and red boxes into the container.,59.3,OPEN,-0.773,-0.236,1.2,-0.772,-1.153,2.122,145.0,144.4,-61.1,1,-0.598,-1.086,2.161,275.2,324.3,497.9,455.7,-0.534,-1.245,2.011,386.0,112.0,466.0,229.0,RELEASED,0,0.278,2,OBJECT_EXTRACTED,0.88,Deterministic kinematic fallback verification.
425,117.52,2026-09-24T14:08:46.879450Z,4.3,3,OBJECT_RETURNED,HOLDING COMPONENT BOX [ROM LIMIT],NONE,Yellow box extracted. Next step: Please return both yellow and red boxes into the container.,59.3,OPEN,-0.771,-0.244,1.2,-0.772,-1.157,2.12,145.0,144.8,-61.5,1,-0.599,-1.086,2.161,273.6,324.3,497.9,455.8,-0.535,-1.246,2.011,386.0,110.0,465.0,229.0,RELEASED,0,0.276,2,OBJECT_EXTRACTED,0.88,Deterministic kinematic fallback verification.
426,117.761,2026-09-24T14:08:47.120981Z,5.0,3,OBJECT_RETURNED,HOLDING COMPONENT BOX [ROM LIMIT],NONE,Yellow box extracted. Next step: Please return both yellow and red boxes into the container.,59.5,OPEN,-0.774,-0.243,1.2,-0.773,-1.159,2.119,145.0,144.4,-60.1,1,-0.599,-1.085,2.161,274.1,324.4,497.7,455.8,-0.532,-1.247,2.01,386.0,108.0,470.0,229.0,RELEASED,0,0.279,2,OBJECT_EXTRACTED,0.88,Deterministic kinematic fallback verification.
427,117.906,2026-09-24T14:08:47.265810Z,4.3,3,OBJECT_RETURNED,HOLDING COMPONENT BOX [ROM LIMIT],NONE,Yellow box extracted. Next step: Please return both yellow and red boxes into the container.,59.7,OPEN,-0.777,-0.245,1.2,-0.777,-1.157,2.119,145.0,143.8,-58.9,1,-0.599,-1.085,2.161,273.9,324.5,497.5,456.0,-0.532,-1.248,2.01,386.0,106.0,470.0,229.0,RELEASED,0,0.283,2,OBJECT_EXTRACTED,0.88,Deterministic kinematic fallback verification.
428,118.25,2026-09-24T14:08:47.609645Z,6.6,3,OBJECT_RETURNED,HOLDING COMPONENT BOX [ROM LIMIT],NONE,Yellow box extracted. Next step: Please return both yellow and red boxes into the container.,59.7,OPEN,-0.781,-0.247,1.2,-0.779,-1.161,2.117,145.0,144.3,-59.1,1,-0.6,-1.085,2.161,273.7,324.5,497.2,456.0,-0.53,-1.248,2.01,388.0,106.0,472.0,229.0,RELEASED,0,0.285,2,OBJECT_EXTRACTED,0.88,Deterministic kinematic fallback verification.
429,118.659,2026-09-24T14:08:48.018908Z,2.9,3,OBJECT_RETURNED,HOLDING COMPONENT BOX [ROM LIMIT],NONE,Yellow box extracted. Next step: Please return both yellow and red boxes into the container.,59.8,OPEN,-0.781,-0.251,1.2,-0.78,-1.164,2.116,145.0,142.9,-58.7,1,-0.6,-1.085,2.161,273.5,324.4,496.6,456.1,-0.529,-1.248,2.01,388.0,106.0,474.0,229.0,RELEASED,0,0.285,2,OBJECT_EXTRACTED,0.88,Deterministic kinematic fallback verification.
430,119.017,2026-09-24T14:08:48.376842Z,2.5,3,OBJECT_RETURNED,HOLDING COMPONENT BOX [ROM LIMIT],NONE,Yellow box extracted. Next step: Please return both yellow and red boxes into the container.,59.8,OPEN,-0.782,-0.254,1.2,-0.781,-1.167,2.114,145.0,142.5,-58.1,1,-0.6,-1.085,2.161,273.4,324.2,496.7,456.1,-0.529,-1.248,2.009,388.0,104.0,474.0,229.0,RELEASED,0,0.285,2,OBJECT_EXTRACTED,0.88,Deterministic kinematic fallback verification.
431,119.31,2026-09-24T14:08:48.669732Z,2.8,3,OBJECT_RETURNED,HOLDING COMPONENT BOX [ROM LIMIT],NONE,Yellow box extracted. Next step: Please return both yellow and red boxes into the container.,59.8,OPEN,-0.777,-0.268,1.2,-0.779,-1.175,2.109,145.0,142.2,-59.1,1,-0.599,-1.085,2.161,273.8,324.3,497.2,455.9,-0.529,-1.248,2.01,390.0,106.0,472.0,229.0,RELEASED,0,0.279,2,OBJECT_EXTRACTED,0.88,Deterministic kinematic fallback verification.
432,119.488,2026-09-24T14:08:48.847925Z,3.4,3,OBJECT_RETURNED,HOLDING COMPONENT BOX [ROM LIMIT],NONE,Yellow box extracted. Next step: Please return both yellow and red boxes into the container.,59.7,OPEN,-0.775,-0.277,1.2,-0.773,-1.189,2.101,145.0,141.7,-58.8,1,-0.599,-1.085,2.161,273.6,324.2,497.5,456.0,-0.498,-1.248,2.009,390.0,104.0,534.0,229.0,RELEASED,0,0.296,2,OBJECT_EXTRACTED,0.88,Deterministic kinematic fallback verification.
433,119.709,2026-09-24T14:08:49.069350Z,5.6,3,OBJECT_RETURNED,HOLDING COMPONENT BOX [ROM LIMIT],NONE,Yellow box extracted. Next step: Please return both yellow and red boxes into the container.,59.7,OPEN,-0.777,-0.28,1.2,-0.775,-1.191,2.1,145.0,140.9,-58.2,1,-0.6,-1.086,2.161,273.6,324.0,497.3,455.9,-0.529,-1.248,2.009,390.0,104.0,473.0,229.0,RELEASED,0,0.269,2,OBJECT_EXTRACTED,0.88,Deterministic kinematic fallback verification.
434,119.906,2026-09-24T14:08:49.266297Z,4.5,3,OBJECT_RETURNED,HOLDING COMPONENT BOX [ROM LIMIT],NONE,Yellow box extracted. Next step: Please return both yellow and red boxes into the container.,59.6,OPEN,-0.777,-0.288,1.2,-0.777,-1.193,2.099,145.0,141.5,-58.5,1,-0.599,-1.086,2.161,273.7,323.6,497.5,455.6,-0.497,-1.249,2.009,392.0,104.0,534.0,228.0,RELEASED,0,0.3,2,OBJECT_EXTRACTED,0.88,Deterministic kinematic fallback verification.
435,120.852,2026-09-24T14:08:50.211725Z,5.2,3,OBJECT_RETURNED,HOLDING COMPONENT BOX [ROM LIMIT],NONE,Yellow box extracted. Next step: Please return both yellow and red boxes into the container.,60.0,OPEN,-0.77,-0.299,1.2,-0.773,-1.201,2.094,145.0,143.3,-60.5,1,-0.6,-1.086,2.161,274.0,323.5,496.9,455.1,-0.497,-1.249,2.009,392.0,104.0,534.0,228.0,RELEASED,0,0.293,2,OBJECT_EXTRACTED,0.88,Deterministic kinematic fallback verification.
436,121.078,2026-09-24T14:08:50.437807Z,1.0,3,OBJECT_RETURNED,HOLDING COMPONENT BOX [ROM LIMIT],NONE,Yellow box extracted. Next step: Please return both yellow and red boxes into the container.,60.1,OPEN,-0.768,-0.303,1.2,-0.771,-1.208,2.09,145.0,142.8,-60.1,1,-0.599,-1.087,2.16,274.2,323.1,497.2,454.8,-0.497,-1.249,2.009,392.0,104.0,534.0,228.0,RELEASED,0,0.288,2,OBJECT_EXTRACTED,0.88,Deterministic kinematic fallback verification.
437,121.243,2026-09-24T14:08:50.602464Z,5.4,3,OBJECT_RETURNED,HOLDING COMPONENT BOX [ROM LIMIT],NONE,Yellow box extracted. Next step: Please return both yellow and red boxes into the container.,60.1,OPEN,-0.765,-0.314,1.2,-0.768,-1.215,2.086,145.0,143.5,-61.7,1,-0.599,-1.087,2.16,274.5,323.0,497.3,454.4,-0.497,-1.249,2.009,392.0,104.0,534.0,228.0,RELEASED,0,0.284,2,OBJECT_EXTRACTED,0.88,Deterministic kinematic fallback verification.
438,121.39,2026-09-24T14:08:50.749413Z,6.1,3,OBJECT_RETURNED,HOLDING COMPONENT BOX [ROM LIMIT],NONE,Yellow box extracted. Next step: Please return both yellow and red boxes into the container.,60.3,OPEN,-0.761,-0.318,1.2,-0.763,-1.224,2.082,145.0,141.2,-60.3,1,-0.599,-1.087,2.16,274.6,323.1,497.9,454.5,-0.497,-1.249,2.009,392.0,104.0,534.0,228.0,RELEASED,0,0.277,2,OBJECT_EXTRACTED,0.88,Deterministic kinematic fallback verification.
439,121.582,2026-09-24T14:08:50.941535Z,6.9,3,OBJECT_RETURNED,HOLDING COMPONENT BOX [ROM LIMIT],NONE,Yellow box extracted. Next step: Please return both yellow and red boxes into the container.,60.1,OPEN,-0.756,-0.323,1.2,-0.757,-1.227,2.08,145.0,141.8,-60.4,1,-0.598,-1.086,2.16,275.0,323.6,497.9,454.5,-0.496,-1.249,2.009,392.0,104.0,536.0,228.0,RELEASED,0,0.272,2,OBJECT_EXTRACTED,0.88,Deterministic kinematic fallback verification.
440,121.749,2026-09-24T14:08:51.108721Z,4.9,3,OBJECT_RETURNED,HOLDING COMPONENT BOX [ROM LIMIT],NONE,Yellow box extracted. Next step: Please return both yellow and red boxes into the container.,60.1,OPEN,-0.753,-0.329,1.2,-0.755,-1.231,2.077,145.0,141.6,-60.3,1,-0.597,-1.086,2.16,276.3,323.9,498.7,454.3,-0.496,-1.248,2.009,392.0,106.0,536.0,228.0,RELEASED,0,0.268,2,OBJECT_EXTRACTED,0.88,Deterministic kinematic fallback verification.
441,121.952,2026-09-24T14:08:51.311513Z,6.4,3,OBJECT_RETURNED,HOLDING COMPONENT BOX,NONE,Yellow box extracted. Next step: Please return both yellow and red boxes into the container.,60.1,OPEN,-0.752,-0.335,1.2,-0.753,-1.236,2.074,139.9,143.8,-61.7,0,-0.596,-1.086,2.161,278.0,324.0,499.4,454.3,-0.524,-1.248,2.009,394.0,106.0,478.0,228.0,RELEASED,0,0.238,2,OBJECT_EXTRACTED,0.88,Deterministic kinematic fallback verification.
442,122.264,2026-09-24T14:08:51.623612Z,4.9,3,OBJECT_RETURNED,HOLDING COMPONENT BOX,NONE,Yellow box extracted. Next step: Please return both yellow and red boxes into the container.,60.2,OPEN,-0.749,-0.341,1.2,-0.751,-1.241,2.071,139.3,143.8,-61.7,0,-0.596,-1.086,2.161,278.0,324.0,499.9,455.0,-0.495,-1.249,2.009,394.0,104.0,536.0,228.0,RELEASED,0,0.264,2,OBJECT_EXTRACTED,0.88,Deterministic kinematic fallback verification.
443,122.468,2026-09-24T14:08:51.828247Z,3.2,3,OBJECT_RETURNED,HOLDING COMPONENT BOX [ROM LIMIT],NONE,Yellow box extracted. Next step: Please return both yellow and red boxes into the container.,60.3,OPEN,-0.745,-0.347,1.2,-0.748,-1.246,2.068,145.0,139.3,-56.8,1,-0.596,-1.086,2.161,278.1,324.2,500.0,455.0,-0.495,-1.249,2.009,394.0,104.0,536.0,228.0,RELEASED,0,0.26,2,OBJECT_EXTRACTED,0.88,Deterministic kinematic fallback verification.
444,122.63,2026-09-24T14:08:51.989959Z,4.9,3,OBJECT_RETURNED,HOLDING COMPONENT BOX [ROM LIMIT],NONE,Yellow box extracted. Next step: Please return both yellow and red boxes into the container.,60.6,OPEN,-0.74,-0.359,1.2,-0.744,-1.253,2.064,145.0,137.8,-54.8,1,-0.596,-1.086,2.161,277.9,324.1,500.0,454.3,-0.494,-1.25,2.008,396.0,104.0,536.0,226.0,RELEASED,0,0.256,2,OBJECT_EXTRACTED,0.88,Deterministic kinematic fallback verification.
445,122.849,2026-09-24T14:08:52.208968Z,6.1,3,OBJECT_RETURNED,HOLDING COMPONENT BOX,NONE,Yellow box extracted. Next step: Please return both yellow and red boxes into the container.,60.8,OPEN,-0.752,-0.362,1.2,-0.748,-1.261,2.06,143.5,132.2,-51.4,0,-0.596,-1.086,2.161,277.5,324.1,500.9,454.5,-0.494,-1.25,2.008,396.0,104.0,536.0,226.0,RELEASED,0,0.259,2,OBJECT_EXTRACTED,0.88,Deterministic kinematic fallback verification.
446,123.15,2026-09-24T14:08:52.510103Z,4.5,3,OBJECT_RETURNED,HOLDING COMPONENT BOX,NONE,Yellow box extracted. Next step: Please return both yellow and red boxes into the container.,61.0,OPEN,-0.742,-0.368,1.2,-0.753,-1.264,2.058,143.5,135.2,-52.0,0,-0.596,-1.086,2.161,276.3,324.2,500.6,454.1,-0.494,-1.25,2.008,396.0,104.0,536.0,226.0,RELEASED,0,0.264,2,OBJECT_EXTRACTED,0.88,Deterministic kinematic fallback verification.
447,123.32,2026-09-24T14:08:52.679425Z,3.3,3,OBJECT_RETURNED,HOLDING COMPONENT BOX,NONE,Yellow box extracted. Next step: Please return both yellow and red boxes into the container.,61.3,OPEN,-0.747,-0.369,1.2,-0.751,-1.266,2.057,135.1,131.7,-50.9,0,-0.597,-1.086,2.161,275.9,324.5,500.6,454.1,-0.493,-1.25,2.008,398.0,104.0,536.0,226.0,RELEASED,0,0.263,2,OBJECT_EXTRACTED,0.88,Deterministic kinematic fallback verification.
448,123.527,2026-09-24T14:08:52.886626Z,6.3,3,OBJECT_RETURNED,HOLDING COMPONENT BOX,NONE,Yellow box extracted. Next step: Please return both yellow and red boxes into the container.,61.6,OPEN,-0.744,-0.373,1.2,-0.755,-1.268,2.056,139.6,129.5,-48.3,0,-0.597,-1.086,2.161,275.5,324.6,500.9,454.0,-0.494,-1.251,2.007,398.0,102.0,534.0,224.0,RELEASED,0,0.266,2,OBJECT_EXTRACTED,0.88,Deterministic kinematic fallback verification.
449,123.732,2026-09-24T14:08:53.091755Z,4.8,3,OBJECT_RETURNED,HOLDING COMPONENT BOX,NONE,Yellow box extracted. Next step: Please return both yellow and red boxes into the container.,61.7,OPEN,-0.749,-0.372,1.2,-0.759,-1.269,2.056,139.5,128.8,-47.1,0,-0.596,-1.086,2.161,276.7,325.0,501.4,454.4,-0.493,-1.251,2.007,400.0,102.0,534.0,224.0,RELEASED,0,0.271,2,OBJECT_EXTRACTED,0.88,Deterministic kinematic fallback verification.
450,124.642,2026-09-24T14:08:54.001473Z,4.9,3,OBJECT_RETURNED,HOLDING COMPONENT BOX,NONE,Yellow box extracted. Next step: Please return both yellow and red boxes into the container.,61.9,OPEN,-0.719,-0.37,1.2,-0.746,-1.267,2.057,136.5,131.5,-48.7,0,-0.596,-1.086,2.161,277.3,325.0,501.2,454.3,-0.493,-1.253,2.006,400.0,100.0,534.0,222.0,RELEASED,0,0.258,2,OBJECT_EXTRACTED,0.88,Deterministic kinematic fallback verification.
451,124.887,2026-09-24T14:08:54.247321Z,1.1,3,OBJECT_RETURNED,HOLDING COMPONENT BOX,NONE,Yellow box extracted. Next step: Please return both yellow and red boxes into the container.,61.9,OPEN,-0.695,-0.384,1.2,-0.705,-1.278,2.05,70.4,130.6,-47.3,0,-0.596,-1.086,2.161,277.1,324.8,501.1,454.3,-0.492,-1.256,2.005,402.0,96.0,534.0,220.0,RELEASED,0,0.219,2,OBJECT_EXTRACTED,0.88,Deterministic kinematic fallback verification.
452,125.08,2026-09-24T14:08:54.440073Z,4.8,3,OBJECT_RETURNED,HOLDING COMPONENT BOX,NONE,Yellow box extracted. Next step: Please return both yellow and red boxes into the container.,61.6,OPEN,-0.708,-0.361,1.2,-0.682,-1.288,2.041,127.8,127.9,-43.9,0,-0.596,-1.086,2.161,276.2,324.3,500.8,454.1,-0.492,-1.257,2.004,402.0,96.0,534.0,218.0,RELEASED,0,0.196,2,OBJECT_EXTRACTED,0.88,Deterministic kinematic fallback verification.
453,125.271,2026-09-24T14:08:54.630443Z,5.2,3,OBJECT_RETURNED,HOLDING COMPONENT BOX,NONE,Yellow box extracted. Next step: Please return both yellow and red boxes into the container.,61.5,OPEN,-0.652,-0.341,1.2,-0.659,-1.268,2.051,102.0,147.8,-61.3,0,-0.596,-1.086,2.161,276.5,324.3,500.3,454.2,-0.492,-1.258,2.003,402.0,94.0,534.0,216.0,RELEASED,0,0.174,2,OBJECT_EXTRACTED,0.88,Deterministic kinematic fallback verification.
454,125.497,2026-09-24T14:08:54.856497Z,5.2,3,OBJECT_RETURNED,PICKING COMPONENT BOX,NONE,Yellow box extracted. Next step: Please return both yellow and red boxes into the container.,61.5,OPEN,-0.541,-0.343,1.2,-0.557,-1.26,2.056,86.4,171.2,-86.2,0,-0.597,-1.086,2.161,276.7,324.2,499.5,454.1,-0.491,-1.26,2.002,404.0,92.0,534.0,214.0,EXTRACTED,0,0.085,2,OBJECT_EXTRACTED,0.88,Deterministic kinematic fallback verification.
455,125.675,2026-09-24T14:08:55.034917Z,4.4,3,OBJECT_RETURNED,PICKING COMPONENT BOX,NONE,Yellow box extracted. Next step: Please return both yellow and red boxes into the container.,61.4,OPEN,-0.657,-0.364,1.2,-0.539,-1.276,2.046,79.4,143.5,-60.4,0,-0.597,-1.086,2.161,276.6,324.5,499.1,454.0,-0.491,-1.262,2.001,404.0,88.0,534.0,214.0,EXTRACTED,0,0.067,2,OBJECT_EXTRACTED,0.88,Deterministic kinematic fallback verification.
456,125.894,2026-09-24T14:08:55.253979Z,5.6,3,OBJECT_RETURNED,HOLDING COMPONENT BOX,NONE,Yellow box extracted. Next step: Please return both yellow and red boxes into the container.,61.1,OPEN,-0.713,-0.392,1.2,-0.684,-1.299,2.034,32.2,125.2,-43.7,0,-0.598,-1.086,2.161,275.8,324.2,497.9,454.0,-0.491,-1.262,2.001,406.0,86.0,532.0,216.0,RELEASED,0,0.199,2,OBJECT_EXTRACTED,0.88,Deterministic kinematic fallback verification.
457,126.147,2026-09-24T14:08:55.506646Z,4.6,3,OBJECT_RETURNED,HOLDING COMPONENT BOX,NONE,Yellow box extracted. Next step: Please return both yellow and red boxes into the container.,60.9,OPEN,-0.703,-0.391,1.2,-0.732,-1.316,2.025,38.9,125.9,-45.0,0,-0.599,-1.086,2.161,274.4,324.8,497.1,454.2,-0.491,-1.263,2.001,406.0,84.0,532.0,216.0,RELEASED,0,0.247,2,OBJECT_EXTRACTED,0.88,Deterministic kinematic fallback verification.
458,126.385,2026-09-24T14:08:55.745351Z,3.9,3,OBJECT_RETURNED,HOLDING COMPONENT BOX,NONE,Yellow box extracted. Next step: Please return both yellow and red boxes into the container.,60.8,OPEN,-0.69,-0.379,1.2,-0.719,-1.305,2.03,58.9,135.1,-52.3,0,-0.599,-1.085,2.161,275.0,325.5,497.2,455.1,-0.489,-1.264,2.0,406.0,82.0,536.0,216.0,RELEASED,0,0.236,2,OBJECT_EXTRACTED,0.88,Deterministic kinematic fallback verification.
459,126.545,2026-09-24T14:08:55.904757Z,4.3,3,OBJECT_RETURNED,HOLDING COMPONENT BOX,NONE,Yellow box extracted. Next step: Please return both yellow and red boxes into the container.,60.7,OPEN,-0.693,-0.392,1.2,-0.708,-1.299,2.034,20.0,135.4,-51.9,0,-0.599,-1.086,2.161,274.2,325.3,496.9,454.7,-0.488,-1.263,2.001,408.0,82.0,536.0,218.0,RELEASED,0,0.226,2,OBJECT_EXTRACTED,0.88,Deterministic kinematic fallback verification.
460,126.797,2026-09-24T14:08:56.156468Z,6.3,3,OBJECT_RETURNED,HOLDING COMPONENT BOX,NONE,Yellow box extracted. Next step: Please return both yellow and red boxes into the container.,60.8,OPEN,-0.697,-0.409,1.2,-0.711,-1.315,2.025,3.1,140.0,-53.8,0,-0.602,-1.086,2.161,271.9,324.5,493.6,454.5,-0.508,-1.269,1.997,408.0,77.0,496.0,208.0,RELEASED,0,0.21,2,OBJECT_EXTRACTED,0.88,Deterministic kinematic fallback verification.
461,127.192,2026-09-24T14:08:56.552103Z,3.9,3,OBJECT_RETURNED,HOLDING COMPONENT BOX,NONE,Yellow box extracted. Next step: Please return both yellow and red boxes into the container.,61.0,OPEN,-0.675,-0.399,1.2,-0.69,-1.303,2.034,41.7,140.4,-52.1,0,-0.604,-1.086,2.161,270.7,324.7,492.0,454.7,-0.508,-1.27,1.997,408.0,75.0,496.0,208.0,RELEASED,0,0.189,2,OBJECT_EXTRACTED,0.88,Deterministic kinematic fallback verification.
462,127.446,2026-09-24T14:08:56.805632Z,2.5,3,OBJECT_RETURNED,HOLDING COMPONENT BOX,NONE,Yellow box extracted. Next step: Please return both yellow and red boxes into the container.,61.2,OPEN,-0.676,-0.475,1.2,-0.671,-1.324,2.023,10.1,143.4,-54.0,0,-0.605,-1.086,2.161,269.1,324.4,491.7,454.8,-0.508,-1.271,1.996,408.0,74.0,496.0,208.0,RELEASED,0,0.174,2,OBJECT_EXTRACTED,0.88,Deterministic kinematic fallback verification.
463,127.627,2026-09-24T14:08:56.986756Z,4.0,3,OBJECT_RETURNED,HOLDING COMPONENT BOX,NONE,Yellow box extracted. Next step: Please return both yellow and red boxes into the container.,61.5,OPEN,-0.669,-0.474,1.2,-0.673,-1.382,1.992,6.7,145.0,-55.3,0,-0.605,-1.086,2.161,269.1,324.5,491.0,454.7,-0.508,-1.271,1.996,408.0,72.0,496.0,208.0,RELEASED,0,0.199,2,OBJECT_EXTRACTED,0.88,Deterministic kinematic fallback verification.
464,127.831,2026-09-24T14:08:57.190921Z,5.6,3,OBJECT_RETURNED,HOLDING COMPONENT BOX,NONE,Yellow box extracted. Next step: Please return both yellow and red boxes into the container.,61.6,OPEN,-0.67,-0.437,1.2,-0.668,-1.354,2.01,6.5,146.3,-57.1,0,-0.605,-1.086,2.161,269.3,324.3,491.4,454.5,-0.507,-1.271,1.996,408.0,72.0,497.0,208.0,RELEASED,0,0.181,2,OBJECT_EXTRACTED,0.88,Deterministic kinematic fallback verification.
465,128.97,2026-09-24T14:08:58.330301Z,4.9,3,OBJECT_RETURNED,HOLDING COMPONENT BOX,NONE,Yellow box extracted. Next step: Please return both yellow and red boxes into the container.,61.7,OPEN,-0.668,-0.449,1.2,-0.668,-1.332,2.024,0.5,147.6,-59.0,0,-0.605,-1.086,2.161,269.0,324.5,491.7,454.6,-0.507,-1.272,1.995,408.0,70.0,498.0,208.0,RELEASED,0,0.174,2,OBJECT_EXTRACTED,0.88,Deterministic kinematic fallback verification.
466,129.64,2026-09-24T14:08:58.999422Z,0.8,3,OBJECT_RETURNED,HOLDING COMPONENT BOX,NONE,Yellow box extracted. Next step: Please return both yellow and red boxes into the container.,61.8,OPEN,-0.666,-0.431,1.2,-0.666,-1.302,2.045,11.6,147.5,-58.8,0,-0.604,-1.086,2.161,269.1,324.3,492.2,454.4,-0.507,-1.272,1.995,408.0,70.0,498.0,208.0,RELEASED,0,0.169,2,OBJECT_EXTRACTED,0.88,Deterministic kinematic fallback verification.
467,130.182,2026-09-24T14:08:59.542343Z,1.7,3,OBJECT_RETURNED,HOLDING COMPONENT BOX,NONE,Yellow box extracted. Next step: Please return both yellow and red boxes into the container.,61.7,OPEN,-0.668,-0.453,1.2,-0.667,-1.34,2.012,1.8,149.6,-60.0,0,-0.605,-1.086,2.161,268.8,324.1,492.3,454.5,-0.507,-1.272,1.995,408.0,70.0,498.0,208.0,RELEASED,0,0.175,2,OBJECT_EXTRACTED,0.88,Deterministic kinematic fallback verification.
468,130.719,2026-09-24T14:09:00.078626Z,1.8,3,OBJECT_RETURNED,HOLDING COMPONENT BOX,NONE,Yellow box extracted. Next step: Please return both yellow and red boxes into the container.,61.7,OPEN,-0.675,-0.418,1.2,-0.671,-1.326,2.021,10.8,149.6,-60.0,0,-0.604,-1.086,2.161,269.4,324.0,492.7,454.5,-0.505,-1.272,1.995,410.0,70.0,500.0,208.0,RELEASED,0,0.176,2,OBJECT_EXTRACTED,0.88,Deterministic kinematic fallback verification.
469,130.849,2026-09-24T14:09:00.208420Z,1.9,3,OBJECT_RETURNED,HOLDING COMPONENT BOX,NONE,Yellow box extracted. Next step: Please return both yellow and red boxes into the container.,61.7,OPEN,-0.677,-0.394,1.2,-0.675,-1.285,2.047,39.3,151.2,-60.6,0,-0.604,-1.086,2.161,270.2,324.1,493.1,454.4,-0.505,-1.272,1.996,410.0,71.0,500.0,208.0,RELEASED,0,0.178,2,OBJECT_EXTRACTED,0.88,Deterministic kinematic fallback verification.
470,130.983,2026-09-24T14:09:00.342668Z,7.8,3,OBJECT_RETURNED,HOLDING COMPONENT BOX,NONE,Yellow box extracted. Next step: Please return both yellow and red boxes into the container.,61.8,OPEN,-0.67,-0.439,1.2,-0.674,-1.276,2.052,1.6,150.1,-60.5,0,-0.602,-1.086,2.161,271.2,324.2,494.0,454.1,-0.503,-1.271,1.996,412.0,72.0,502.0,208.0,RELEASED,0,0.18,2,OBJECT_EXTRACTED,0.88,Deterministic kinematic fallback verification.
471,131.166,2026-09-24T14:09:00.526238Z,7.3,3,OBJECT_RETURNED,HOLDING COMPONENT BOX,NONE,Yellow box extracted. Next step: Please return both yellow and red boxes into the container.,61.8,OPEN,-0.668,-0.449,1.2,-0.668,-1.304,2.036,6.9,151.5,-62.7,0,-0.601,-1.086,2.161,272.8,324.5,495.7,454.1,-0.502,-1.271,1.996,412.0,74.0,504.0,208.0,RELEASED,0,0.174,3,OBJECT_RETURNED,0.88,Deterministic kinematic fallback verification.
472,131.331,2026-09-24T14:09:00.691024Z,5.5,3,OBJECT_RETURNED,HOLDING COMPONENT BOX,NONE,Yellow box extracted. Next step: Please return both yellow and red boxes into the container.,61.6,OPEN,-0.664,-0.457,1.2,-0.665,-1.305,2.035,8.3,148.2,-62.0,0,-0.599,-1.086,2.161,274.4,324.8,497.6,454.1,-0.501,-1.27,1.997,414.0,75.0,505.0,208.0,RELEASED,0,0.172,3,OBJECT_RETURNED,0.88,Deterministic kinematic fallback verification.
473,131.473,2026-09-24T14:09:00.833089Z,6.1,3,OBJECT_RETURNED,HOLDING COMPONENT BOX,NONE,Yellow box extracted. Next step: Please return both yellow and red boxes into the container.,61.6,OPEN,-0.664,-0.457,1.2,-0.664,-1.328,2.021,9.3,147.7,-61.4,0,-0.598,-1.086,2.161,275.6,324.7,498.6,453.9,-0.498,-1.27,1.997,416.0,76.0,508.0,208.0,RELEASED,0,0.178,3,OBJECT_RETURNED,0.88,Deterministic kinematic fallback verification.
474,131.595,2026-09-24T14:09:00.955073Z,7.1,3,OBJECT_RETURNED,HOLDING COMPONENT BOX,NONE,Yellow box extracted. Next step: Please return both yellow and red boxes into the container.,61.6,OPEN,-0.661,-0.455,1.2,-0.664,-1.335,2.017,8.2,148.2,-60.8,0,-0.596,-1.086,2.161,277.0,325.0,499.9,454.2,-0.496,-1.27,1.997,418.0,76.0,509.0,208.0,RELEASED,0,0.181,3,OBJECT_RETURNED,0.88,Deterministic kinematic fallback verification.
475,131.701,2026-09-24T14:09:01.061093Z,8.3,3,OBJECT_RETURNED,HOLDING COMPONENT BOX,NONE,Yellow box extracted. Next step: Please return both yellow and red boxes into the container.,61.6,OPEN,-0.665,-0.45,1.2,-0.664,-1.335,2.016,10.0,148.6,-59.8,0,-0.595,-1.086,2.161,278.0,325.1,501.6,455.0,-0.495,-1.27,1.997,420.0,76.0,511.0,208.0,RELEASED,0,0.183,3,OBJECT_RETURNED,0.88,Deterministic kinematic fallback verification.
476,131.816,2026-09-24T14:09:01.175925Z,9.3,3,OBJECT_RETURNED,HOLDING COMPONENT BOX,NONE,Yellow box extracted. Next step: Please return both yellow and red boxes into the container.,61.7,OPEN,-0.668,-0.44,1.2,-0.669,-1.329,2.02,7.6,149.4,-57.4,0,-0.595,-1.085,2.161,279.0,325.1,501.5,455.2,-0.477,-1.265,1.999,420.0,76.0,546.0,218.0,RELEASED,0,0.204,3,OBJECT_RETURNED,0.88,Deterministic kinematic fallback verification.
477,131.942,2026-09-24T14:09:01.302134Z,8.8,3,OBJECT_RETURNED,HOLDING COMPONENT BOX,NONE,Yellow box extracted. Next step: Please return both yellow and red boxes into the container.,61.9,OPEN,-0.669,-0.427,1.2,-0.672,-1.319,2.026,3.9,146.8,-56.1,0,-0.594,-1.085,2.161,279.5,325.2,502.0,454.9,-0.476,-1.265,1.999,422.0,76.0,546.0,218.0,RELEASED,0,0.205,3,OBJECT_RETURNED,0.88,Deterministic kinematic fallback verification.
478,132.152,2026-09-24T14:09:01.512172Z,7.8,3,OBJECT_RETURNED,HOLDING COMPONENT BOX,NONE,Yellow box extracted. Next step: Please return both yellow and red boxes into the container.,62.1,OPEN,-0.668,-0.438,1.2,-0.672,-1.318,2.026,9.0,146.6,-55.8,0,-0.594,-1.085,2.161,279.8,325.4,502.0,455.2,-0.476,-1.265,2.0,422.0,76.0,546.0,219.0,RELEASED,0,0.205,3,OBJECT_RETURNED,0.88,Deterministic kinematic fallback verification.
479,132.325,2026-09-24T14:09:01.685176Z,4.7,3,OBJECT_RETURNED,HOLDING COMPONENT BOX,NONE,Yellow box extracted. Next step: Please return both yellow and red boxes into the container.,62.0,OPEN,-0.667,-0.44,1.2,-0.672,-1.323,2.023,9.5,146.3,-55.7,0,-0.594,-1.085,2.161,279.7,325.2,501.8,455.1,-0.476,-1.265,2.0,422.0,76.0,546.0,219.0,RELEASED,0,0.206,3,OBJECT_RETURNED,0.88,Deterministic kinematic fallback verification.
480,133.009,2026-09-24T14:09:02.369265Z,6.0,3,OBJECT_RETURNED,HOLDING COMPONENT BOX,NONE,Yellow box extracted. Next step: Please return both yellow and red boxes into the container.,61.8,OPEN,-0.667,-0.439,1.2,-0.671,-1.323,2.024,8.6,145.9,-55.4,0,-0.594,-1.086,2.161,279.5,324.6,502.2,455.0,-0.476,-1.266,1.999,422.0,74.0,546.0,219.0,RELEASED,0,0.204,3,OBJECT_RETURNED,0.88,Deterministic kinematic fallback verification.
481,133.331,2026-09-24T14:09:02.690915Z,1.2,3,OBJECT_RETURNED,HOLDING COMPONENT BOX,NONE,Yellow box extracted. Next step: Please return both yellow and red boxes into the container.,61.5,OPEN,-0.666,-0.445,1.2,-0.667,-1.333,2.018,12.0,145.7,-54.7,0,-0.594,-1.086,2.161,278.9,324.1,501.9,455.0,-0.475,-1.266,1.999,424.0,74.0,546.0,219.0,RELEASED,0,0.204,3,OBJECT_RETURNED,0.88,Deterministic kinematic fallback verification.
482,133.516,2026-09-24T14:09:02.876288Z,5.5,3,OBJECT_RETURNED,HOLDING COMPONENT BOX,NONE,Yellow box extracted. Next step: Please return both yellow and red boxes into the container.,61.2,OPEN,-0.665,-0.454,1.2,-0.666,-1.339,2.015,15.2,145.9,-56.8,0,-0.595,-1.087,2.16,277.8,323.2,501.4,454.0,-0.475,-1.266,1.999,424.0,74.0,546.0,218.0,RELEASED,0,0.205,3,OBJECT_RETURNED,0.88,Deterministic kinematic fallback verification.
483,133.643,2026-09-24T14:09:03.002711Z,5.7,3,OBJECT_RETURNED,HOLDING COMPONENT BOX,NONE,Yellow box extracted. Next step: Please return both yellow and red boxes into the container.,60.7,OPEN,-0.665,-0.453,1.2,-0.666,-1.341,2.014,15.6,145.3,-56.1,0,-0.596,-1.087,2.16,276.7,323.0,501.4,453.8,-0.476,-1.266,1.999,422.0,74.0,546.0,218.0,RELEASED,0,0.204,3,OBJECT_RETURNED,0.88,Deterministic kinematic fallback verification.
484,133.78,2026-09-24T14:09:03.140109Z,7.9,3,OBJECT_RETURNED,HOLDING COMPONENT BOX,NONE,Yellow box extracted. Next step: Please return both yellow and red boxes into the container.,60.6,OPEN,-0.665,-0.454,1.2,-0.666,-1.338,2.015,15.9,144.7,-55.9,0,-0.596,-1.087,2.16,276.5,323.5,500.9,453.9,-0.476,-1.266,1.999,422.0,74.0,546.0,218.0,RELEASED,0,0.204,3,OBJECT_RETURNED,0.88,Deterministic kinematic fallback verification.
485,133.908,2026-09-24T14:09:03.268230Z,7.2,3,OBJECT_RETURNED,HOLDING COMPONENT BOX,NONE,Yellow box extracted. Next step: Please return both yellow and red boxes into the container.,60.3,OPEN,-0.664,-0.455,1.2,-0.665,-1.341,2.014,15.1,144.8,-56.0,0,-0.596,-1.087,2.16,276.3,323.5,500.5,454.1,-0.476,-1.266,1.999,422.0,74.0,546.0,218.0,RELEASED,0,0.204,3,OBJECT_RETURNED,0.88,Deterministic kinematic fallback verification.
486,134.132,2026-09-24T14:09:03.491514Z,7.8,3,OBJECT_RETURNED,HOLDING COMPONENT BOX,NONE,Yellow box extracted. Next step: Please return both yellow and red boxes into the container.,60.1,OPEN,-0.665,-0.453,1.2,-0.665,-1.342,2.013,14.8,146.4,-56.3,0,-0.597,-1.087,2.16,276.1,323.3,500.0,454.1,-0.476,-1.266,1.999,422.0,74.0,546.0,218.0,RELEASED,0,0.204,3,OBJECT_RETURNED,0.88,Deterministic kinematic fallback verification.
487,134.34,2026-09-24T14:09:03.699728Z,4.4,3,OBJECT_RETURNED,HOLDING COMPONENT BOX,NONE,Yellow box extracted. Next step: Please return both yellow and red boxes into the container.,59.9,OPEN,-0.664,-0.456,1.2,-0.665,-1.343,2.012,15.4,145.8,-56.0,0,-0.597,-1.087,2.16,276.1,323.2,500.4,454.1,-0.476,-1.266,1.999,422.0,74.0,546.0,218.0,RELEASED,0,0.204,3,OBJECT_RETURNED,0.88,Deterministic kinematic fallback verification.
488,134.983,2026-09-24T14:09:04.342859Z,4.8,3,OBJECT_RETURNED,HOLDING COMPONENT BOX,NONE,Yellow box extracted. Next step: Please return both yellow and red boxes into the container.,59.8,OPEN,-0.665,-0.453,1.2,-0.665,-1.343,2.013,14.2,146.8,-56.4,0,-0.597,-1.087,2.16,275.8,323.4,499.3,454.2,-0.477,-1.266,1.999,422.0,74.0,544.0,218.0,RELEASED,0,0.203,3,OBJECT_RETURNED,0.88,Deterministic kinematic fallback verification.
489,135.288,2026-09-24T14:09:04.648400Z,1.6,3,OBJECT_RETURNED,HOLDING COMPONENT BOX,NONE,Yellow box extracted. Next step: Please return both yellow and red boxes into the container.,59.7,OPEN,-0.662,-0.456,1.2,-0.664,-1.344,2.012,13.4,146.7,-56.5,0,-0.598,-1.087,2.16,275.7,323.7,498.8,453.9,-0.477,-1.266,1.999,420.0,74.0,546.0,219.0,RELEASED,0,0.203,3,OBJECT_RETURNED,0.88,Deterministic kinematic fallback verification.
490,135.783,2026-09-24T14:09:05.143009Z,3.2,3,OBJECT_RETURNED,HOLDING COMPONENT BOX,NONE,Yellow box extracted. Next step: Please return both yellow and red boxes into the container.,59.6,OPEN,-0.659,-0.458,1.2,-0.661,-1.345,2.011,11.8,144.4,-56.8,0,-0.597,-1.086,2.161,276.0,324.0,498.9,454.2,-0.476,-1.265,2.0,422.0,76.0,546.0,219.0,RELEASED,0,0.202,3,OBJECT_RETURNED,0.88,Deterministic kinematic fallback verification.
491,136.246,2026-09-24T14:09:05.606143Z,2.0,3,OBJECT_RETURNED,HOLDING COMPONENT BOX,NONE,Yellow box extracted. Next step: Please return both yellow and red boxes into the container.,59.9,OPEN,-0.66,-0.456,1.2,-0.66,-1.345,2.011,11.4,143.7,-56.8,0,-0.598,-1.086,2.161,276.0,324.5,498.0,454.2,-0.477,-1.265,2.0,420.0,76.0,546.0,219.0,RELEASED,0,0.2,3,OBJECT_RETURNED,0.88,Deterministic kinematic fallback verification.
492,136.582,2026-09-24T14:09:05.942219Z,2.2,3,OBJECT_RETURNED,HOLDING COMPONENT BOX,NONE,Yellow box extracted. Next step: Please return both yellow and red boxes into the container.,60.1,OPEN,-0.661,-0.452,1.2,-0.661,-1.343,2.012,10.0,145.1,-57.5,0,-0.6,-1.086,2.161,274.2,324.8,496.7,454.7,-0.477,-1.265,1.999,420.0,78.0,546.0,216.0,RELEASED,0,0.2,3,OBJECT_RETURNED,0.88,Deterministic kinematic fallback verification.
493,136.962,2026-09-24T14:09:06.321507Z,3.0,3,OBJECT_RETURNED,HOLDING COMPONENT BOX,NONE,Yellow box extracted. Next step: Please return both yellow and red boxes into the container.,60.3,OPEN,-0.659,-0.456,1.2,-0.66,-1.344,2.012,9.9,144.8,-58.0,0,-0.6,-1.086,2.161,273.5,324.9,495.9,454.7,-0.478,-1.265,1.999,418.0,78.0,546.0,216.0,RELEASED,0,0.198,3,OBJECT_RETURNED,0.88,Deterministic kinematic fallback verification.
494,137.305,2026-09-24T14:09:06.664638Z,2.5,3,OBJECT_RETURNED,HOLDING COMPONENT BOX,NONE,Yellow box extracted. Next step: Please return both yellow and red boxes into the container.,60.4,OPEN,-0.659,-0.459,1.2,-0.659,-1.346,2.011,11.1,143.4,-57.4,0,-0.6,-1.086,2.161,273.8,324.8,496.5,454.6,-0.478,-1.264,2.0,418.0,78.0,546.0,220.0,RELEASED,0,0.199,3,OBJECT_RETURNED,0.88,Deterministic kinematic fallback verification.
495,141.469,2026-09-24T14:09:10.829816Z,3.0,3,OBJECT_RETURNED,HOLDING COMPONENT BOX,NONE,Yellow box extracted. Next step: Please return both yellow and red boxes into the container.,60.5,OPEN,-0.659,-0.457,1.2,-0.659,-1.346,2.011,10.5,143.8,-58.0,0,-0.6,-1.086,2.161,273.8,324.9,496.9,454.5,-0.48,-1.264,2.0,418.0,78.0,542.0,219.0,RELEASED,0,0.197,3,OBJECT_RETURNED,0.88,Deterministic kinematic fallback verification.
496,142.216,2026-09-24T14:09:11.576393Z,0.2,3,OBJECT_RETURNED,HOLDING COMPONENT BOX,NONE,Yellow box extracted. Next step: Please return both yellow and red boxes into the container.,60.6,OPEN,-0.658,-0.455,1.2,-0.658,-1.344,2.012,7.4,142.9,-56.3,0,-0.6,-1.086,2.161,273.6,325.3,496.5,454.3,-0.481,-1.264,2.0,416.0,78.0,542.0,220.0,RELEASED,0,0.195,3,OBJECT_RETURNED,0.88,Deterministic kinematic fallback verification.
497,142.45,2026-09-24T14:09:11.810367Z,1.9,3,OBJECT_RETURNED,HOLDING COMPONENT BOX,NONE,Yellow box extracted. Next step: Please return both yellow and red boxes into the container.,60.5,OPEN,-0.658,-0.455,1.2,-0.658,-1.344,2.012,7.6,141.6,-56.1,0,-0.6,-1.086,2.161,273.2,325.4,496.7,454.4,-0.481,-1.263,2.001,416.0,80.0,542.0,220.0,RELEASED,0,0.195,3,OBJECT_RETURNED,0.88,Deterministic kinematic fallback verification.
498,142.636,2026-09-24T14:09:11.996134Z,4.9,3,OBJECT_RETURNED,HOLDING COMPONENT BOX,NONE,Yellow box extracted. Next step: Please return both yellow and red boxes into the container.,60.6,OPEN,-0.659,-0.456,1.2,-0.658,-1.344,2.012,7.9,142.1,-56.3,0,-0.601,-1.086,2.161,272.9,325.3,496.0,454.2,-0.479,-1.263,2.001,416.0,80.0,546.0,220.0,RELEASED,0,0.197,3,OBJECT_RETURNED,0.88,Deterministic kinematic fallback verification.
499,142.808,2026-09-24T14:09:12.167724Z,5.4,3,OBJECT_RETURNED,HOLDING COMPONENT BOX,NONE,Yellow box extracted. Next step: Please return both yellow and red boxes into the container.,60.8,OPEN,-0.659,-0.456,1.2,-0.659,-1.344,2.011,8.2,140.5,-55.5,0,-0.601,-1.086,2.161,272.7,325.1,495.1,454.1,-0.48,-1.262,2.001,416.0,80.0,544.0,222.0,RELEASED,0,0.197,3,OBJECT_RETURNED,0.88,Deterministic kinematic fallback verification.
500,142.984,2026-09-24T14:09:12.343764Z,5.7,3,OBJECT_RETURNED,HOLDING COMPONENT BOX,NONE,Yellow box extracted. Next step: Please return both yellow and red boxes into the container.,60.9,OPEN,-0.659,-0.456,1.2,-0.659,-1.345,2.011,7.5,140.9,-55.9,0,-0.602,-1.086,2.161,272.1,324.8,494.7,454.0,-0.481,-1.262,2.001,414.0,80.0,544.0,222.0,RELEASED,0,0.196,3,OBJECT_RETURNED,0.88,Deterministic kinematic fallback verification.
501,143.279,2026-09-24T14:09:12.639334Z,5.8,3,OBJECT_RETURNED,HOLDING COMPONENT BOX,NONE,Yellow box extracted. Next step: Please return both yellow and red boxes into the container.,61.0,OPEN,-0.659,-0.456,1.2,-0.659,-1.345,2.011,7.1,141.3,-56.2,0,-0.601,-1.086,2.161,272.2,324.9,495.1,454.0,-0.481,-1.262,2.001,414.0,80.0,544.0,222.0,RELEASED,0,0.196,3,OBJECT_RETURNED,0.88,Deterministic kinematic fallback verification.
502,143.489,2026-09-24T14:09:12.848814Z,3.2,3,OBJECT_RETURNED,HOLDING COMPONENT BOX,NONE,Yellow box extracted. Next step: Please return both yellow and red boxes into the container.,61.1,OPEN,-0.658,-0.458,1.2,-0.658,-1.346,2.011,7.6,140.3,-55.6,0,-0.601,-1.086,2.161,272.4,324.6,495.0,454.0,-0.482,-1.263,2.001,414.0,78.0,542.0,222.0,RELEASED,0,0.195,3,OBJECT_RETURNED,0.88,Deterministic kinematic fallback verification.
503,143.702,2026-09-24T14:09:13.061605Z,5.1,3,OBJECT_RETURNED,HOLDING COMPONENT BOX,NONE,Yellow box extracted. Next step: Please return both yellow and red boxes into the container.,61.2,OPEN,-0.658,-0.459,1.2,-0.658,-1.347,2.01,8.1,139.2,-54.9,0,-0.602,-1.086,2.161,272.2,324.6,494.7,454.0,-0.481,-1.264,2.0,414.0,78.0,544.0,220.0,RELEASED,0,0.196,3,OBJECT_RETURNED,0.88,Deterministic kinematic fallback verification.
504,143.947,2026-09-24T14:09:13.307070Z,4.8,3,OBJECT_RETURNED,HOLDING COMPONENT BOX,NONE,Yellow box extracted. Next step: Please return both yellow and red boxes into the container.,61.3,OPEN,-0.66,-0.458,1.2,-0.659,-1.347,2.01,8.2,139.8,-55.5,0,-0.602,-1.086,2.161,272.0,324.3,494.7,454.1,-0.481,-1.264,2.0,414.0,78.0,544.0,220.0,RELEASED,0,0.197,3,OBJECT_RETURNED,0.88,Deterministic kinematic fallback verification.
505,144.15,2026-09-24T14:09:13.510206Z,4.1,3,OBJECT_RETURNED,HOLDING COMPONENT BOX,NONE,Yellow box extracted. Next step: Please return both yellow and red boxes into the container.,61.3,OPEN,-0.66,-0.459,1.2,-0.66,-1.347,2.01,8.7,139.5,-55.4,0,-0.602,-1.086,2.161,272.1,324.2,494.7,454.1,-0.499,-1.27,1.997,414.0,78.0,508.0,206.0,RELEASED,0,0.179,3,OBJECT_RETURNED,0.88,Deterministic kinematic fallback verification.
506,144.51,2026-09-24T14:09:13.869813Z,4.9,3,OBJECT_RETURNED,HOLDING COMPONENT BOX,NONE,Yellow box extracted. Next step: Please return both yellow and red boxes into the container.,61.5,OPEN,-0.66,-0.458,1.2,-0.66,-1.347,2.01,9.1,137.9,-54.7,0,-0.601,-1.086,2.161,272.7,324.8,495.0,454.0,-0.499,-1.269,1.997,414.0,78.0,508.0,208.0,RELEASED,0,0.179,3,OBJECT_RETURNED,0.88,Deterministic kinematic fallback verification.
507,144.681,2026-09-24T14:09:14.041171Z,2.8,3,OBJECT_RETURNED,HOLDING COMPONENT BOX,NONE,Yellow box extracted. Next step: Please return both yellow and red boxes into the container.,61.5,OPEN,-0.661,-0.457,1.2,-0.66,-1.346,2.01,10.2,137.1,-54.3,0,-0.601,-1.086,2.161,272.8,324.9,495.2,454.0,-0.48,-1.264,2.0,416.0,78.0,544.0,219.0,RELEASED,0,0.199,3,OBJECT_RETURNED,0.88,Deterministic kinematic fallback verification.
508,144.849,2026-09-24T14:09:14.209197Z,5.8,3,OBJECT_RETURNED,HOLDING COMPONENT BOX,NONE,Yellow box extracted. Next step: Please return both yellow and red boxes into the container.,61.5,OPEN,-0.66,-0.457,1.2,-0.66,-1.346,2.011,9.4,137.3,-54.8,0,-0.6,-1.086,2.161,273.2,325.0,496.0,454.1,-0.48,-1.264,2.0,416.0,78.0,544.0,219.0,RELEASED,0,0.198,3,OBJECT_RETURNED,0.88,Deterministic kinematic fallback verification.
509,145.032,2026-09-24T14:09:14.392369Z,6.0,3,OBJECT_RETURNED,HOLDING COMPONENT BOX,NONE,Yellow box extracted. Next step: Please return both yellow and red boxes into the container.,61.6,OPEN,-0.66,-0.458,1.2,-0.66,-1.346,2.011,9.8,136.8,-54.8,0,-0.6,-1.086,2.161,273.2,324.9,496.2,454.1,-0.48,-1.264,2.0,416.0,78.0,544.0,219.0,RELEASED,0,0.198,3,OBJECT_RETURNED,0.88,Deterministic kinematic fallback verification.
510,146.018,2026-09-24T14:09:15.377627Z,5.5,3,OBJECT_RETURNED,HOLDING COMPONENT BOX,NONE,Yellow box extracted. Next step: Please return both yellow and red boxes into the container.,61.6,OPEN,-0.659,-0.458,1.2,-0.66,-1.346,2.01,9.3,137.0,-55.2,0,-0.6,-1.086,2.161,273.4,324.8,496.5,454.1,-0.48,-1.264,2.0,416.0,78.0,544.0,219.0,RELEASED,0,0.198,3,OBJECT_RETURNED,0.88,Deterministic kinematic fallback verification.
511,146.364,2026-09-24T14:09:15.723837Z,1.0,3,OBJECT_RETURNED,HOLDING COMPONENT BOX,NONE,Yellow box extracted. Next step: Please return both yellow and red boxes into the container.,61.7,OPEN,-0.659,-0.458,1.2,-0.659,-1.347,2.01,10.0,135.9,-54.3,0,-0.6,-1.086,2.161,273.8,325.0,496.7,454.1,-0.48,-1.266,1.999,416.0,78.0,544.0,214.0,RELEASED,0,0.197,3,OBJECT_RETURNED,0.88,Deterministic kinematic fallback verification.
512,146.874,2026-09-24T14:09:16.233883Z,3.4,3,OBJECT_RETURNED,HOLDING COMPONENT BOX,NONE,Yellow box extracted. Next step: Please return both yellow and red boxes into the container.,61.7,OPEN,-0.658,-0.459,1.2,-0.658,-1.347,2.01,9.3,137.3,-54.9,0,-0.599,-1.086,2.161,274.5,324.9,497.5,453.9,-0.481,-1.264,2.0,416.0,78.0,542.0,219.0,RELEASED,0,0.196,3,OBJECT_RETURNED,0.88,Deterministic kinematic fallback verification.
513,147.036,2026-09-24T14:09:16.396315Z,2.0,3,OBJECT_RETURNED,HOLDING COMPONENT BOX,NONE,Yellow box extracted. Next step: Please return both yellow and red boxes into the container.,61.7,OPEN,-0.658,-0.46,1.2,-0.658,-1.348,2.01,9.4,138.1,-55.4,0,-0.598,-1.086,2.161,275.7,325.0,498.1,454.0,-0.479,-1.264,2.0,418.0,78.0,543.0,219.0,RELEASED,0,0.198,3,OBJECT_RETURNED,0.88,Deterministic kinematic fallback verification.
514,147.216,2026-09-24T14:09:16.576058Z,6.1,3,OBJECT_RETURNED,HOLDING COMPONENT BOX,NONE,Yellow box extracted. Next step: Please return both yellow and red boxes into the container.,61.6,OPEN,-0.658,-0.459,1.2,-0.658,-1.347,2.01,7.8,141.1,-57.3,0,-0.598,-1.086,2.161,276.4,325.1,498.3,454.9,-0.479,-1.263,2.001,418.0,80.0,544.0,219.0,RELEASED,0,0.198,3,OBJECT_RETURNED,0.88,Deterministic kinematic fallback verification.
515,147.415,2026-09-24T14:09:16.774441Z,5.6,3,OBJECT_RETURNED,HOLDING COMPONENT BOX,NONE,Yellow box extracted. Next step: Please return both yellow and red boxes into the container.,61.4,OPEN,-0.659,-0.458,1.2,-0.659,-1.347,2.01,6.9,143.2,-58.5,0,-0.597,-1.086,2.161,276.7,325.1,498.3,454.8,-0.478,-1.263,2.001,420.0,80.0,544.0,219.0,RELEASED,0,0.2,3,OBJECT_RETURNED,0.88,Deterministic kinematic fallback verification.
516,147.653,2026-09-24T14:09:17.012962Z,5.0,3,OBJECT_RETURNED,HOLDING COMPONENT BOX,NONE,Yellow box extracted. Next step: Please return both yellow and red boxes into the container.,61.5,OPEN,-0.66,-0.459,1.2,-0.659,-1.347,2.01,7.3,143.5,-58.5,0,-0.597,-1.085,2.161,276.8,325.7,498.6,454.8,-0.478,-1.263,2.001,420.0,80.0,544.0,219.0,RELEASED,0,0.2,3,OBJECT_RETURNED,0.88,Deterministic kinematic fallback verification.
517,147.825,2026-09-24T14:09:17.184841Z,4.2,3,OBJECT_RETURNED,HOLDING COMPONENT BOX,NONE,Yellow box extracted. Next step: Please return both yellow and red boxes into the container.,61.4,OPEN,-0.661,-0.458,1.2,-0.66,-1.347,2.01,7.2,144.4,-59.0,0,-0.597,-1.085,2.161,276.8,325.9,498.9,454.9,-0.479,-1.263,2.001,418.0,80.0,544.0,219.0,RELEASED,0,0.2,3,OBJECT_RETURNED,0.88,Deterministic kinematic fallback verification.
518,147.984,2026-09-24T14:09:17.343934Z,5.8,3,OBJECT_RETURNED,HOLDING COMPONENT BOX,NONE,Yellow box extracted. Next step: Please return both yellow and red boxes into the container.,61.4,OPEN,-0.665,-0.453,1.2,-0.663,-1.345,2.011,8.0,144.9,-58.3,0,-0.597,-1.085,2.161,277.3,326.3,499.2,454.9,-0.478,-1.263,2.001,420.0,80.0,544.0,220.0,RELEASED,0,0.202,3,OBJECT_RETURNED,0.88,Deterministic kinematic fallback verification.
519,148.203,2026-09-24T14:09:17.562985Z,6.3,3,OBJECT_RETURNED,HOLDING COMPONENT BOX,NONE,Yellow box extracted. Next step: Please return both yellow and red boxes into the container.,61.4,OPEN,-0.67,-0.437,1.2,-0.668,-1.334,2.017,4.4,147.6,-58.7,0,-0.597,-1.085,2.161,277.2,326.4,499.1,455.0,-0.477,-1.262,2.001,420.0,82.0,546.0,220.0,RELEASED,0,0.204,3,OBJECT_RETURNED,0.88,Deterministic kinematic fallback verification.
520,148.438,2026-09-24T14:09:17.798403Z,4.6,3,OBJECT_RETURNED,HOLDING COMPONENT BOX,NONE,Yellow box extracted. Next step: Please return both yellow and red boxes into the container.,61.4,OPEN,-0.668,-0.446,1.2,-0.67,-1.329,2.02,6.9,147.0,-58.8,0,-0.597,-1.085,2.161,277.2,326.0,499.0,454.8,-0.477,-1.262,2.001,420.0,82.0,546.0,220.0,RELEASED,0,0.205,3,OBJECT_RETURNED,0.88,Deterministic kinematic fallback verification.
521,148.723,2026-09-24T14:09:18.083242Z,4.3,3,OBJECT_RETURNED,HOLDING COMPONENT BOX,NONE,Yellow box extracted. Next step: Please return both yellow and red boxes into the container.,61.4,OPEN,-0.668,-0.446,1.2,-0.668,-1.336,2.016,6.5,146.7,-58.7,0,-0.598,-1.085,2.161,276.3,326.1,498.3,454.9,-0.477,-1.262,2.001,420.0,82.0,546.0,220.0,RELEASED,0,0.205,3,OBJECT_RETURNED,0.88,Deterministic kinematic fallback verification.
522,148.909,2026-09-24T14:09:18.268717Z,3.5,3,OBJECT_RETURNED,HOLDING COMPONENT BOX,NONE,Yellow box extracted. Next step: Please return both yellow and red boxes into the container.,61.3,OPEN,-0.67,-0.45,1.2,-0.667,-1.338,2.014,9.4,146.0,-58.5,0,-0.599,-1.086,2.161,274.3,325.3,497.7,454.4,-0.477,-1.261,2.002,420.0,83.0,546.0,220.0,RELEASED,0,0.205,3,OBJECT_RETURNED,0.88,Deterministic kinematic fallback verification.
523,149.167,2026-09-24T14:09:18.527266Z,5.4,3,OBJECT_RETURNED,HOLDING COMPONENT BOX,NONE,Yellow box extracted. Next step: Please return both yellow and red boxes into the container.,61.2,OPEN,-0.669,-0.451,1.2,-0.668,-1.339,2.014,7.8,145.2,-58.6,0,-0.6,-1.086,2.161,273.7,325.0,496.8,454.7,-0.477,-1.261,2.002,422.0,84.0,544.0,220.0,RELEASED,0,0.207,3,OBJECT_RETURNED,0.88,Deterministic kinematic fallback verification.
524,149.443,2026-09-24T14:09:18.803051Z,3.9,3,OBJECT_RETURNED,HOLDING COMPONENT BOX,NONE,Yellow box extracted. Next step: Please return both yellow and red boxes into the container.,61.1,OPEN,-0.674,-0.442,1.2,-0.671,-1.336,2.016,9.6,145.5,-59.0,0,-0.6,-1.086,2.161,273.5,325.0,497.2,454.6,-0.477,-1.259,2.003,422.0,88.0,545.0,220.0,RELEASED,0,0.21,3,OBJECT_RETURNED,0.88,Deterministic kinematic fallback verification.
525,150.254,2026-09-24T14:09:19.614393Z,3.6,3,OBJECT_RETURNED,HOLDING COMPONENT BOX,NONE,Yellow box extracted. Next step: Please return both yellow and red boxes into the container.,61.0,OPEN,-0.669,-0.44,1.2,-0.673,-1.329,2.02,5.5,139.5,-57.7,0,-0.6,-1.086,2.161,273.3,324.9,497.4,454.7,-0.477,-1.258,2.004,422.0,92.0,545.0,220.0,RELEASED,0,0.21,3,OBJECT_RETURNED,0.88,Deterministic kinematic fallback verification.
526,150.489,2026-09-24T14:09:19.849174Z,1.2,3,OBJECT_RETURNED,HOLDING COMPONENT BOX,NONE,Yellow box extracted. Next step: Please return both yellow and red boxes into the container.,61.1,OPEN,-0.667,-0.44,1.2,-0.67,-1.331,2.02,3.0,141.8,-58.2,0,-0.599,-1.086,2.161,273.7,324.9,498.4,454.4,-0.477,-1.256,2.005,422.0,96.0,544.0,220.0,RELEASED,0,0.207,3,OBJECT_RETURNED,0.88,Deterministic kinematic fallback verification.
527,150.661,2026-09-24T14:09:20.021000Z,5.1,3,OBJECT_RETURNED,HOLDING COMPONENT BOX,NONE,Yellow box extracted. Next step: Please return both yellow and red boxes into the container.,61.2,OPEN,-0.668,-0.437,1.2,-0.669,-1.33,2.02,2.6,139.1,-55.6,0,-0.599,-1.086,2.161,273.3,324.9,498.0,454.4,-0.475,-1.254,2.006,424.0,100.0,545.0,220.0,RELEASED,0,0.208,3,OBJECT_RETURNED,0.88,Deterministic kinematic fallback verification.
528,150.846,2026-09-24T14:09:20.205648Z,5.8,3,OBJECT_RETURNED,HOLDING COMPONENT BOX,NONE,Yellow box extracted. Next step: Please return both yellow and red boxes into the container.,61.3,OPEN,-0.672,-0.436,1.2,-0.67,-1.328,2.021,3.0,140.1,-55.7,0,-0.6,-1.086,2.161,272.8,325.1,496.3,454.6,-0.477,-1.249,2.009,426.0,108.0,541.0,224.0,RELEASED,0,0.21,3,OBJECT_RETURNED,0.88,Deterministic kinematic fallback verification.
529,151.212,2026-09-24T14:09:20.571513Z,5.5,3,OBJECT_RETURNED,HOLDING COMPONENT BOX,NONE,Yellow box extracted. Next step: Please return both yellow and red boxes into the container.,61.4,OPEN,-0.678,-0.4,1.2,-0.674,-1.312,2.03,11.4,144.3,-57.7,0,-0.601,-1.086,2.161,272.4,325.1,496.0,454.7,-0.479,-1.243,2.012,424.0,116.0,538.0,229.0,RELEASED,0,0.208,3,OBJECT_RETURNED,0.88,Deterministic kinematic fallback verification.
530,151.387,2026-09-24T14:09:20.746994Z,2.7,3,OBJECT_RETURNED,HOLDING COMPONENT BOX,NONE,Yellow box extracted. Next step: Please return both yellow and red boxes into the container.,61.3,OPEN,-0.676,-0.416,1.2,-0.675,-1.305,2.035,3.6,145.0,-58.3,0,-0.601,-1.086,2.161,272.9,324.5,495.9,454.3,-0.48,-1.239,2.015,424.0,126.0,536.0,229.0,RELEASED,0,0.207,3,OBJECT_RETURNED,0.88,Deterministic kinematic fallback verification.
531,151.583,2026-09-24T14:09:20.942490Z,5.7,3,OBJECT_RETURNED,HOLDING COMPONENT BOX,NONE,Yellow box extracted. Next step: Please return both yellow and red boxes into the container.,61.2,OPEN,-0.676,-0.416,1.2,-0.67,-1.333,2.02,4.6,143.0,-57.3,0,-0.6,-1.086,2.16,272.6,323.7,496.6,454.2,-0.48,-1.234,2.018,424.0,138.0,536.0,229.0,RELEASED,0,0.214,3,OBJECT_RETURNED,0.88,Deterministic kinematic fallback verification.
532,151.814,2026-09-24T14:09:21.173917Z,5.1,3,OBJECT_RETURNED,HOLDING COMPONENT BOX,NONE,Yellow box extracted. Next step: Please return both yellow and red boxes into the container.,60.8,OPEN,-0.672,-0.43,1.2,-0.667,-1.348,2.011,1.0,142.4,-57.9,0,-0.6,-1.087,2.16,272.6,323.2,496.7,454.1,-0.482,-1.231,2.019,422.0,144.0,534.0,229.0,RELEASED,0,0.219,3,OBJECT_RETURNED,0.88,Deterministic kinematic fallback verification.
533,151.966,2026-09-24T14:09:21.325460Z,4.3,3,OBJECT_RETURNED,HOLDING COMPONENT BOX,NONE,Yellow box extracted. Next step: Please return both yellow and red boxes into the container.,59.8,OPEN,-0.669,-0.423,1.2,-0.661,-1.358,2.005,5.8,141.9,-57.8,0,-0.6,-1.087,2.16,272.6,322.6,497.1,454.0,-0.48,-1.231,2.019,426.0,144.0,534.0,229.0,RELEASED,0,0.222,3,OBJECT_RETURNED,0.88,Deterministic kinematic fallback verification.
534,152.125,2026-09-24T14:09:21.485303Z,6.5,3,OBJECT_RETURNED,HOLDING COMPONENT BOX,NONE,Yellow box extracted. Next step: Please return both yellow and red boxes into the container.,59.2,OPEN,-0.664,-0.42,1.2,-0.658,-1.34,2.015,8.7,142.5,-58.6,0,-0.6,-1.087,2.16,272.9,322.4,496.6,454.0,-0.48,-1.231,2.019,424.0,144.0,536.0,229.0,RELEASED,0,0.209,3,OBJECT_RETURNED,0.88,Deterministic kinematic fallback verification.
535,152.281,2026-09-24T14:09:21.641022Z,6.2,3,OBJECT_RETURNED,HOLDING COMPONENT BOX,NONE,Yellow box extracted. Next step: Please return both yellow and red boxes into the container.,58.7,OPEN,-0.662,-0.412,1.2,-0.655,-1.329,2.021,12.4,142.9,-58.6,0,-0.601,-1.087,2.16,272.5,322.8,496.5,454.0,-0.48,-1.231,2.019,424.0,144.0,536.0,229.0,RELEASED,0,0.2,3,OBJECT_RETURNED,0.88,Deterministic kinematic fallback verification.
536,152.57,2026-09-24T14:09:21.930027Z,6.5,3,OBJECT_RETURNED,PICKING COMPONENT BOX,NONE,Yellow box extracted. Next step: Please return both yellow and red boxes into the container.,58.9,OPEN,-0.662,-0.406,1.2,-0.655,-1.318,2.027,14.8,141.9,-57.7,0,-0.601,-1.087,2.16,271.8,323.5,495.7,454.1,-0.616,-1.351,1.95,308.0,0.0,380.0,96.0,EXTRACTED,0,0.093,3,OBJECT_RETURNED,0.88,Deterministic kinematic fallback verification.
537,152.756,2026-09-24T14:09:22.115737Z,3.5,3,OBJECT_RETURNED,PICKING COMPONENT BOX,NONE,Yellow box extracted. Next step: Please return both yellow and red boxes into the container.,59.1,OPEN,-0.664,-0.401,1.2,-0.661,-1.305,2.035,16.9,140.1,-55.9,0,-0.601,-1.086,2.161,271.8,324.5,496.2,454.3,-0.707,-1.251,2.008,220.0,128.0,286.0,200.0,EXTRACTED,0,0.076,3,OBJECT_RETURNED,0.88,Deterministic kinematic fallback verification.
538,152.949,2026-09-24T14:09:22.308959Z,5.4,3,OBJECT_RETURNED,PICKING COMPONENT BOX,NONE,Yellow box extracted. Next step: Please return both yellow and red boxes into the container.,59.3,OPEN,-0.664,-0.395,1.2,-0.663,-1.298,2.038,21.1,138.9,-54.4,0,-0.6,-1.086,2.161,272.0,324.9,497.1,454.2,-0.707,-1.251,2.008,220.0,128.0,286.0,200.0,EXTRACTED,0,0.072,3,OBJECT_RETURNED,0.88,Deterministic kinematic fallback verification.
539,153.196,2026-09-24T14:09:22.555695Z,5.2,3,OBJECT_RETURNED,PICKING COMPONENT BOX,NONE,Yellow box extracted. Next step: Please return both yellow and red boxes into the container.,59.7,OPEN,-0.663,-0.389,1.2,-0.663,-1.292,2.042,27.4,139.7,-54.7,0,-0.601,-1.086,2.161,272.0,324.8,496.9,454.3,-0.707,-1.251,2.007,220.0,128.0,286.0,198.0,EXTRACTED,0,0.069,3,OBJECT_RETURNED,0.88,Deterministic kinematic fallback verification.
540,154.09,2026-09-24T14:09:23.449817Z,4.1,3,OBJECT_RETURNED,PICKING COMPONENT BOX,NONE,Yellow box extracted. Next step: Please return both yellow and red boxes into the container.,59.7,OPEN,-0.663,-0.382,1.2,-0.663,-1.286,2.045,33.1,138.4,-53.6,0,-0.601,-1.086,2.161,271.9,324.9,496.4,454.4,-0.708,-1.251,2.008,220.0,128.0,284.0,200.0,EXTRACTED,0,0.069,3,OBJECT_RETURNED,0.88,Deterministic kinematic fallback verification.
541,154.298,2026-09-24T14:09:23.657796Z,1.1,3,OBJECT_RETURNED,PICKING COMPONENT BOX,NONE,Yellow box extracted. Next step: Please return both yellow and red boxes into the container.,59.9,OPEN,-0.664,-0.376,1.2,-0.663,-1.281,2.048,37.4,137.0,-52.6,0,-0.601,-1.086,2.161,271.8,324.5,496.0,454.3,-0.708,-1.251,2.007,220.0,128.0,284.0,198.0,EXTRACTED,0,0.067,3,OBJECT_RETURNED,0.88,Deterministic kinematic fallback verification.
542,154.46,2026-09-24T14:09:23.820193Z,6.0,3,OBJECT_RETURNED,PICKING COMPONENT BOX,NONE,Yellow box extracted. Next step: Please return both yellow and red boxes into the container.,59.8,OPEN,-0.664,-0.372,1.2,-0.664,-1.276,2.051,39.9,135.4,-51.9,0,-0.602,-1.087,2.16,270.6,323.1,496.0,453.9,-0.706,-1.251,2.007,225.0,126.0,282.0,200.0,EXTRACTED,0,0.066,3,OBJECT_RETURNED,0.88,Deterministic kinematic fallback verification.
543,154.63,2026-09-24T14:09:23.989953Z,6.1,3,OBJECT_RETURNED,PICKING COMPONENT BOX,NONE,Yellow box extracted. Next step: Please return both yellow and red boxes into the container.,60.0,OPEN,-0.663,-0.375,1.2,-0.663,-1.275,2.051,41.1,136.4,-52.3,0,-0.603,-1.087,2.16,270.8,323.2,494.4,453.8,-0.71,-1.252,2.007,218.0,126.0,282.0,198.0,EXTRACTED,0,0.069,3,OBJECT_RETURNED,0.88,Deterministic kinematic fallback verification.
544,154.801,2026-09-24T14:09:24.161190Z,5.9,3,OBJECT_RETURNED,PICKING COMPONENT BOX,NONE,Yellow box extracted. Next step: Please return both yellow and red boxes into the container.,60.2,OPEN,-0.663,-0.374,1.2,-0.662,-1.277,2.05,41.8,135.8,-52.1,0,-0.602,-1.087,2.16,270.6,323.5,495.8,453.5,-0.71,-1.254,2.006,218.0,124.0,282.0,196.0,EXTRACTED,0,0.07,3,OBJECT_RETURNED,0.88,Deterministic kinematic fallback verification.
545,155.024,2026-09-24T14:09:24.384042Z,5.9,3,OBJECT_RETURNED,PICKING COMPONENT BOX,NONE,Yellow box extracted. Next step: Please return both yellow and red boxes into the container.,60.4,OPEN,-0.664,-0.373,1.2,-0.663,-1.275,2.052,42.3,136.2,-52.2,0,-0.602,-1.087,2.16,270.2,323.1,495.9,453.2,-0.709,-1.254,2.006,220.0,124.0,282.0,196.0,EXTRACTED,0,0.068,3,OBJECT_RETURNED,0.88,Deterministic kinematic fallback verification.
546,155.201,2026-09-24T14:09:24.560574Z,4.4,3,OBJECT_RETURNED,PICKING COMPONENT BOX,NONE,Yellow box extracted. Next step: Please return both yellow and red boxes into the container.,60.3,OPEN,-0.665,-0.371,1.2,-0.664,-1.273,2.053,44.4,135.7,-51.5,0,-0.602,-1.087,2.16,269.9,323.3,495.5,453.0,-0.71,-1.254,2.006,218.0,124.0,282.0,196.0,EXTRACTED,0,0.068,3,OBJECT_RETURNED,0.88,Deterministic kinematic fallback verification.
547,155.37,2026-09-24T14:09:24.729556Z,5.7,3,OBJECT_RETURNED,PICKING COMPONENT BOX,NONE,Yellow box extracted. Next step: Please return both yellow and red boxes into the container.,60.6,OPEN,-0.663,-0.366,1.2,-0.663,-1.27,2.055,50.5,136.2,-51.7,0,-0.603,-1.087,2.16,269.9,323.9,494.9,453.1,-0.712,-1.254,2.006,214.0,124.0,282.0,196.0,EXTRACTED,0,0.071,3,OBJECT_RETURNED,0.88,Deterministic kinematic fallback verification.
548,155.584,2026-09-24T14:09:24.944394Z,6.0,3,OBJECT_RETURNED,PICKING COMPONENT BOX,NONE,Yellow box extracted. Next step: Please return both yellow and red boxes into the container.,61.2,OPEN,-0.663,-0.36,1.2,-0.663,-1.266,2.057,58.0,137.7,-51.9,0,-0.603,-1.087,2.16,270.0,324.0,494.9,453.0,-0.711,-1.254,2.006,216.0,124.0,282.0,196.0,EXTRACTED,0,0.071,3,OBJECT_RETURNED,0.88,Deterministic kinematic fallback verification.
549,155.872,2026-09-24T14:09:25.232089Z,4.6,3,OBJECT_RETURNED,PICKING COMPONENT BOX,NONE,Yellow box extracted. Next step: Please return both yellow and red boxes into the container.,61.9,OPEN,-0.663,-0.357,1.2,-0.663,-1.262,2.059,60.9,136.3,-51.5,0,-0.602,-1.087,2.16,270.0,323.7,495.3,452.9,-0.711,-1.255,2.006,216.0,124.0,282.0,195.0,EXTRACTED,0,0.072,3,OBJECT_RETURNED,0.88,Deterministic kinematic fallback verification.
550,156.132,2026-09-24T14:09:25.492227Z,3.4,3,OBJECT_RETURNED,PICKING COMPONENT BOX,NONE,Yellow box extracted. Next step: Please return both yellow and red boxes into the container.,62.0,OPEN,-0.662,-0.353,1.2,-0.663,-1.259,2.061,63.7,136.9,-52.0,0,-0.603,-1.088,2.159,269.7,321.7,494.9,452.7,-0.713,-1.255,2.005,212.0,124.0,282.0,194.0,EXTRACTED,0,0.075,3,OBJECT_RETURNED,0.88,Deterministic kinematic fallback verification.
551,156.301,2026-09-24T14:09:25.660967Z,3.9,3,OBJECT_RETURNED,PICKING COMPONENT BOX,NONE,Yellow box extracted. Next step: Please return both yellow and red boxes into the container.,61.6,OPEN,-0.662,-0.348,1.2,-0.663,-1.255,2.063,66.7,137.6,-52.6,0,-0.603,-1.088,2.16,269.7,321.7,494.7,452.7,-0.712,-1.255,2.005,212.0,124.0,284.0,194.0,EXTRACTED,0,0.076,3,OBJECT_RETURNED,0.88,Deterministic kinematic fallback verification.
552,156.45,2026-09-24T14:09:25.809636Z,5.9,3,OBJECT_RETURNED,PICKING COMPONENT BOX,NONE,Yellow box extracted. Next step: Please return both yellow and red boxes into the container.,61.7,OPEN,-0.66,-0.339,1.2,-0.661,-1.25,2.066,72.2,137.9,-53.7,0,-0.602,-1.088,2.16,270.8,322.9,495.0,452.6,-0.712,-1.255,2.005,212.0,124.0,284.0,194.0,EXTRACTED,0,0.079,3,OBJECT_RETURNED,0.88,Deterministic kinematic fallback verification.
553,156.618,2026-09-24T14:09:25.977928Z,6.7,3,OBJECT_RETURNED,PICKING COMPONENT BOX,NONE,Yellow box extracted. Next step: Please return both yellow and red boxes into the container.,62.5,OPEN,-0.658,-0.331,1.2,-0.658,-1.241,2.072,79.2,138.9,-54.7,0,-0.602,-1.087,2.16,271.9,324.6,494.6,452.5,-0.712,-1.255,2.005,212.0,124.0,284.0,194.0,EXTRACTED,0,0.087,3,OBJECT_RETURNED,0.88,Deterministic kinematic fallback verification.
554,156.791,2026-09-24T14:09:26.151325Z,6.1,3,OBJECT_RETURNED,PICKING COMPONENT BOX,NONE,Yellow box extracted. Next step: Please return both yellow and red boxes into the container.,62.8,OPEN,-0.658,-0.325,1.2,-0.658,-1.236,2.074,84.2,140.9,-56.0,0,-0.602,-1.087,2.16,270.8,324.0,494.7,452.7,-0.712,-1.256,2.005,212.0,122.0,284.0,194.0,EXTRACTED,0,0.09,3,OBJECT_RETURNED,0.88,Deterministic kinematic fallback verification.
555,157.674,2026-09-24T14:09:27.033676Z,5.7,3,OBJECT_RETURNED,PICKING COMPONENT BOX,NONE,Yellow box extracted. Next step: Please return both yellow and red boxes into the container.,62.3,OPEN,-0.661,-0.321,1.2,-0.66,-1.232,2.077,88.3,142.2,-57.2,0,-0.602,-1.088,2.16,270.9,322.2,494.5,452.3,-0.712,-1.256,2.005,212.0,122.0,284.0,194.0,EXTRACTED,0,0.092,3,OBJECT_RETURNED,0.88,Deterministic kinematic fallback verification.
556,157.997,2026-09-24T14:09:27.356842Z,1.1,3,OBJECT_RETURNED,PICKING COMPONENT BOX,NONE,Yellow box extracted. Next step: Please return both yellow and red boxes into the container.,61.8,OPEN,-0.664,-0.314,1.2,-0.662,-1.227,2.08,92.7,141.3,-57.2,0,-0.602,-1.088,2.159,271.1,321.5,494.8,452.1,-0.711,-1.256,2.005,212.0,122.0,286.0,194.0,EXTRACTED,0,0.094,3,OBJECT_RETURNED,0.88,Deterministic kinematic fallback verification.
557,158.179,2026-09-24T14:09:27.538422Z,3.5,3,OBJECT_RETURNED,PICKING COMPONENT BOX,NONE,Yellow box extracted. Next step: Please return both yellow and red boxes into the container.,61.7,OPEN,-0.664,-0.308,1.2,-0.663,-1.222,2.082,98.4,143.7,-59.2,0,-0.602,-1.088,2.16,271.5,322.5,495.2,452.3,-0.711,-1.254,2.006,212.0,122.0,286.0,198.0,EXTRACTED,0,0.096,3,OBJECT_RETURNED,0.88,Deterministic kinematic fallback verification.
558,158.383,2026-09-24T14:09:27.743093Z,5.5,3,OBJECT_RETURNED,PICKING COMPONENT BOX,NONE,Yellow box extracted. Next step: Please return both yellow and red boxes into the container.,62.3,OPEN,-0.664,-0.306,1.2,-0.663,-1.218,2.084,101.8,146.2,-60.7,0,-0.602,-1.086,2.16,271.7,325.5,495.2,452.6,-0.711,-1.255,2.005,212.0,122.0,286.0,195.0,EXTRACTED,0,0.1,3,OBJECT_RETURNED,0.88,Deterministic kinematic fallback verification.
559,158.549,2026-09-24T14:09:27.909038Z,5.0,3,OBJECT_RETURNED,PICKING COMPONENT BOX,NONE,Yellow box extracted. Next step: Please return both yellow and red boxes into the container.,63.2,OPEN,-0.663,-0.305,1.2,-0.663,-1.216,2.086,103.2,146.7,-61.5,0,-0.602,-1.086,2.16,270.6,325.9,495.9,452.3,-0.711,-1.255,2.005,212.0,122.0,286.0,196.0,EXTRACTED,0,0.101,3,OBJECT_RETURNED,0.88,Deterministic kinematic fallback verification.
560,158.699,2026-09-24T14:09:28.059234Z,6.1,3,OBJECT_RETURNED,PICKING COMPONENT BOX,NONE,Yellow box extracted. Next step: Please return both yellow and red boxes into the container.,63.8,OPEN,-0.663,-0.305,1.2,-0.663,-1.215,2.086,102.8,146.8,-61.8,0,-0.602,-1.087,2.16,270.4,325.8,495.0,451.8,-0.712,-1.255,2.005,212.0,122.0,284.0,196.0,EXTRACTED,0,0.103,3,OBJECT_RETURNED,0.88,Deterministic kinematic fallback verification.
561,158.866,2026-09-24T14:09:28.225943Z,6.6,3,OBJECT_RETURNED,PICKING COMPONENT BOX,NONE,Yellow box extracted. Next step: Please return both yellow and red boxes into the container.,64.1,OPEN,-0.662,-0.304,1.2,-0.663,-1.214,2.087,102.3,146.4,-61.2,0,-0.603,-1.087,2.16,270.2,325.9,494.3,451.8,-0.712,-1.255,2.006,212.0,124.0,284.0,195.0,EXTRACTED,0,0.103,3,OBJECT_RETURNED,0.88,Deterministic kinematic fallback verification.
562,159.049,2026-09-24T14:09:28.408966Z,6.0,3,OBJECT_RETURNED,PICKING COMPONENT BOX,NONE,Yellow box extracted. Next step: Please return both yellow and red boxes into the container.,64.3,OPEN,-0.662,-0.304,1.2,-0.663,-1.214,2.087,99.5,144.7,-59.7,0,-0.603,-1.087,2.16,269.6,324.8,494.3,451.6,-0.712,-1.254,2.006,212.0,124.0,284.0,196.0,EXTRACTED,0,0.103,3,OBJECT_RETURNED,0.88,Deterministic kinematic fallback verification.
563,159.318,2026-09-24T14:09:28.677820Z,5.5,4,COMPLETE,PICKING COMPONENT BOX,NONE,Yellow and red boxes returned. Next step: Please close the container box.,64.2,OPEN,-0.662,-0.304,1.2,-0.663,-1.214,2.087,99.5,145.2,-60.2,0,-0.604,-1.088,2.16,268.8,324.0,493.5,451.5,-0.712,-1.254,2.006,212.0,124.0,284.0,196.0,EXTRACTED,0,0.103,3,OBJECT_RETURNED,0.88,Deterministic kinematic fallback verification.
564,159.51,2026-09-24T14:09:28.869495Z,3.7,4,COMPLETE,PICKING COMPONENT BOX,NONE,Yellow and red boxes returned. Next step: Please close the container box.,64.0,OPEN,-0.663,-0.304,1.2,-0.663,-1.214,2.087,99.0,145.2,-60.1,0,-0.605,-1.087,2.16,267.8,324.5,493.0,451.6,-0.713,-1.254,2.006,212.0,124.0,282.0,196.0,EXTRACTED,0,0.104,3,OBJECT_RETURNED,0.88,Deterministic kinematic fallback verification.
565,159.667,2026-09-24T14:09:29.027232Z,5.3,4,COMPLETE,PICKING COMPONENT BOX,NONE,Yellow and red boxes returned. Next step: Please close the container box.,63.9,OPEN,-0.661,-0.305,1.2,-0.662,-1.214,2.087,98.4,145.1,-60.1,0,-0.605,-1.087,2.16,267.6,325.0,492.2,452.0,-0.713,-1.254,2.006,212.0,124.0,282.0,196.0,EXTRACTED,0,0.104,3,OBJECT_RETURNED,0.88,Deterministic kinematic fallback verification.
566,159.972,2026-09-24T14:09:29.332077Z,6.4,4,COMPLETE,PICKING COMPONENT BOX,NONE,Yellow and red boxes returned. Next step: Please close the container box.,64.2,OPEN,-0.663,-0.304,1.2,-0.662,-1.214,2.087,99.3,145.6,-61.0,0,-0.605,-1.087,2.16,267.8,324.6,493.1,452.1,-0.713,-1.254,2.006,212.0,124.0,282.0,196.0,EXTRACTED,0,0.104,3,OBJECT_RETURNED,0.88,Deterministic kinematic fallback verification.
567,160.168,2026-09-24T14:09:29.527977Z,3.3,4,COMPLETE,PICKING COMPONENT BOX,NONE,Yellow and red boxes returned. Next step: Please close the container box.,64.7,OPEN,-0.663,-0.302,1.2,-0.663,-1.213,2.088,100.5,145.8,-60.8,0,-0.605,-1.087,2.16,267.9,324.7,493.3,452.1,-0.713,-1.254,2.006,212.0,124.0,282.0,196.0,EXTRACTED,0,0.105,3,OBJECT_RETURNED,0.88,Deterministic kinematic fallback verification.
568,160.412,2026-09-24T14:09:29.772133Z,5.1,4,COMPLETE,HOLDING COMPONENT BOX,NONE,Yellow and red boxes returned. Next step: Please close the container box.,64.9,OPEN,-0.665,-0.3,1.2,-0.664,-1.211,2.088,101.6,145.4,-60.4,0,-0.604,-1.087,2.16,268.0,325.0,493.8,452.6,-0.462,-1.241,2.013,472.0,140.0,524.0,210.0,RELEASED,0,0.217,3,OBJECT_RETURNED,0.88,Deterministic kinematic fallback verification.
569,160.665,2026-09-24T14:09:30.024749Z,4.1,4,COMPLETE,RETURNING COMPONENT BOX INTO BOX,NONE,Yellow and red boxes returned. Next step: Please close the container box.,64.6,OPEN,-0.667,-0.3,1.2,-0.665,-1.21,2.089,104.2,145.6,-61.0,0,-0.604,-1.087,2.16,267.8,324.7,493.9,453.1,-0.604,-1.087,2.16,335.7,363.9,426.1,413.9,DOCKED,1,0.155,3,OBJECT_RETURNED,0.88,Deterministic kinematic fallback verification.
570,162.517,2026-09-24T14:09:31.876959Z,3.9,4,COMPLETE,RETURNING COMPONENT BOX INTO BOX,NONE,Yellow and red boxes returned. Next step: Please close the container box.,63.7,OPEN,-0.667,-0.294,1.2,-0.666,-1.207,2.091,106.6,145.4,-60.6,0,-0.604,-1.088,2.16,267.3,321.8,494.6,453.0,-0.604,-1.088,2.16,335.5,362.4,426.5,412.4,DOCKED,1,0.151,3,OBJECT_RETURNED,0.88,Deterministic kinematic fallback verification.
571,162.78,2026-09-24T14:09:32.139813Z,0.5,4,COMPLETE,RETURNING COMPONENT BOX INTO BOX,NONE,Yellow and red boxes returned. Next step: Please close the container box.,63.0,OPEN,-0.665,-0.288,1.2,-0.665,-1.203,2.093,109.0,147.0,-61.6,0,-0.604,-1.088,2.16,268.3,321.8,494.9,453.0,-0.604,-1.088,2.16,336.3,362.4,426.9,412.4,DOCKED,1,0.146,3,OBJECT_RETURNED,0.88,Deterministic kinematic fallback verification.
572,162.942,2026-09-24T14:09:32.302180Z,4.6,4,COMPLETE,RETURNING COMPONENT BOX INTO BOX,NONE,Yellow and red boxes returned. Next step: Please close the container box.,62.0,OPEN,-0.665,-0.285,1.2,-0.665,-1.2,2.095,112.8,150.0,-63.2,0,-0.604,-1.088,2.16,268.9,321.3,494.4,453.3,-0.604,-1.088,2.16,336.5,362.3,426.7,412.3,DOCKED,1,0.143,3,OBJECT_RETURNED,0.88,Deterministic kinematic fallback verification.
573,163.136,2026-09-24T14:09:32.496192Z,6.0,4,COMPLETE,RETURNING COMPONENT BOX INTO BOX,NONE,Yellow and red boxes returned. Next step: Please close the container box.,61.1,OPEN,-0.665,-0.282,1.2,-0.665,-1.197,2.097,119.5,154.4,-65.8,0,-0.604,-1.088,2.159,269.2,320.8,493.5,453.4,-0.604,-1.088,2.159,336.5,362.1,426.2,412.1,DOCKED,1,0.14,3,OBJECT_RETURNED,0.88,Deterministic kinematic fallback verification.
574,163.39,2026-09-24T14:09:32.749787Z,5.2,4,COMPLETE,RETURNING COMPONENT BOX INTO BOX,NONE,Yellow and red boxes returned. Next step: Please close the container box.,61.0,OPEN,-0.667,-0.277,1.2,-0.666,-1.194,2.099,123.2,154.4,-66.0,0,-0.603,-1.088,2.16,270.2,321.7,493.9,453.4,-0.603,-1.088,2.16,337.3,362.6,426.8,412.6,DOCKED,1,0.137,3,OBJECT_RETURNED,0.88,Deterministic kinematic fallback verification.
575,163.58,2026-09-24T14:09:32.939959Z,3.9,4,COMPLETE,RETURNING COMPONENT BOX INTO BOX,NONE,Yellow and red boxes returned. Next step: Please close the container box.,61.4,OPEN,-0.669,-0.276,1.2,-0.668,-1.191,2.1,127.4,155.8,-66.5,0,-0.602,-1.087,2.16,271.4,323.1,495.4,453.5,-0.602,-1.087,2.16,338.6,363.3,428.2,413.3,DOCKED,1,0.137,3,OBJECT_RETURNED,0.88,Deterministic kinematic fallback verification.
576,163.761,2026-09-24T14:09:33.121400Z,5.1,4,COMPLETE,RETURNING COMPONENT BOX INTO BOX,NONE,Yellow and red boxes returned. Next step: Please close the container box.,61.9,OPEN,-0.669,-0.274,1.2,-0.668,-1.189,2.101,128.1,157.2,-67.1,0,-0.601,-1.087,2.16,271.4,324.2,496.3,453.5,-0.601,-1.087,2.16,338.9,363.9,428.9,413.9,DOCKED,1,0.136,3,OBJECT_RETURNED,0.88,Deterministic kinematic fallback verification.
577,164.009,2026-09-24T14:09:33.368560Z,5.7,4,COMPLETE,RETURNING COMPONENT BOX INTO BOX,NONE,Yellow and red boxes returned. Next step: Please close the container box.,62.4,OPEN,-0.67,-0.271,1.2,-0.669,-1.187,2.102,129.9,157.2,-67.6,0,-0.601,-1.086,2.161,272.3,324.9,496.7,453.6,-0.601,-1.086,2.161,339.6,364.2,429.4,414.2,DOCKED,1,0.135,3,OBJECT_RETURNED,0.88,Deterministic kinematic fallback verification.
578,164.235,2026-09-24T14:09:33.594556Z,4.0,4,COMPLETE,RETURNING COMPONENT BOX INTO BOX,NONE,Yellow and red boxes returned. Next step: Please close the container box.,62.5,OPEN,-0.672,-0.264,1.2,-0.671,-1.183,2.105,131.0,156.0,-66.1,0,-0.6,-1.086,2.161,272.6,324.7,497.8,454.0,-0.6,-1.086,2.161,340.2,364.4,430.2,414.4,DOCKED,1,0.132,3,OBJECT_RETURNED,0.88,Deterministic kinematic fallback verification.
579,164.411,2026-09-24T14:09:33.770782Z,4.5,4,COMPLETE,RETURNING COMPONENT BOX INTO BOX,NONE,Yellow and red boxes returned. Next step: Please close the container box.,62.7,OPEN,-0.671,-0.261,1.2,-0.671,-1.179,2.107,131.2,156.4,-66.5,0,-0.6,-1.086,2.161,273.0,324.6,496.6,453.9,-0.6,-1.086,2.161,340.1,364.3,429.5,414.3,DOCKED,1,0.129,3,OBJECT_RETURNED,0.88,Deterministic kinematic fallback verification.
580,164.593,2026-09-24T14:09:33.953409Z,5.7,4,COMPLETE,RETURNING COMPONENT BOX INTO BOX,NONE,Yellow and red boxes returned. Next step: Please close the container box.,62.8,OPEN,-0.67,-0.259,1.2,-0.671,-1.177,2.108,132.1,156.7,-67.1,0,-0.601,-1.086,2.161,272.5,324.9,496.3,454.0,-0.601,-1.086,2.161,339.7,364.4,429.2,414.4,DOCKED,1,0.126,3,OBJECT_RETURNED,0.88,Deterministic kinematic fallback verification.
581,164.777,2026-09-24T14:09:34.137412Z,5.4,4,COMPLETE,RETURNING COMPONENT BOX INTO BOX,NONE,Yellow and red boxes returned. Next step: Please close the container box.,62.9,OPEN,-0.672,-0.258,1.2,-0.671,-1.175,2.109,133.3,156.0,-67.0,0,-0.6,-1.085,2.161,272.4,326.0,497.3,454.2,-0.6,-1.085,2.161,339.9,365.1,429.9,415.1,DOCKED,1,0.126,3,OBJECT_RETURNED,0.88,Deterministic kinematic fallback verification.
582,164.93,2026-09-24T14:09:34.290342Z,5.4,4,COMPLETE,RETURNING COMPONENT BOX INTO BOX,NONE,Yellow and red boxes returned. Next step: Please close the container box.,63.1,OPEN,-0.671,-0.263,1.2,-0.671,-1.176,2.109,133.0,157.1,-68.2,0,-0.6,-1.086,2.161,271.9,325.9,497.7,453.9,-0.6,-1.086,2.161,339.6,364.9,429.9,414.9,DOCKED,1,0.126,3,OBJECT_RETURNED,0.88,Deterministic kinematic fallback verification.
583,165.109,2026-09-24T14:09:34.469053Z,6.6,4,COMPLETE,RETURNING COMPONENT BOX INTO BOX,NONE,Yellow and red boxes returned. Next step: Please close the container box.,63.5,OPEN,-0.672,-0.262,1.2,-0.67,-1.179,2.107,133.9,157.6,-68.3,0,-0.601,-1.086,2.161,271.1,325.6,496.1,453.4,-0.601,-1.086,2.161,338.6,364.5,428.6,414.5,DOCKED,1,0.127,3,OBJECT_RETURNED,0.88,Deterministic kinematic fallback verification.
584,165.328,2026-09-24T14:09:34.688094Z,5.5,4,COMPLETE,RETURNING COMPONENT BOX INTO BOX,NONE,Yellow and red boxes returned. Next step: Please close the container box.,63.6,OPEN,-0.672,-0.262,1.2,-0.67,-1.179,2.107,132.8,156.2,-67.8,0,-0.603,-1.086,2.161,270.6,325.2,493.5,453.0,-0.603,-1.086,2.161,337.5,364.1,426.6,414.1,DOCKED,1,0.126,3,OBJECT_RETURNED,0.88,Deterministic kinematic fallback verification.
585,166.271,2026-09-24T14:09:35.630696Z,4.6,4,COMPLETE,RETURNING COMPONENT BOX INTO BOX,NONE,Yellow and red boxes returned. Next step: Please close the container box.,63.7,OPEN,-0.672,-0.263,1.2,-0.671,-1.178,2.108,128.5,153.8,-66.1,0,-0.603,-1.086,2.161,270.2,325.2,493.3,453.2,-0.603,-1.086,2.161,337.2,364.2,426.4,414.2,DOCKED,1,0.126,3,OBJECT_RETURNED,0.88,Deterministic kinematic fallback verification.
586,166.71,2026-09-24T14:09:36.070392Z,1.0,4,COMPLETE,RETURNING COMPONENT BOX INTO BOX,NONE,Yellow and red boxes returned. Next step: Please close the container box.,63.6,OPEN,-0.671,-0.266,1.2,-0.671,-1.179,2.107,123.6,151.4,-65.2,0,-0.603,-1.086,2.161,270.3,325.2,493.3,453.6,-0.603,-1.086,2.161,337.2,364.4,426.4,414.4,DOCKED,1,0.127,3,OBJECT_RETURNED,0.88,Deterministic kinematic fallback verification.
587,166.91,2026-09-24T14:09:36.269685Z,2.5,4,COMPLETE,RETURNING COMPONENT BOX INTO BOX,NONE,Yellow and red boxes returned. Next step: Please close the container box.,63.3,OPEN,-0.668,-0.266,1.2,-0.67,-1.18,2.107,118.5,149.3,-64.5,0,-0.603,-1.086,2.161,270.4,325.2,493.1,453.7,-0.603,-1.086,2.161,337.2,364.5,426.3,414.5,DOCKED,1,0.127,3,OBJECT_RETURNED,0.88,Deterministic kinematic fallback verification.
588,167.104,2026-09-24T14:09:36.464131Z,5.1,4,COMPLETE,RETURNING COMPONENT BOX INTO BOX,NONE,Yellow and red boxes returned. Next step: Please close the container box.,62.8,OPEN,-0.666,-0.269,1.2,-0.668,-1.181,2.106,113.7,149.1,-64.6,0,-0.603,-1.086,2.161,270.6,324.9,493.2,453.7,-0.603,-1.086,2.161,337.4,364.3,426.4,414.3,DOCKED,1,0.127,3,OBJECT_RETURNED,0.88,Deterministic kinematic fallback verification.
589,167.354,2026-09-24T14:09:36.713584Z,5.1,4,COMPLETE,RETURNING COMPONENT BOX INTO BOX,NONE,Yellow and red boxes returned. Next step: Please close the container box.,62.4,OPEN,-0.662,-0.275,1.2,-0.665,-1.185,2.104,108.3,147.5,-63.9,0,-0.603,-1.086,2.161,270.4,325.3,494.3,453.9,-0.603,-1.086,2.161,337.6,364.6,427.1,414.6,DOCKED,1,0.13,3,OBJECT_RETURNED,0.88,Deterministic kinematic fallback verification.
590,167.539,2026-09-24T14:09:36.898921Z,4.1,4,COMPLETE,RETURNING COMPONENT BOX INTO BOX,NONE,Yellow and red boxes returned. Next step: Please close the container box.,62.2,OPEN,-0.659,-0.279,1.2,-0.662,-1.188,2.102,105.4,146.8,-63.6,0,-0.603,-1.086,2.161,270.5,325.9,494.0,453.8,-0.603,-1.086,2.161,337.5,364.9,427.0,414.9,DOCKED,1,0.132,3,OBJECT_RETURNED,0.88,Deterministic kinematic fallback verification.
591,167.734,2026-09-24T14:09:37.093610Z,5.4,4,COMPLETE,RETURNING COMPONENT BOX INTO BOX,NONE,Yellow and red boxes returned. Next step: Please close the container box.,62.9,OPEN,-0.653,-0.279,1.2,-0.658,-1.19,2.101,103.2,146.3,-63.7,0,-0.603,-1.085,2.161,270.2,326.4,494.4,453.8,-0.603,-1.085,2.161,337.4,365.1,427.1,415.1,DOCKED,1,0.132,3,OBJECT_RETURNED,0.88,Deterministic kinematic fallback verification.
592,167.907,2026-09-24T14:09:37.266737Z,5.1,4,COMPLETE,RETURNING COMPONENT BOX INTO BOX,NONE,Yellow and red boxes returned. Next step: Please close the container box.,63.5,OPEN,-0.651,-0.278,1.2,-0.654,-1.19,2.1,100.6,145.4,-63.1,0,-0.603,-1.085,2.161,269.8,326.6,493.7,454.1,-0.603,-1.085,2.161,337.0,365.4,426.6,415.4,DOCKED,1,0.132,3,OBJECT_RETURNED,0.88,Deterministic kinematic fallback verification.
593,168.119,2026-09-24T14:09:37.478556Z,5.8,4,COMPLETE,RETURNING COMPONENT BOX INTO BOX,NONE,Yellow and red boxes returned. Next step: Please close the container box.,63.7,OPEN,-0.646,-0.274,1.2,-0.65,-1.189,2.101,105.7,149.0,-66.5,0,-0.604,-1.086,2.161,270.0,326.1,492.8,454.1,-0.604,-1.086,2.161,336.9,365.1,426.0,415.1,DOCKED,1,0.128,3,OBJECT_RETURNED,0.88,Deterministic kinematic fallback verification.
594,168.348,2026-09-24T14:09:37.708240Z,4.6,4,COMPLETE,RETURNING COMPONENT BOX INTO BOX,NONE,Yellow and red boxes returned. Next step: Please close the container box.,62.9,OPEN,-0.647,-0.273,1.2,-0.648,-1.188,2.102,105.7,148.0,-66.1,0,-0.603,-1.085,2.161,271.3,326.2,492.6,454.2,-0.603,-1.085,2.161,337.7,365.2,426.2,415.2,DOCKED,1,0.126,3,OBJECT_RETURNED,0.88,Deterministic kinematic fallback verification.
595,168.551,2026-09-24T14:09:37.911067Z,4.5,4,COMPLETE,RETURNING COMPONENT BOX INTO BOX,NONE,Yellow and red boxes returned. Next step: Please close the container box.,62.3,OPEN,-0.645,-0.272,1.2,-0.65,-1.188,2.101,106.2,148.4,-66.7,0,-0.603,-1.086,2.161,271.1,325.3,493.6,454.2,-0.603,-1.086,2.161,337.9,364.8,426.9,414.8,DOCKED,1,0.128,3,OBJECT_RETURNED,0.88,Deterministic kinematic fallback verification.
596,168.727,2026-09-24T14:09:38.087007Z,4.9,4,COMPLETE,RETURNING COMPONENT BOX INTO BOX,NONE,Yellow and red boxes returned. Next step: Please close the container box.,62.0,OPEN,-0.646,-0.271,1.2,-0.648,-1.186,2.103,107.0,149.0,-67.1,0,-0.603,-1.086,2.161,271.2,325.2,493.9,454.4,-0.603,-1.086,2.161,338.0,364.8,427.1,414.8,DOCKED,1,0.125,3,OBJECT_RETURNED,0.88,Deterministic kinematic fallback verification.
597,168.889,2026-09-24T14:09:38.249216Z,5.6,4,COMPLETE,RETURNING COMPONENT BOX INTO BOX,NONE,Yellow and red boxes returned. Next step: Please close the container box.,61.9,OPEN,-0.644,-0.269,1.2,-0.646,-1.185,2.104,107.5,149.0,-67.3,0,-0.602,-1.086,2.161,271.7,325.6,493.9,454.4,-0.602,-1.086,2.161,338.4,365.0,427.3,415.0,DOCKED,1,0.122,3,OBJECT_RETURNED,0.88,Deterministic kinematic fallback verification.
598,169.068,2026-09-24T14:09:38.428241Z,6.2,4,COMPLETE,RETURNING COMPONENT BOX INTO BOX,NONE,Yellow and red boxes returned. Next step: Please close the container box.,61.8,OPEN,-0.643,-0.269,1.2,-0.643,-1.182,2.105,107.5,149.3,-67.4,0,-0.601,-1.086,2.161,271.8,325.1,495.5,454.3,-0.601,-1.086,2.161,338.9,364.7,428.4,414.7,DOCKED,1,0.119,3,OBJECT_RETURNED,0.88,Deterministic kinematic fallback verification.
599,169.284,2026-09-24T14:09:38.643504Z,5.6,4,COMPLETE,RETURNING COMPONENT BOX INTO BOX,NONE,Yellow and red boxes returned. Next step: Please close the container box.,62.0,OPEN,-0.641,-0.267,1.2,-0.642,-1.182,2.106,110.5,151.7,-69.5,0,-0.601,-1.086,2.161,271.8,325.1,495.7,454.3,-0.601,-1.086,2.161,339.0,364.7,428.5,414.7,DOCKED,1,0.118,3,OBJECT_RETURNED,0.88,Deterministic kinematic fallback verification.
600,170.184,2026-09-24T14:09:39.544269Z,4.6,4,COMPLETE,RETURNING COMPONENT BOX INTO BOX,NONE,Yellow and red boxes returned. Next step: Please close the container box.,61.7,OPEN,-0.64,-0.266,1.2,-0.641,-1.181,2.106,110.2,151.8,-69.5,0,-0.602,-1.086,2.161,271.7,324.3,495.1,454.2,-0.602,-1.086,2.161,338.8,364.3,428.1,414.3,DOCKED,1,0.116,3,OBJECT_RETURNED,0.88,Deterministic kinematic fallback verification.
601,170.525,2026-09-24T14:09:39.885223Z,1.0,4,COMPLETE,RETURNING COMPONENT BOX INTO BOX,NONE,Yellow and red boxes returned. Next step: Please close the container box.,61.2,OPEN,-0.638,-0.274,1.2,-0.639,-1.184,2.104,105.4,151.3,-70.1,0,-0.601,-1.086,2.16,271.9,323.4,496.1,454.6,-0.601,-1.086,2.16,339.2,364.0,428.9,414.0,DOCKED,1,0.119,3,OBJECT_RETURNED,0.88,Deterministic kinematic fallback verification.
602,170.714,2026-09-24T14:09:40.073620Z,3.6,4,COMPLETE,RETURNING COMPONENT BOX INTO BOX,NONE,Yellow and red boxes returned. Next step: Please close the container box.,60.6,OPEN,-0.64,-0.268,1.2,-0.64,-1.183,2.105,110.8,152.4,-69.8,0,-0.601,-1.087,2.16,272.0,322.9,496.0,454.4,-0.601,-1.087,2.16,339.2,363.6,428.8,413.6,DOCKED,1,0.118,3,OBJECT_RETURNED,0.88,Deterministic kinematic fallback verification.
603,170.886,2026-09-24T14:09:40.246040Z,5.3,4,COMPLETE,RETURNING COMPONENT BOX INTO BOX,NONE,Yellow and red boxes returned. Next step: Please close the container box.,60.0,OPEN,-0.64,-0.266,1.2,-0.642,-1.176,2.109,111.4,152.5,-70.0,0,-0.602,-1.087,2.16,271.2,322.7,495.1,454.4,-0.602,-1.087,2.16,338.4,363.6,428.0,413.6,DOCKED,1,0.11,3,OBJECT_RETURNED,0.88,Deterministic kinematic fallback verification.
604,171.081,2026-09-24T14:09:40.440793Z,5.8,4,COMPLETE,RETURNING COMPONENT BOX INTO BOX,NONE,Yellow and red boxes returned. Next step: Please close the container box.,59.6,OPEN,-0.638,-0.262,1.2,-0.64,-1.176,2.109,114.7,154.1,-71.9,0,-0.602,-1.086,2.16,271.0,323.6,494.7,454.4,-0.602,-1.086,2.16,338.1,364.0,427.6,414.0,DOCKED,1,0.11,3,OBJECT_RETURNED,0.88,Deterministic kinematic fallback verification.
605,171.281,2026-09-24T14:09:40.641398Z,5.1,4,COMPLETE,RETURNING COMPONENT BOX INTO BOX,NONE,Yellow and red boxes returned. Next step: Please close the container box.,59.5,OPEN,-0.638,-0.26,1.2,-0.639,-1.176,2.109,116.1,155.1,-72.7,0,-0.602,-1.087,2.16,270.8,323.6,495.0,454.0,-0.602,-1.087,2.16,338.1,363.8,427.7,413.8,DOCKED,1,0.109,3,OBJECT_RETURNED,0.88,Deterministic kinematic fallback verification.
606,171.496,2026-09-24T14:09:40.855691Z,4.9,4,COMPLETE,RETURNING COMPONENT BOX INTO BOX,NONE,Yellow and red boxes returned. Next step: Please close the container box.,59.5,OPEN,-0.637,-0.26,1.2,-0.638,-1.175,2.109,115.6,155.1,-72.4,0,-0.603,-1.086,2.16,270.7,323.9,494.2,454.2,-0.603,-1.086,2.16,337.7,364.0,427.1,414.0,DOCKED,1,0.108,3,OBJECT_RETURNED,0.88,Deterministic kinematic fallback verification.
607,171.654,2026-09-24T14:09:41.013795Z,4.7,4,COMPLETE,RETURNING COMPONENT BOX INTO BOX,NONE,Yellow and red boxes returned. Next step: Please close the container box.,59.6,OPEN,-0.639,-0.26,1.2,-0.638,-1.175,2.109,114.4,154.4,-71.2,0,-0.603,-1.086,2.161,270.7,323.9,493.6,454.3,-0.603,-1.086,2.161,337.6,364.1,426.8,414.1,DOCKED,1,0.109,3,OBJECT_RETURNED,0.88,Deterministic kinematic fallback verification.
608,171.814,2026-09-24T14:09:41.174175Z,6.3,4,COMPLETE,RETURNING COMPONENT BOX INTO BOX,NONE,Yellow and red boxes returned. Next step: Please close the container box.,59.7,OPEN,-0.64,-0.259,1.2,-0.639,-1.175,2.11,115.9,155.3,-71.8,0,-0.603,-1.087,2.16,270.7,323.6,493.5,454.0,-0.603,-1.087,2.16,337.6,363.8,426.7,413.8,DOCKED,1,0.108,3,OBJECT_RETURNED,0.88,Deterministic kinematic fallback verification.
609,171.989,2026-09-24T14:09:41.349379Z,6.3,4,COMPLETE,RETURNING COMPONENT BOX INTO BOX,NONE,Yellow and red boxes returned. Next step: Please close the container box.,59.8,OPEN,-0.642,-0.261,1.2,-0.64,-1.175,2.109,116.4,155.3,-72.0,0,-0.603,-1.086,2.16,270.7,324.1,493.8,454.0,-0.603,-1.086,2.16,337.6,364.1,426.8,414.1,DOCKED,1,0.109,3,OBJECT_RETURNED,0.88,Deterministic kinematic fallback verification.
610,172.166,2026-09-24T14:09:41.525926Z,5.6,4,COMPLETE,RETURNING COMPONENT BOX INTO BOX,NONE,Yellow and red boxes returned. Next step: Please close the container box.,60.0,OPEN,-0.641,-0.261,1.2,-0.641,-1.175,2.109,115.3,155.0,-71.8,0,-0.603,-1.086,2.161,270.3,324.7,494.4,454.2,-0.603,-1.086,2.161,337.5,364.4,427.1,414.4,DOCKED,1,0.11,3,OBJECT_RETURNED,0.88,Deterministic kinematic fallback verification.
611,172.365,2026-09-24T14:09:41.724748Z,5.8,4,COMPLETE,RETURNING COMPONENT BOX INTO BOX,NONE,Yellow and red boxes returned. Next step: Please close the container box.,60.1,OPEN,-0.64,-0.262,1.2,-0.64,-1.176,2.109,114.4,154.6,-71.7,0,-0.602,-1.086,2.161,270.7,324.7,495.2,454.0,-0.602,-1.086,2.161,338.1,364.4,427.9,414.4,DOCKED,1,0.111,3,OBJECT_RETURNED,0.88,Deterministic kinematic fallback verification.
612,172.538,2026-09-24T14:09:41.898253Z,5.0,4,COMPLETE,RETURNING COMPONENT BOX INTO BOX,NONE,Yellow and red boxes returned. Next step: Please close the container box.,60.2,OPEN,-0.637,-0.261,1.2,-0.639,-1.176,2.109,115.1,155.4,-72.9,0,-0.601,-1.087,2.16,271.0,323.9,496.3,453.7,-0.601,-1.087,2.16,338.6,363.8,428.7,413.8,DOCKED,1,0.11,3,OBJECT_RETURNED,0.88,Deterministic kinematic fallback verification.
613,172.761,2026-09-24T14:09:42.121403Z,5.7,4,COMPLETE,RETURNING COMPONENT BOX INTO BOX,NONE,Yellow and red boxes returned. Next step: Please close the container box.,60.0,OPEN,-0.637,-0.265,1.2,-0.638,-1.178,2.108,111.4,154.2,-72.4,0,-0.601,-1.087,2.16,271.8,323.0,496.1,453.7,-0.601,-1.087,2.16,339.1,363.3,428.8,413.3,DOCKED,1,0.111,3,OBJECT_RETURNED,0.88,Deterministic kinematic fallback verification.
614,172.922,2026-09-24T14:09:42.282396Z,4.5,4,COMPLETE,RETURNING COMPONENT BOX INTO BOX,NONE,Yellow and red boxes returned. Next step: Please close the container box.,59.8,OPEN,-0.646,-0.275,1.2,-0.642,-1.183,2.105,106.6,152.5,-71.6,0,-0.601,-1.087,2.16,272.2,322.7,495.9,453.7,-0.601,-1.087,2.16,339.3,363.2,428.8,413.2,DOCKED,1,0.118,3,OBJECT_RETURNED,0.88,Deterministic kinematic fallback verification.
615,173.763,2026-09-24T14:09:43.122481Z,6.2,4,COMPLETE,RETURNING COMPONENT BOX INTO BOX,NONE,Yellow and red boxes returned. Next step: Please close the container box.,59.8,OPEN,-0.66,-0.288,1.2,-0.656,-1.195,2.098,102.6,151.3,-69.2,0,-0.601,-1.087,2.16,271.9,323.6,496.0,453.9,-0.601,-1.087,2.16,339.1,363.8,428.7,413.8,DOCKED,1,0.137,3,OBJECT_RETURNED,0.88,Deterministic kinematic fallback verification.
616,174.033,2026-09-24T14:09:43.393402Z,1.1,4,COMPLETE,RETURNING COMPONENT BOX INTO BOX,NONE,Yellow and red boxes returned. Next step: Please close the container box.,60.2,OPEN,-0.67,-0.297,1.2,-0.664,-1.202,2.094,103.3,149.5,-67.0,0,-0.602,-1.086,2.16,271.7,324.1,495.0,454.1,-0.602,-1.086,2.16,338.7,364.1,428.0,414.1,DOCKED,1,0.147,3,OBJECT_RETURNED,0.88,Deterministic kinematic fallback verification.
617,174.215,2026-09-24T14:09:43.575056Z,4.3,4,COMPLETE,RETURNING COMPONENT BOX INTO BOX,NONE,Yellow and red boxes returned. Next step: Please close the container box.,60.3,OPEN,-0.676,-0.301,1.2,-0.67,-1.207,2.091,100.7,148.3,-65.3,0,-0.601,-1.087,2.16,272.1,323.0,496.5,453.9,-0.601,-1.087,2.16,339.4,363.5,429.2,413.5,DOCKED,1,0.155,3,OBJECT_RETURNED,0.88,Deterministic kinematic fallback verification.
618,174.47,2026-09-24T14:09:43.829876Z,5.5,4,COMPLETE,PICKING COMPONENT BOX,NONE,Yellow and red boxes returned. Next step: Please close the container box.,60.4,OPEN,-0.691,-0.308,1.2,-0.681,-1.212,2.088,102.5,146.1,-63.8,0,-0.601,-1.087,2.16,272.1,323.1,496.6,453.8,-0.708,-1.251,2.007,216.0,128.0,288.0,198.0,EXTRACTED,0,0.094,3,OBJECT_RETURNED,0.88,Deterministic kinematic fallback verification.
619,174.628,2026-09-24T14:09:43.987435Z,4.0,4,COMPLETE,PICKING COMPONENT BOX,NONE,Yellow and red boxes returned. Next step: Please close the container box.,60.5,OPEN,-0.703,-0.309,1.2,-0.696,-1.216,2.086,116.6,145.1,-62.1,0,-0.601,-1.087,2.16,271.6,322.6,496.1,453.7,-0.708,-1.251,2.007,216.0,128.0,288.0,198.0,EXTRACTED,0,0.087,3,OBJECT_RETURNED,0.88,Deterministic kinematic fallback verification.
620,174.809,2026-09-24T14:09:44.169317Z,6.4,4,COMPLETE,PICKING COMPONENT BOX,NONE,Yellow and red boxes returned. Next step: Please close the container box.,60.7,OPEN,-0.717,-0.312,1.2,-0.709,-1.216,2.086,139.5,144.7,-63.2,0,-0.602,-1.087,2.16,271.3,323.3,494.8,454.0,-0.708,-1.251,2.007,216.0,128.0,288.0,198.0,EXTRACTED,0,0.086,3,OBJECT_RETURNED,0.88,Deterministic kinematic fallback verification.
621,175.045,2026-09-24T14:09:44.405247Z,5.5,4,COMPLETE,PICKING COMPONENT BOX [ROM LIMIT],NONE,Yellow and red boxes returned. Next step: Please close the container box.,60.9,OPEN,-0.724,-0.312,1.2,-0.717,-1.218,2.085,145.0,142.2,-61.9,1,-0.602,-1.086,2.16,271.6,323.6,494.6,454.5,-0.708,-1.249,2.009,216.0,128.0,288.0,204.0,EXTRACTED,0,0.082,3,OBJECT_RETURNED,0.88,Deterministic kinematic fallback verification.
622,175.238,2026-09-24T14:09:44.597543Z,4.3,4,COMPLETE,PICKING COMPONENT BOX [ROM LIMIT],NONE,Yellow and red boxes returned. Next step: Please close the container box.,60.8,OPEN,-0.726,-0.307,1.2,-0.719,-1.215,2.086,145.0,142.3,-60.1,1,-0.602,-1.086,2.161,272.3,324.2,494.5,454.6,-0.708,-1.249,2.009,216.0,128.0,288.0,204.0,EXTRACTED,0,0.085,3,OBJECT_RETURNED,0.88,Deterministic kinematic fallback verification.
623,175.446,2026-09-24T14:09:44.805993Z,5.2,4,COMPLETE,PICKING COMPONENT BOX [ROM LIMIT],NONE,Yellow and red boxes returned. Next step: Please close the container box.,60.8,OPEN,-0.729,-0.31,1.2,-0.724,-1.217,2.085,145.0,141.1,-59.2,1,-0.601,-1.086,2.161,272.5,324.1,494.8,454.4,-0.708,-1.249,2.009,216.0,128.0,288.0,204.0,EXTRACTED,0,0.084,3,OBJECT_RETURNED,0.88,Deterministic kinematic fallback verification.
624,175.642,2026-09-24T14:09:45.001899Z,4.8,4,COMPLETE,PICKING COMPONENT BOX [ROM LIMIT],NONE,Yellow and red boxes returned. Next step: Please close the container box.,60.8,OPEN,-0.729,-0.309,1.2,-0.726,-1.22,2.083,145.0,140.7,-58.7,1,-0.601,-1.086,2.161,272.8,324.3,495.3,454.4,-0.708,-1.249,2.009,216.0,128.0,288.0,204.0,EXTRACTED,0,0.081,3,OBJECT_RETURNED,0.88,Deterministic kinematic fallback verification.
625,175.852,2026-09-24T14:09:45.211463Z,5.1,4,COMPLETE,HOLDING COMPONENT BOX [ROM LIMIT],NONE,Yellow and red boxes returned. Next step: Please close the container box.,61.1,OPEN,-0.725,-0.301,1.2,-0.726,-1.215,2.086,145.0,141.3,-58.9,1,-0.601,-1.086,2.161,272.8,324.8,494.7,454.4,-0.451,-1.24,2.014,484.0,142.0,534.0,210.0,RELEASED,0,0.285,3,OBJECT_RETURNED,0.88,Deterministic kinematic fallback verification.
626,176.122,2026-09-24T14:09:45.481813Z,4.8,4,COMPLETE,HOLDING COMPONENT BOX,NONE,Yellow and red boxes returned. Next step: Please close the container box.,61.3,OPEN,-0.72,-0.298,1.2,-0.72,-1.207,2.091,143.1,141.9,-59.4,0,-0.601,-1.086,2.161,272.6,325.4,495.4,454.3,-0.452,-1.239,2.014,484.0,142.0,532.0,212.0,RELEASED,0,0.281,3,OBJECT_RETURNED,0.88,Deterministic kinematic fallback verification.
627,176.278,2026-09-24T14:09:45.638355Z,3.7,4,COMPLETE,HOLDING COMPONENT BOX,NONE,Yellow and red boxes returned. Next step: Please close the container box.,61.3,OPEN,-0.713,-0.298,1.2,-0.717,-1.208,2.09,137.8,142.9,-60.3,0,-0.6,-1.086,2.161,273.5,325.5,496.5,454.2,-0.452,-1.239,2.015,484.0,144.0,532.0,212.0,RELEASED,0,0.277,3,OBJECT_RETURNED,0.88,Deterministic kinematic fallback verification.
628,176.458,2026-09-24T14:09:45.818144Z,6.4,4,COMPLETE,PICKING COMPONENT BOX,NONE,Yellow and red boxes returned. Next step: Please close the container box.,61.2,OPEN,-0.711,-0.302,1.2,-0.714,-1.21,2.089,135.7,143.6,-61.0,0,-0.599,-1.086,2.161,273.3,325.3,497.8,454.3,-0.707,-1.247,2.01,218.0,130.0,288.0,206.0,EXTRACTED,0,0.088,3,OBJECT_RETURNED,0.88,Deterministic kinematic fallback verification.
629,176.621,2026-09-24T14:09:45.981309Z,5.5,4,COMPLETE,PICKING COMPONENT BOX,NONE,Yellow and red boxes returned. Next step: Please close the container box.,61.2,OPEN,-0.708,-0.303,1.2,-0.712,-1.213,2.087,129.8,143.9,-61.2,0,-0.599,-1.086,2.161,273.1,324.9,498.8,454.4,-0.707,-1.247,2.01,218.0,130.0,288.0,206.0,EXTRACTED,0,0.085,3,OBJECT_RETURNED,0.88,Deterministic kinematic fallback verification.
630,177.601,2026-09-24T14:09:46.960535Z,6.2,4,COMPLETE,PICKING COMPONENT BOX,NONE,Yellow and red boxes returned. Next step: Please close the container box.,61.1,OPEN,-0.706,-0.308,1.2,-0.709,-1.215,2.086,121.6,142.2,-60.2,0,-0.599,-1.086,2.161,273.4,324.4,499.2,454.1,-0.707,-1.247,2.01,218.0,130.0,288.0,206.0,EXTRACTED,0,0.083,3,OBJECT_RETURNED,0.88,Deterministic kinematic fallback verification.
631,177.845,2026-09-24T14:09:47.205079Z,1.0,4,COMPLETE,PICKING COMPONENT BOX,NONE,Yellow and red boxes returned. Next step: Please close the container box.,60.9,OPEN,-0.704,-0.312,1.2,-0.706,-1.218,2.085,110.7,142.8,-60.5,0,-0.598,-1.087,2.16,273.3,323.7,499.6,453.7,-0.706,-1.25,2.008,220.0,130.0,288.0,200.0,EXTRACTED,0,0.083,3,OBJECT_RETURNED,0.88,Deterministic kinematic fallback verification.
632,178.082,2026-09-24T14:09:47.442331Z,5.1,4,COMPLETE,PICKING COMPONENT BOX,NONE,Yellow and red boxes returned. Next step: Please close the container box.,60.5,OPEN,-0.703,-0.316,1.2,-0.705,-1.221,2.083,99.8,139.1,-57.9,0,-0.597,-1.087,2.16,274.5,323.2,500.6,453.6,-0.706,-1.251,2.008,220.0,128.0,288.0,200.0,EXTRACTED,0,0.081,3,OBJECT_RETURNED,0.88,Deterministic kinematic fallback verification.
633,178.296,2026-09-24T14:09:47.655630Z,4.2,4,COMPLETE,PICKING COMPONENT BOX,NONE,Yellow and red boxes returned. Next step: Please close the container box.,60.2,OPEN,-0.698,-0.315,1.2,-0.701,-1.222,2.082,97.3,139.8,-58.9,0,-0.596,-1.087,2.16,275.6,322.9,501.3,454.1,-0.705,-1.251,2.008,222.0,128.0,288.0,200.0,EXTRACTED,0,0.08,3,OBJECT_RETURNED,0.88,Deterministic kinematic fallback verification.
634,178.46,2026-09-24T14:09:47.820021Z,4.8,4,COMPLETE,PICKING COMPONENT BOX,NONE,Yellow and red boxes returned. Next step: Please close the container box.,60.0,OPEN,-0.692,-0.303,1.2,-0.697,-1.217,2.085,115.1,142.8,-61.1,0,-0.596,-1.087,2.16,275.5,323.1,501.5,454.2,-0.703,-1.248,2.009,224.0,128.0,290.0,206.0,EXTRACTED,0,0.082,3,OBJECT_RETURNED,0.88,Deterministic kinematic fallback verification.
635,178.669,2026-09-24T14:09:48.028664Z,6.0,4,COMPLETE,PICKING COMPONENT BOX,NONE,Yellow and red boxes returned. Next step: Please close the container box.,59.7,OPEN,-0.693,-0.302,1.2,-0.694,-1.208,2.09,109.1,140.1,-58.9,0,-0.595,-1.087,2.16,276.7,323.2,502.1,453.9,-0.704,-1.248,2.01,224.0,130.0,288.0,205.0,EXTRACTED,0,0.09,3,OBJECT_RETURNED,0.88,Deterministic kinematic fallback verification.
636,178.912,2026-09-24T14:09:48.272131Z,4.7,4,COMPLETE,PICKING COMPONENT BOX,NONE,Yellow and red boxes returned. Next step: Please close the container box.,59.7,OPEN,-0.693,-0.308,1.2,-0.695,-1.21,2.09,97.0,139.9,-61.9,0,-0.594,-1.086,2.161,278.6,324.0,502.4,454.5,-0.703,-1.248,2.01,224.0,130.0,290.0,205.0,EXTRACTED,0,0.089,3,OBJECT_RETURNED,0.88,Deterministic kinematic fallback verification.
637,179.089,2026-09-24T14:09:48.449261Z,4.1,4,COMPLETE,PICKING COMPONENT BOX,NONE,Yellow and red boxes returned. Next step: Please close the container box.,59.9,OPEN,-0.688,-0.306,1.2,-0.691,-1.213,2.088,98.7,142.8,-64.0,0,-0.594,-1.086,2.161,278.4,324.0,502.5,454.4,-0.703,-1.248,2.01,224.0,130.0,290.0,205.0,EXTRACTED,0,0.086,3,OBJECT_RETURNED,0.88,Deterministic kinematic fallback verification.
638,179.258,2026-09-24T14:09:48.617574Z,5.6,4,COMPLETE,PICKING COMPONENT BOX,NONE,Yellow and red boxes returned. Next step: Please close the container box.,60.2,OPEN,-0.683,-0.303,1.2,-0.684,-1.209,2.089,101.8,142.6,-60.9,0,-0.594,-1.086,2.161,278.4,324.4,502.5,454.7,-0.703,-1.248,2.01,224.0,130.0,290.0,205.0,EXTRACTED,0,0.09,3,OBJECT_RETURNED,0.88,Deterministic kinematic fallback verification.
639,179.548,2026-09-24T14:09:48.907842Z,6.0,4,COMPLETE,HOLDING COMPONENT BOX,NONE,Yellow and red boxes returned. Next step: Please close the container box.,60.6,OPEN,-0.683,-0.291,1.2,-0.684,-1.206,2.091,111.2,143.2,-61.3,0,-0.595,-1.085,2.161,278.0,325.1,502.3,455.0,-0.447,-1.239,2.015,490.0,144.0,536.0,212.0,RELEASED,0,0.251,3,OBJECT_RETURNED,0.88,Deterministic kinematic fallback verification.
640,179.798,2026-09-24T14:09:49.158275Z,3.4,4,COMPLETE,HOLDING COMPONENT BOX,NONE,Yellow and red boxes returned. Next step: Please close the container box.,61.2,OPEN,-0.68,-0.285,1.2,-0.685,-1.199,2.095,109.3,143.5,-61.4,0,-0.595,-1.085,2.161,277.4,325.5,501.9,455.2,-0.446,-1.239,2.015,490.0,144.0,538.0,212.0,RELEASED,0,0.255,3,OBJECT_RETURNED,0.88,Deterministic kinematic fallback verification.
641,180.075,2026-09-24T14:09:49.434626Z,4.0,4,COMPLETE,HOLDING COMPONENT BOX,NONE,Yellow and red boxes returned. Next step: Please close the container box.,61.5,OPEN,-0.673,-0.278,1.2,-0.679,-1.194,2.098,103.2,144.0,-62.2,0,-0.596,-1.085,2.161,276.5,325.0,501.6,455.2,-0.447,-1.239,2.015,490.0,144.0,536.0,212.0,RELEASED,0,0.25,3,OBJECT_RETURNED,0.88,Deterministic kinematic fallback verification.
642,180.257,2026-09-24T14:09:49.616621Z,3.6,4,COMPLETE,HOLDING COMPONENT BOX,NONE,Yellow and red boxes returned. Next step: Please close the container box.,61.5,OPEN,-0.669,-0.268,1.2,-0.673,-1.188,2.102,105.9,144.2,-63.3,0,-0.596,-1.085,2.161,276.2,324.9,501.4,455.3,-0.447,-1.239,2.015,490.0,144.0,536.0,212.0,RELEASED,0,0.248,3,OBJECT_RETURNED,0.88,Deterministic kinematic fallback verification.
643,180.41,2026-09-24T14:09:49.770263Z,5.7,4,COMPLETE,HOLDING COMPONENT BOX,NONE,Yellow and red boxes returned. Next step: Please close the container box.,61.7,OPEN,-0.673,-0.266,1.2,-0.672,-1.181,2.106,112.1,144.5,-62.7,0,-0.597,-1.086,2.161,275.5,324.9,501.0,455.1,-0.447,-1.239,2.015,490.0,144.0,536.0,212.0,RELEASED,0,0.25,3,OBJECT_RETURNED,0.88,Deterministic kinematic fallback verification.
644,180.575,2026-09-24T14:09:49.935249Z,6.5,4,COMPLETE,HOLDING COMPONENT BOX,NONE,Yellow and red boxes returned. Next step: Please close the container box.,61.9,OPEN,-0.673,-0.263,1.2,-0.677,-1.179,2.107,112.6,145.1,-63.1,0,-0.597,-1.086,2.161,274.8,324.8,500.8,455.2,-0.449,-1.239,2.015,488.0,144.0,534.0,212.0,RELEASED,0,0.253,3,OBJECT_RETURNED,0.88,Deterministic kinematic fallback verification.
645,181.529,2026-09-24T14:09:50.888973Z,6.0,4,COMPLETE,HOLDING COMPONENT BOX,NONE,Yellow and red boxes returned. Next step: Please close the container box.,61.8,OPEN,-0.672,-0.259,1.2,-0.676,-1.176,2.108,114.2,145.5,-63.4,0,-0.597,-1.086,2.161,274.0,324.0,501.0,454.7,-0.449,-1.239,2.015,488.0,144.0,534.0,212.0,RELEASED,0,0.253,3,OBJECT_RETURNED,0.88,Deterministic kinematic fallback verification.
646,181.778,2026-09-24T14:09:51.138353Z,1.0,4,COMPLETE,HOLDING COMPONENT BOX,NONE,Yellow and red boxes returned. Next step: Please close the container box.,61.7,OPEN,-0.672,-0.259,1.2,-0.673,-1.175,2.109,115.9,146.2,-65.4,0,-0.598,-1.086,2.161,274.3,324.4,500.1,454.6,-0.449,-1.239,2.015,488.0,144.0,534.0,212.0,RELEASED,0,0.251,3,OBJECT_RETURNED,0.88,Deterministic kinematic fallback verification.
647,181.906,2026-09-24T14:09:51.265494Z,4.8,4,COMPLETE,HOLDING COMPONENT BOX,NONE,Yellow and red boxes returned. Next step: Please close the container box.,61.8,OPEN,-0.672,-0.261,1.2,-0.672,-1.175,2.109,115.9,146.6,-65.7,0,-0.599,-1.085,2.161,273.9,325.3,498.5,455.4,-0.45,-1.239,2.015,486.0,144.0,534.0,212.0,RELEASED,0,0.25,3,OBJECT_RETURNED,0.88,Deterministic kinematic fallback verification.
648,182.078,2026-09-24T14:09:51.438033Z,7.9,4,COMPLETE,HOLDING COMPONENT BOX,NONE,Yellow and red boxes returned. Next step: Please close the container box.,61.7,OPEN,-0.678,-0.267,1.2,-0.675,-1.179,2.107,119.4,149.7,-68.0,0,-0.599,-1.085,2.161,273.5,325.0,498.5,455.4,-0.45,-1.239,2.015,486.0,144.0,534.0,212.0,RELEASED,0,0.25,3,OBJECT_RETURNED,0.88,Deterministic kinematic fallback verification.
649,182.272,2026-09-24T14:09:51.631495Z,5.8,4,COMPLETE,HOLDING COMPONENT BOX,NONE,Yellow and red boxes returned. Next step: Please close the container box.,61.3,OPEN,-0.681,-0.266,1.2,-0.679,-1.181,2.106,117.6,148.5,-67.6,0,-0.599,-1.086,2.161,273.7,324.8,498.6,455.3,-0.45,-1.239,2.015,486.0,144.0,534.0,212.0,RELEASED,0,0.254,3,OBJECT_RETURNED,0.88,Deterministic kinematic fallback verification.
650,182.607,2026-09-24T14:09:51.967102Z,5.0,4,COMPLETE,HOLDING COMPONENT BOX,NONE,Yellow and red boxes returned. Next step: Please close the container box.,61.2,OPEN,-0.68,-0.268,1.2,-0.68,-1.18,2.107,121.1,150.4,-67.7,0,-0.599,-1.086,2.161,273.4,324.0,498.3,454.9,-0.451,-1.238,2.015,484.0,144.0,534.0,213.0,RELEASED,0,0.254,3,OBJECT_RETURNED,0.88,Deterministic kinematic fallback verification.
651,182.919,2026-09-24T14:09:52.279143Z,3.0,4,COMPLETE,HOLDING COMPONENT BOX,NONE,Yellow and red boxes returned. Next step: Please close the container box.,61.5,OPEN,-0.683,-0.263,1.2,-0.682,-1.179,2.108,123.9,149.5,-66.7,0,-0.599,-1.086,2.161,273.6,324.6,498.4,455.4,-0.451,-1.238,2.015,484.0,144.0,534.0,214.0,RELEASED,0,0.255,3,OBJECT_RETURNED,0.88,Deterministic kinematic fallback verification.
652,183.425,2026-09-24T14:09:52.785132Z,3.2,4,COMPLETE,HOLDING COMPONENT BOX,NONE,Yellow and red boxes returned. Next step: Please close the container box.,61.6,OPEN,-0.681,-0.268,1.2,-0.681,-1.18,2.106,123.5,150.8,-67.4,0,-0.598,-1.085,2.161,274.2,325.0,499.4,455.2,-0.451,-1.238,2.015,484.0,144.0,534.0,214.0,RELEASED,0,0.254,3,OBJECT_RETURNED,0.88,Deterministic kinematic fallback verification.
653,184.026,2026-09-24T14:09:53.385934Z,2.0,4,COMPLETE,HOLDING COMPONENT BOX,NONE,Yellow and red boxes returned. Next step: Please close the container box.,61.8,OPEN,-0.68,-0.268,1.2,-0.681,-1.181,2.106,121.7,150.4,-67.0,0,-0.598,-1.085,2.161,274.2,325.0,499.7,455.2,-0.451,-1.238,2.015,484.0,144.0,534.0,214.0,RELEASED,0,0.253,3,OBJECT_RETURNED,0.88,Deterministic kinematic fallback verification.
654,184.946,2026-09-24T14:09:54.306279Z,1.6,4,COMPLETE,HOLDING COMPONENT BOX,NONE,Yellow and red boxes returned. Next step: Please close the container box.,62.3,OPEN,-0.68,-0.267,1.2,-0.68,-1.181,2.106,120.7,150.3,-66.6,0,-0.598,-1.085,2.161,274.3,325.1,500.4,455.1,-0.451,-1.238,2.015,484.0,144.0,534.0,214.0,RELEASED,0,0.253,3,OBJECT_RETURNED,0.88,Deterministic kinematic fallback verification.
655,185.985,2026-09-24T14:09:55.344797Z,1.1,4,COMPLETE,HOLDING COMPONENT BOX,NONE,Yellow and red boxes returned. Next step: Please close the container box.,62.5,OPEN,-0.68,-0.269,1.2,-0.68,-1.182,2.105,119.4,149.1,-66.0,0,-0.598,-1.086,2.161,274.6,324.8,499.6,455.1,-0.45,-1.238,2.015,486.0,144.0,534.0,213.0,RELEASED,0,0.253,3,OBJECT_RETURNED,0.88,Deterministic kinematic fallback verification.
656,187.27,2026-09-24T14:09:56.629441Z,1.0,4,COMPLETE,HOLDING COMPONENT BOX,NONE,Yellow and red boxes returned. Next step: Please close the container box.,62.6,OPEN,-0.682,-0.265,1.2,-0.681,-1.181,2.106,117.6,146.7,-64.3,0,-0.598,-1.086,2.161,275.0,324.4,498.7,454.9,-0.45,-1.239,2.015,486.0,144.0,534.0,212.0,RELEASED,0,0.255,3,OBJECT_RETURNED,0.88,Deterministic kinematic fallback verification.
657,187.726,2026-09-24T14:09:57.085818Z,0.8,4,COMPLETE,HOLDING COMPONENT BOX,NONE,Yellow and red boxes returned. Next step: Please close the container box.,62.7,OPEN,-0.679,-0.268,1.2,-0.68,-1.181,2.106,118.0,147.7,-65.6,0,-0.598,-1.086,2.161,276.0,324.8,498.6,455.0,-0.449,-1.238,2.015,488.0,144.0,534.0,214.0,RELEASED,0,0.254,3,OBJECT_RETURNED,0.88,Deterministic kinematic fallback verification.
658,187.926,2026-09-24T14:09:57.285753Z,2.2,4,COMPLETE,HOLDING COMPONENT BOX,NONE,Yellow and red boxes returned. Next step: Please close the container box.,62.4,OPEN,-0.681,-0.271,1.2,-0.681,-1.183,2.105,117.9,147.1,-65.1,0,-0.598,-1.086,2.161,275.9,324.8,498.6,454.9,-0.449,-1.237,2.016,488.0,146.0,534.0,214.0,RELEASED,0,0.254,3,OBJECT_RETURNED,0.88,Deterministic kinematic fallback verification.
659,188.124,2026-09-24T14:09:57.483805Z,5.0,4,COMPLETE,HOLDING COMPONENT BOX,NONE,Yellow and red boxes returned. Next step: Please close the container box.,62.2,OPEN,-0.685,-0.271,1.2,-0.683,-1.184,2.104,117.8,143.9,-63.1,0,-0.598,-1.086,2.161,275.7,324.8,498.0,454.7,-0.449,-1.239,2.015,488.0,144.0,534.0,212.0,RELEASED,0,0.256,3,OBJECT_RETURNED,0.88,Deterministic kinematic fallback verification.
660,189.351,2026-09-24T14:09:58.711129Z,4.9,4,COMPLETE,RETURNING COMPONENT BOX INTO BOX,NONE,Yellow and red boxes returned. Next step: Please close the container box.,62.4,OPEN,-0.687,-0.275,1.2,-0.685,-1.186,2.103,117.4,142.9,-62.4,0,-0.598,-1.086,2.161,275.3,324.7,498.8,454.9,-0.598,-1.086,2.161,342.4,364.8,431.8,414.8,DOCKED,1,0.145,3,OBJECT_RETURNED,0.88,Deterministic kinematic fallback verification.
661,189.599,2026-09-24T14:09:58.958951Z,0.8,4,COMPLETE,HOLDING COMPONENT BOX,NONE,Yellow and red boxes returned. Next step: Please close the container box.,58.7,OPEN,-0.688,-0.285,1.2,-0.687,-1.192,2.099,109.4,144.1,-64.4,0,-0.598,-1.085,2.161,276.0,325.0,498.5,455.1,-0.449,-1.239,2.015,488.0,144.0,534.0,212.0,RELEASED,0,0.257,3,OBJECT_RETURNED,0.88,Deterministic kinematic fallback verification.
662,189.843,2026-09-24T14:09:59.202637Z,4.8,4,COMPLETE,RETURNING COMPONENT BOX INTO BOX,NONE,Yellow and red boxes returned. Next step: Please close the container box.,45.4,OPEN,-0.69,-0.288,1.2,-0.691,-1.214,2.087,109.0,144.5,-65.1,0,-0.598,-1.085,2.161,276.3,325.1,498.1,455.0,-0.598,-1.085,2.161,342.9,365.1,431.6,415.1,DOCKED,1,0.175,3,OBJECT_RETURNED,0.88,Deterministic kinematic fallback verification.
663,190.026,2026-09-24T14:09:59.386213Z,4.1,4,COMPLETE,RETURNING COMPONENT BOX INTO BOX,NONE,Yellow and red boxes returned. Next step: Please close the container box.,35.4,OPEN,-0.691,-0.288,1.2,-0.694,-1.224,2.081,109.0,144.8,-65.2,0,-0.598,-1.086,2.161,276.0,324.9,498.0,454.8,-0.598,-1.086,2.161,342.6,364.8,431.4,414.8,DOCKED,1,0.186,3,OBJECT_RETURNED,0.88,Deterministic kinematic fallback verification.
664,190.224,2026-09-24T14:09:59.584084Z,5.3,4,COMPLETE,RETURNING COMPONENT BOX INTO BOX,NONE,Yellow and red boxes returned. Next step: Please close the container box.,27.9,OPEN,-0.691,-0.289,1.2,-0.692,-1.211,2.089,109.0,145.0,-65.6,0,-0.598,-1.086,2.161,275.6,324.8,497.8,455.0,-0.598,-1.086,2.161,342.2,364.9,431.1,414.9,DOCKED,1,0.172,3,OBJECT_RETURNED,0.88,Deterministic kinematic fallback verification.
665,190.475,2026-09-24T14:09:59.834883Z,5.1,4,COMPLETE,RETURNING COMPONENT BOX INTO BOX,NONE,Yellow and red boxes returned. Next step: Please close the container box.,22.4,OPEN,-0.688,-0.288,1.2,-0.69,-1.205,2.092,108.8,145.1,-66.0,0,-0.599,-1.086,2.161,275.7,324.6,497.2,454.8,-0.599,-1.086,2.161,342.1,364.7,430.7,414.7,DOCKED,1,0.165,3,OBJECT_RETURNED,0.88,Deterministic kinematic fallback verification.
666,190.789,2026-09-24T14:10:00.148419Z,4.0,4,COMPLETE,RETURNING COMPONENT BOX INTO BOX,NONE,Yellow and red boxes returned. Next step: Please close the container box.,18.4,CLOSED,-0.686,-0.288,1.2,-0.688,-1.202,2.094,108.1,145.0,-66.2,0,-0.598,-1.086,2.161,276.1,324.3,498.2,454.8,-0.598,-1.086,2.161,342.7,364.6,431.6,414.6,DOCKED,1,0.162,3,OBJECT_RETURNED,0.88,Deterministic kinematic fallback verification.
667,190.996,2026-09-24T14:10:00.356118Z,3.2,4,COMPLETE,RETURNING COMPONENT BOX INTO BOX,NONE,Yellow and red boxes returned. Next step: Please close the container box.,15.3,CLOSED,-0.682,-0.288,1.2,-0.685,-1.201,2.095,104.7,144.1,-65.6,0,-0.598,-1.086,2.161,276.1,324.3,498.1,454.9,-0.598,-1.086,2.161,342.7,364.6,431.5,414.6,DOCKED,1,0.159,3,OBJECT_RETURNED,0.88,Deterministic kinematic fallback verification.
668,191.174,2026-09-24T14:10:00.533428Z,4.9,4,COMPLETE,RETURNING COMPONENT BOX INTO BOX,NONE,Yellow and red boxes returned. Next step: Please close the container box.,12.9,CLOSED,-0.676,-0.286,1.2,-0.681,-1.199,2.095,103.5,144.7,-66.0,0,-0.598,-1.086,2.161,276.2,324.7,497.4,455.0,-0.598,-1.086,2.161,342.6,364.8,431.0,414.8,DOCKED,1,0.155,3,OBJECT_RETURNED,0.88,Deterministic kinematic fallback verification.
669,191.346,2026-09-24T14:10:00.706365Z,5.6,4,COMPLETE,RETURNING COMPONENT BOX INTO BOX,NONE,Yellow and red boxes returned. Next step: Please close the container box.,11.1,CLOSED,-0.671,-0.284,1.2,-0.676,-1.197,2.096,104.0,145.7,-67.0,0,-0.598,-1.086,2.161,276.4,324.7,497.5,454.8,-0.598,-1.086,2.161,342.7,364.7,431.2,414.7,DOCKED,1,0.151,3,OBJECT_RETURNED,0.88,Deterministic kinematic fallback verification.
670,191.583,2026-09-24T14:10:00.943083Z,5.8,4,COMPLETE,RETURNING COMPONENT BOX INTO BOX,NONE,Yellow and red boxes returned. Next step: Please close the container box.,9.5,CLOSED,-0.667,-0.281,1.2,-0.672,-1.195,2.098,105.1,146.2,-67.8,0,-0.597,-1.086,2.161,277.4,325.1,498.6,454.9,-0.597,-1.086,2.161,343.8,365.0,432.3,415.0,DOCKED,1,0.147,3,OBJECT_RETURNED,0.88,Deterministic kinematic fallback verification.
671,191.785,2026-09-24T14:10:01.144703Z,3.9,4,COMPLETE,RETURNING COMPONENT BOX INTO BOX,NONE,Yellow and red boxes returned. Next step: Please close the container box.,8.4,CLOSED,-0.665,-0.28,1.2,-0.668,-1.194,2.099,107.1,147.0,-68.8,0,-0.597,-1.086,2.161,277.6,324.5,499.1,455.0,-0.597,-1.086,2.161,344.1,364.7,432.6,414.7,DOCKED,1,0.144,3,OBJECT_RETURNED,0.88,Deterministic kinematic fallback verification.
672,192.181,2026-09-24T14:10:01.540600Z,5.4,4,COMPLETE,RETURNING COMPONENT BOX INTO BOX,NONE,Yellow and red boxes returned. Next step: Please close the container box.,6.9,CLOSED,-0.665,-0.279,1.2,-0.667,-1.193,2.099,107.9,147.1,-69.0,0,-0.597,-1.086,2.16,277.1,323.2,499.3,455.0,-0.597,-1.086,2.16,343.8,364.1,432.7,414.1,DOCKED,1,0.141,3,OBJECT_RETURNED,0.88,Deterministic kinematic fallback verification.
673,192.365,2026-09-24T14:10:01.725301Z,2.5,4,COMPLETE,RETURNING COMPONENT BOX INTO BOX,NONE,Yellow and red boxes returned. Next step: Please close the container box.,6.7,CLOSED,-0.665,-0.282,1.2,-0.666,-1.193,2.099,106.0,147.1,-68.7,0,-0.597,-1.086,2.161,276.9,323.4,499.4,455.0,-0.597,-1.086,2.161,343.6,364.2,432.6,414.2,DOCKED,1,0.142,3,OBJECT_RETURNED,0.88,Deterministic kinematic fallback verification.
674,192.577,2026-09-24T14:10:01.936476Z,5.5,4,COMPLETE,RETURNING COMPONENT BOX INTO BOX,NONE,Yellow and red boxes returned. Next step: Please close the container box.,7.1,CLOSED,-0.67,-0.285,1.2,-0.668,-1.195,2.098,105.7,147.3,-68.1,0,-0.597,-1.086,2.161,276.1,324.6,499.8,454.7,-0.597,-1.086,2.161,343.2,364.7,432.7,414.7,DOCKED,1,0.145,3,OBJECT_RETURNED,0.88,Deterministic kinematic fallback verification.
675,193.521,2026-09-24T14:10:02.880988Z,4.7,4,COMPLETE,RETURNING COMPONENT BOX INTO BOX,NONE,Yellow and red boxes returned. Next step: Please close the container box.,7.8,CLOSED,-0.671,-0.288,1.2,-0.67,-1.197,2.096,102.7,147.7,-67.3,0,-0.598,-1.086,2.161,276.0,323.9,498.7,454.9,-0.598,-1.086,2.161,342.8,364.4,431.9,414.4,DOCKED,1,0.147,3,OBJECT_RETURNED,0.88,Deterministic kinematic fallback verification.
676,193.79,2026-09-24T14:10:03.149849Z,1.0,4,COMPLETE,RETURNING COMPONENT BOX INTO BOX,NONE,Yellow and red boxes returned. Next step: Please close the container box.,7.8,CLOSED,-0.673,-0.291,1.2,-0.671,-1.2,2.095,100.1,147.4,-66.1,0,-0.598,-1.087,2.16,274.7,322.3,498.6,453.7,-0.598,-1.087,2.16,341.9,363.0,431.4,413.0,DOCKED,1,0.149,3,OBJECT_RETURNED,0.88,Deterministic kinematic fallback verification.
677,194.064,2026-09-24T14:10:03.423943Z,4.4,4,COMPLETE,RETURNING COMPONENT BOX INTO BOX,NONE,Yellow and red boxes returned. Next step: Please close the container box.,8.1,CLOSED,-0.674,-0.293,1.2,-0.673,-1.202,2.094,98.2,147.9,-66.2,0,-0.599,-1.087,2.16,273.9,322.6,498.7,453.6,-0.599,-1.087,2.16,341.4,363.1,431.3,413.1,DOCKED,1,0.152,3,OBJECT_RETURNED,0.88,Deterministic kinematic fallback verification.
678,194.235,2026-09-24T14:10:03.595165Z,3.7,4,COMPLETE,RETURNING COMPONENT BOX INTO BOX,NONE,Yellow and red boxes returned. Next step: Please close the container box.,8.2,CLOSED,-0.675,-0.293,1.2,-0.674,-1.203,2.093,95.5,147.4,-65.7,0,-0.599,-1.087,2.16,274.2,323.3,498.5,453.8,-0.599,-1.087,2.16,341.5,363.5,431.2,413.5,DOCKED,1,0.154,3,OBJECT_RETURNED,0.88,Deterministic kinematic fallback verification.
679,194.465,2026-09-24T14:10:03.824932Z,5.7,4,COMPLETE,RETURNING COMPONENT BOX INTO BOX,NONE,Yellow and red boxes returned. Next step: Please close the container box.,8.6,CLOSED,-0.675,-0.294,1.2,-0.674,-1.204,2.093,92.5,146.9,-65.4,0,-0.598,-1.086,2.16,275.5,324.2,498.6,453.9,-0.598,-1.086,2.16,342.4,364.0,431.7,414.0,DOCKED,1,0.156,3,OBJECT_RETURNED,0.88,Deterministic kinematic fallback verification.
680,194.782,2026-09-24T14:10:04.142304Z,4.3,4,COMPLETE,RETURNING COMPONENT BOX INTO BOX,NONE,Yellow and red boxes returned. Next step: Please close the container box.,9.2,CLOSED,-0.676,-0.294,1.2,-0.675,-1.204,2.092,92.9,147.4,-65.5,0,-0.598,-1.087,2.16,274.8,323.7,498.1,453.8,-0.598,-1.087,2.16,341.8,363.7,431.1,413.7,DOCKED,1,0.156,3,OBJECT_RETURNED,0.88,Deterministic kinematic fallback verification.
681,195.028,2026-09-24T14:10:04.387827Z,3.1,4,COMPLETE,RETURNING COMPONENT BOX INTO BOX,NONE,Yellow and red boxes returned. Next step: Please close the container box.,9.9,CLOSED,-0.678,-0.294,1.2,-0.677,-1.205,2.092,91.1,146.4,-64.9,0,-0.598,-1.086,2.16,275.5,324.1,498.3,454.0,-0.598,-1.086,2.16,342.4,364.1,431.5,414.1,DOCKED,1,0.157,3,OBJECT_RETURNED,0.88,Deterministic kinematic fallback verification.
682,195.308,2026-09-24T14:10:04.667751Z,4.1,4,COMPLETE,HOLDING COMPONENT BOX,NONE,Yellow and red boxes returned. Next step: Please close the container box.,10.3,CLOSED,-0.681,-0.294,1.2,-0.679,-1.204,2.092,93.0,146.4,-64.5,0,-0.598,-1.086,2.161,274.8,325.7,498.3,454.3,-0.446,-1.239,2.014,488.0,142.0,540.0,212.0,RELEASED,0,0.248,3,OBJECT_RETURNED,0.88,Deterministic kinematic fallback verification.
683,195.473,2026-09-24T14:10:04.832943Z,3.6,4,COMPLETE,HOLDING COMPONENT BOX,NONE,Yellow and red boxes returned. Next step: Please close the container box.,10.7,CLOSED,-0.683,-0.294,1.2,-0.681,-1.204,2.092,92.4,145.9,-63.9,0,-0.598,-1.085,2.161,275.1,326.4,498.9,454.3,-0.446,-1.239,2.014,488.0,142.0,540.0,212.0,RELEASED,0,0.25,3,OBJECT_RETURNED,0.88,Deterministic kinematic fallback verification.
684,195.67,2026-09-24T14:10:05.029650Z,6.2,4,COMPLETE,HOLDING COMPONENT BOX,NONE,Yellow and red boxes returned. Next step: Please close the container box.,11.0,CLOSED,-0.682,-0.292,1.2,-0.682,-1.204,2.093,92.0,145.7,-63.9,0,-0.598,-1.085,2.161,275.1,326.6,499.5,454.3,-0.446,-1.239,2.014,488.0,142.0,540.0,212.0,RELEASED,0,0.251,3,OBJECT_RETURNED,0.88,Deterministic kinematic fallback verification.
685,195.84,2026-09-24T14:10:05.200099Z,5.0,4,COMPLETE,HOLDING COMPONENT BOX,NONE,Yellow and red boxes returned. Next step: Please close the container box.,11.0,CLOSED,-0.681,-0.291,1.2,-0.682,-1.203,2.093,95.8,146.8,-64.4,0,-0.598,-1.085,2.161,274.9,327.0,499.5,454.0,-0.446,-1.239,2.014,488.0,142.0,540.0,212.0,RELEASED,0,0.251,3,OBJECT_RETURNED,0.88,Deterministic kinematic fallback verification.
686,196.217,2026-09-24T14:10:05.576576Z,5.9,4,COMPLETE,HOLDING COMPONENT BOX,NONE,Yellow and red boxes returned. Next step: Please close the container box.,10.7,CLOSED,-0.681,-0.29,1.2,-0.681,-1.202,2.094,99.7,147.8,-65.6,0,-0.596,-1.085,2.161,275.5,327.7,501.4,454.0,-0.447,-1.24,2.014,488.0,142.0,538.0,210.0,RELEASED,0,0.25,4,COMPLETE,0.88,Deterministic kinematic fallback verification.
687,196.447,2026-09-24T14:10:05.806803Z,2.7,4,COMPLETE,RETURNING COMPONENT BOX INTO BOX,NONE,Yellow and red boxes returned. Next step: Please close the container box.,10.0,CLOSED,-0.678,-0.277,1.2,-0.68,-1.196,2.097,106.8,146.3,-62.9,0,-0.596,-1.085,2.161,275.5,327.5,502.4,453.6,-0.596,-1.085,2.161,343.6,365.5,434.3,415.5,DOCKED,1,0.153,4,COMPLETE,0.88,Deterministic kinematic fallback verification.
688,196.606,2026-09-24T14:10:05.965507Z,4.3,4,COMPLETE,RETURNING COMPONENT BOX INTO BOX,NONE,Yellow and red boxes returned. Next step: Please close the container box.,9.4,CLOSED,-0.68,-0.272,1.2,-0.677,-1.18,2.107,114.5,146.1,-64.1,0,-0.596,-1.086,2.161,275.6,326.1,502.1,453.9,-0.596,-1.086,2.161,343.6,365.0,434.2,415.0,DOCKED,1,0.136,4,COMPLETE,0.88,Deterministic kinematic fallback verification.
689,196.758,2026-09-24T14:10:06.118273Z,6.3,4,COMPLETE,RETURNING COMPONENT BOX INTO BOX,NONE,Yellow and red boxes returned. Next step: Please close the container box.,8.6,CLOSED,-0.68,-0.267,1.2,-0.68,-1.176,2.11,118.0,147.0,-64.7,0,-0.597,-1.086,2.16,276.0,324.9,500.2,453.3,-0.597,-1.086,2.16,343.2,364.1,432.9,414.1,DOCKED,1,0.132,4,COMPLETE,0.88,Deterministic kinematic fallback verification.
690,197.689,2026-09-24T14:10:07.048783Z,6.5,4,COMPLETE,HOLDING COMPONENT BOX,NONE,Yellow and red boxes returned. Next step: Please close the container box.,8.0,CLOSED,-0.68,-0.264,1.2,-0.68,-1.178,2.109,122.9,146.7,-64.9,0,-0.598,-1.087,2.16,274.9,324.2,499.6,453.4,-0.447,-1.241,2.013,488.0,140.0,538.0,210.0,RELEASED,0,0.259,4,COMPLETE,0.88,Deterministic kinematic fallback verification.
691,197.914,2026-09-24T14:10:07.274368Z,1.0,4,COMPLETE,HOLDING COMPONENT BOX,NONE,Yellow and red boxes returned. Next step: Please close the container box.,7.8,CLOSED,-0.684,-0.261,1.2,-0.682,-1.177,2.108,124.0,145.0,-63.5,0,-0.598,-1.087,2.16,274.5,324.1,499.4,453.3,-0.447,-1.241,2.013,488.0,140.0,538.0,210.0,RELEASED,0,0.262,4,COMPLETE,0.88,Deterministic kinematic fallback verification.
692,198.117,2026-09-24T14:10:07.477043Z,5.3,4,COMPLETE,HOLDING COMPONENT BOX,NONE,Yellow and red boxes returned. Next step: Please close the container box.,7.8,CLOSED,-0.687,-0.259,1.2,-0.685,-1.176,2.109,127.0,148.3,-64.6,0,-0.597,-1.086,2.161,275.6,324.6,499.6,453.7,-0.447,-1.242,2.013,488.0,140.0,538.0,208.0,RELEASED,0,0.265,4,COMPLETE,0.88,Deterministic kinematic fallback verification.
693,198.398,2026-09-24T14:10:07.758240Z,4.8,4,COMPLETE,HOLDING COMPONENT BOX,NONE,Yellow and red boxes returned. Next step: Please close the container box.,7.9,CLOSED,-0.688,-0.257,1.2,-0.686,-1.174,2.11,126.4,147.9,-64.0,0,-0.598,-1.087,2.16,274.7,323.9,498.9,453.6,-0.447,-1.242,2.013,488.0,140.0,538.0,208.0,RELEASED,0,0.267,4,COMPLETE,0.88,Deterministic kinematic fallback verification.
694,198.55,2026-09-24T14:10:07.910039Z,3.6,4,COMPLETE,HOLDING COMPONENT BOX,NONE,Yellow and red boxes returned. Next step: Please close the container box.,7.9,CLOSED,-0.688,-0.257,1.2,-0.687,-1.173,2.11,126.9,148.5,-64.1,0,-0.597,-1.087,2.16,275.8,324.1,500.1,453.2,-0.448,-1.243,2.012,486.0,138.0,538.0,208.0,RELEASED,0,0.268,4,COMPLETE,0.88,Deterministic kinematic fallback verification.
695,198.768,2026-09-24T14:10:08.127452Z,6.6,4,COMPLETE,HOLDING COMPONENT BOX,NONE,Yellow and red boxes returned. Next step: Please close the container box.,7.9,CLOSED,-0.689,-0.257,1.2,-0.688,-1.173,2.111,127.9,148.4,-63.9,0,-0.598,-1.087,2.16,275.5,324.1,498.0,453.4,-0.448,-1.243,2.012,486.0,138.0,538.0,208.0,RELEASED,0,0.268,4,COMPLETE,0.88,Deterministic kinematic fallback verification.
696,198.984,2026-09-24T14:10:08.343467Z,4.6,4,COMPLETE,HOLDING COMPONENT BOX,NONE,Yellow and red boxes returned. Next step: Please close the container box.,8.0,CLOSED,-0.689,-0.258,1.2,-0.688,-1.173,2.11,128.4,148.5,-64.0,0,-0.598,-1.087,2.16,275.8,324.4,498.9,452.9,-0.448,-1.243,2.012,486.0,138.0,538.0,208.0,RELEASED,0,0.269,4,COMPLETE,0.88,Deterministic kinematic fallback verification.
697,199.199,2026-09-24T14:10:08.558580Z,4.6,4,COMPLETE,HOLDING COMPONENT BOX,NONE,Yellow and red boxes returned. Next step: Please close the container box.,8.1,CLOSED,-0.69,-0.261,1.2,-0.689,-1.175,2.11,128.8,148.3,-63.5,0,-0.597,-1.087,2.16,276.1,324.4,498.8,452.9,-0.448,-1.243,2.012,486.0,138.0,538.0,208.0,RELEASED,0,0.269,4,COMPLETE,0.88,Deterministic kinematic fallback verification.
698,199.376,2026-09-24T14:10:08.735810Z,4.7,4,COMPLETE,HOLDING COMPONENT BOX,NONE,Yellow and red boxes returned. Next step: Please close the container box.,8.2,CLOSED,-0.691,-0.264,1.2,-0.69,-1.177,2.108,128.4,149.3,-63.4,0,-0.597,-1.087,2.16,276.1,324.3,498.9,452.6,-0.449,-1.243,2.012,484.0,138.0,538.0,208.0,RELEASED,0,0.268,4,COMPLETE,0.88,Deterministic kinematic fallback verification.
699,199.642,2026-09-24T14:10:09.001719Z,5.6,4,COMPLETE,HOLDING COMPONENT BOX,NONE,Yellow and red boxes returned. Next step: Please close the container box.,8.2,CLOSED,-0.69,-0.261,1.2,-0.69,-1.177,2.108,128.4,149.3,-63.9,0,-0.597,-1.087,2.16,276.3,324.7,499.4,452.7,-0.449,-1.243,2.012,484.0,138.0,538.0,208.0,RELEASED,0,0.268,4,COMPLETE,0.88,Deterministic kinematic fallback verification.
700,199.967,2026-09-24T14:10:09.326682Z,3.8,4,COMPLETE,HOLDING COMPONENT BOX,NONE,Yellow and red boxes returned. Next step: Please close the container box.,8.2,CLOSED,-0.689,-0.261,1.2,-0.69,-1.176,2.109,129.0,148.6,-64.5,0,-0.598,-1.087,2.16,276.0,325.2,498.2,452.7,-0.451,-1.245,2.011,482.0,138.0,536.0,204.0,RELEASED,0,0.267,4,COMPLETE,0.88,Deterministic kinematic fallback verification.
701,200.571,2026-09-24T14:10:09.931067Z,3.1,4,COMPLETE,RETURNING COMPONENT BOX INTO BOX,NONE,Yellow and red boxes returned. Next step: Please close the container box.,8.5,CLOSED,-0.689,-0.258,1.2,-0.69,-1.175,2.109,129.8,148.6,-65.1,0,-0.598,-1.087,2.16,276.2,325.8,497.6,451.7,-0.598,-1.087,2.16,342.6,363.7,431.2,413.7,DOCKED,1,0.137,4,COMPLETE,0.88,Deterministic kinematic fallback verification.
702,200.962,2026-09-24T14:10:10.322340Z,1.7,4,COMPLETE,RETURNING COMPONENT BOX INTO BOX,NONE,Yellow and red boxes returned. Next step: Please close the container box.,9.3,CLOSED,-0.692,-0.258,1.2,-0.691,-1.174,2.11,131.2,147.7,-65.3,0,-0.599,-1.087,2.16,275.6,325.2,496.8,451.3,-0.599,-1.087,2.16,342.0,363.2,430.5,413.2,DOCKED,1,0.136,4,COMPLETE,0.88,Deterministic kinematic fallback verification.
703,201.243,2026-09-24T14:10:10.603052Z,2.5,4,COMPLETE,RETURNING COMPONENT BOX INTO BOX,NONE,Yellow and red boxes returned. Next step: Please close the container box.,10.1,CLOSED,-0.694,-0.258,1.2,-0.693,-1.174,2.11,132.4,148.3,-65.5,0,-0.599,-1.086,2.16,275.3,325.7,496.0,452.4,-0.599,-1.086,2.16,341.5,364.1,429.8,414.1,DOCKED,1,0.137,4,COMPLETE,0.88,Deterministic kinematic fallback verification.
704,201.395,2026-09-24T14:10:10.754893Z,3.6,4,COMPLETE,RETURNING COMPONENT BOX INTO BOX,NONE,Yellow and red boxes returned. Next step: Please close the container box.,10.6,CLOSED,-0.696,-0.258,1.2,-0.694,-1.174,2.11,132.8,148.1,-65.6,0,-0.6,-1.087,2.16,273.9,325.2,495.8,452.5,-0.6,-1.087,2.16,340.5,363.8,429.3,413.8,DOCKED,1,0.138,4,COMPLETE,0.88,Deterministic kinematic fallback verification.
705,202.573,2026-09-24T14:10:11.932587Z,6.6,4,COMPLETE,RETURNING COMPONENT BOX INTO BOX,NONE,Yellow and red boxes returned. Next step: Please close the container box.,11.0,CLOSED,-0.699,-0.26,1.2,-0.697,-1.174,2.11,134.8,148.2,-65.9,0,-0.6,-1.086,2.16,273.2,325.4,495.9,452.6,-0.6,-1.086,2.16,340.0,364.0,429.1,414.0,DOCKED,1,0.14,4,COMPLETE,0.88,Deterministic kinematic fallback verification.
706,202.923,2026-09-24T14:10:12.283255Z,0.8,4,COMPLETE,RETURNING COMPONENT BOX INTO BOX,NONE,Yellow and red boxes returned. Next step: Please close the container box.,11.2,CLOSED,-0.701,-0.261,1.2,-0.699,-1.175,2.109,135.4,148.1,-66.0,0,-0.601,-1.086,2.161,272.2,325.5,495.2,452.7,-0.601,-1.086,2.161,339.1,364.1,428.3,414.1,DOCKED,1,0.142,4,COMPLETE,0.88,Deterministic kinematic fallback verification.
707,203.102,2026-09-24T14:10:12.462058Z,3.3,4,COMPLETE,RETURNING COMPONENT BOX INTO BOX,NONE,Yellow and red boxes returned. Next step: Please close the container box.,11.1,CLOSED,-0.701,-0.261,1.2,-0.7,-1.176,2.109,135.7,148.1,-66.2,0,-0.602,-1.087,2.16,272.0,324.9,494.8,452.9,-0.602,-1.087,2.16,338.9,363.9,428.0,413.9,DOCKED,1,0.142,4,COMPLETE,0.88,Deterministic kinematic fallback verification.
708,203.272,2026-09-24T14:10:12.632062Z,5.6,4,COMPLETE,RETURNING COMPONENT BOX INTO BOX,NONE,Yellow and red boxes returned. Next step: Please close the container box.,11.0,CLOSED,-0.701,-0.261,1.2,-0.701,-1.176,2.109,137.3,148.9,-66.2,0,-0.602,-1.087,2.16,272.3,324.8,494.2,452.7,-0.602,-1.087,2.16,338.9,363.8,427.6,413.8,DOCKED,1,0.143,4,COMPLETE,0.88,Deterministic kinematic fallback verification.
709,203.44,2026-09-24T14:10:12.799709Z,5.8,4,COMPLETE,RETURNING COMPONENT BOX INTO BOX,NONE,Yellow and red boxes returned. Next step: Please close the container box.,10.8,CLOSED,-0.7,-0.261,1.2,-0.7,-1.176,2.109,136.2,149.5,-66.6,0,-0.601,-1.086,2.16,273.4,324.6,493.9,453.4,-0.601,-1.086,2.16,339.5,364.0,427.7,414.0,DOCKED,1,0.143,4,COMPLETE,0.88,Deterministic kinematic fallback verification.
710,203.591,2026-09-24T14:10:12.950847Z,6.0,4,COMPLETE,RETURNING COMPONENT BOX INTO BOX,NONE,Yellow and red boxes returned. Next step: Please close the container box.,10.8,CLOSED,-0.699,-0.261,1.2,-0.7,-1.176,2.109,134.7,148.7,-66.1,0,-0.602,-1.086,2.161,273.6,325.0,492.2,453.4,-0.602,-1.086,2.161,339.2,364.2,426.6,414.2,DOCKED,1,0.142,4,COMPLETE,0.88,Deterministic kinematic fallback verification.
711,203.764,2026-09-24T14:10:13.124364Z,6.6,4,COMPLETE,RETURNING COMPONENT BOX INTO BOX,NONE,Yellow and red boxes returned. Next step: Please close the container box.,10.7,CLOSED,-0.698,-0.261,1.2,-0.699,-1.176,2.109,131.8,147.6,-65.4,0,-0.603,-1.086,2.161,273.4,325.1,491.3,454.0,-0.603,-1.086,2.161,338.8,364.5,425.9,414.5,DOCKED,1,0.142,4,COMPLETE,0.88,Deterministic kinematic fallback verification.
712,203.937,2026-09-24T14:10:13.297060Z,5.8,4,COMPLETE,RETURNING COMPONENT BOX INTO BOX,NONE,Yellow and red boxes returned. Next step: Please close the container box.,10.7,CLOSED,-0.699,-0.26,1.2,-0.699,-1.176,2.109,130.3,146.9,-65.1,0,-0.603,-1.086,2.161,272.7,324.6,490.6,454.0,-0.603,-1.086,2.161,338.1,364.3,425.2,414.3,DOCKED,1,0.141,4,COMPLETE,0.88,Deterministic kinematic fallback verification.
713,204.14,2026-09-24T14:10:13.499842Z,5.8,4,COMPLETE,RETURNING COMPONENT BOX INTO BOX,NONE,Yellow and red boxes returned. Next step: Please close the container box.,10.6,CLOSED,-0.704,-0.263,1.2,-0.701,-1.177,2.108,134.8,146.5,-65.6,0,-0.604,-1.087,2.16,272.2,323.9,489.8,453.7,-0.604,-1.087,2.16,337.5,363.8,424.5,413.8,DOCKED,1,0.142,4,COMPLETE,0.88,Deterministic kinematic fallback verification.
714,204.319,2026-09-24T14:10:13.679410Z,4.9,4,COMPLETE,RETURNING COMPONENT BOX INTO BOX,NONE,Yellow and red boxes returned. Next step: Please close the container box.,10.7,CLOSED,-0.705,-0.274,1.2,-0.703,-1.182,2.105,130.3,147.0,-65.6,0,-0.604,-1.087,2.16,272.5,323.8,489.7,453.8,-0.604,-1.087,2.16,337.7,363.8,424.5,413.8,DOCKED,1,0.148,4,COMPLETE,0.88,Deterministic kinematic fallback verification.
715,204.564,2026-09-24T14:10:13.923450Z,4.9,4,COMPLETE,RETURNING COMPONENT BOX INTO BOX,NONE,Yellow and red boxes returned. Next step: Please close the container box.,10.9,CLOSED,-0.706,-0.265,1.2,-0.702,-1.185,2.102,135.3,145.4,-64.8,0,-0.604,-1.086,2.161,273.1,324.7,489.3,453.7,-0.604,-1.086,2.161,338.0,364.2,424.4,414.2,DOCKED,1,0.151,4,COMPLETE,0.88,Deterministic kinematic fallback verification.
716,204.746,2026-09-24T14:10:14.105494Z,4.6,4,COMPLETE,RETURNING COMPONENT BOX INTO BOX,NONE,Yellow and red boxes returned. Next step: Please close the container box.,11.1,CLOSED,-0.701,-0.257,1.2,-0.699,-1.176,2.107,132.7,145.4,-65.0,0,-0.604,-1.086,2.161,273.6,324.8,489.3,453.6,-0.604,-1.086,2.161,338.3,364.2,424.6,414.2,DOCKED,1,0.142,4,COMPLETE,0.88,Deterministic kinematic fallback verification.
717,204.959,2026-09-24T14:10:14.319308Z,5.5,4,COMPLETE,RETURNING COMPONENT BOX INTO BOX,NONE,Yellow and red boxes returned. Next step: Please close the container box.,11.1,CLOSED,-0.701,-0.255,1.2,-0.695,-1.171,2.11,132.9,146.0,-65.3,0,-0.604,-1.086,2.16,273.6,324.4,489.5,453.7,-0.604,-1.086,2.16,338.4,364.0,424.8,414.0,DOCKED,1,0.134,4,COMPLETE,0.88,Deterministic kinematic fallback verification.
718,205.285,2026-09-24T14:10:14.644747Z,4.5,4,COMPLETE,RETURNING COMPONENT BOX INTO BOX,NONE,Yellow and red boxes returned. Next step: Please close the container box.,11.0,CLOSED,-0.694,-0.254,1.2,-0.691,-1.169,2.111,127.1,145.3,-63.9,0,-0.603,-1.086,2.161,273.7,324.2,490.9,454.1,-0.603,-1.086,2.161,338.8,364.2,425.7,414.2,DOCKED,1,0.131,4,COMPLETE,0.88,Deterministic kinematic fallback verification.
719,205.527,2026-09-24T14:10:14.886571Z,3.1,4,COMPLETE,RETURNING COMPONENT BOX INTO BOX,NONE,Yellow and red boxes returned. Next step: Please close the container box.,10.5,CLOSED,-0.696,-0.261,1.2,-0.694,-1.173,2.11,126.7,145.1,-63.9,0,-0.602,-1.086,2.161,274.4,325.1,491.3,454.3,-0.602,-1.086,2.161,339.5,364.7,426.2,414.7,DOCKED,1,0.136,4,COMPLETE,0.88,Deterministic kinematic fallback verification.
720,206.516,2026-09-24T14:10:15.875592Z,4.1,4,COMPLETE,RETURNING COMPONENT BOX INTO BOX,NONE,Yellow and red boxes returned. Next step: Please close the container box.,10.0,CLOSED,-0.693,-0.26,1.2,-0.697,-1.178,2.106,124.3,145.4,-64.2,0,-0.601,-1.086,2.161,274.9,324.9,492.3,453.9,-0.601,-1.086,2.161,340.1,364.4,427.1,414.4,DOCKED,1,0.143,4,COMPLETE,0.88,Deterministic kinematic fallback verification.
721,206.792,2026-09-24T14:10:16.152268Z,1.0,4,COMPLETE,RETURNING COMPONENT BOX INTO BOX,NONE,Yellow and red boxes returned. Next step: Please close the container box.,9.7,CLOSED,-0.686,-0.258,1.2,-0.69,-1.175,2.109,124.1,147.1,-65.3,0,-0.6,-1.086,2.161,275.7,324.5,493.7,453.9,-0.6,-1.086,2.161,341.1,364.2,428.3,414.2,DOCKED,1,0.137,4,COMPLETE,0.88,Deterministic kinematic fallback verification.
722,206.964,2026-09-24T14:10:16.323441Z,4.3,4,COMPLETE,RETURNING COMPONENT BOX INTO BOX,NONE,Yellow and red boxes returned. Next step: Please close the container box.,9.2,CLOSED,-0.684,-0.255,1.2,-0.687,-1.173,2.11,124.5,147.0,-65.6,0,-0.599,-1.087,2.16,276.2,322.8,495.8,454.4,-0.599,-1.087,2.16,342.1,363.6,429.9,413.6,DOCKED,1,0.133,4,COMPLETE,0.88,Deterministic kinematic fallback verification.
723,207.175,2026-09-24T14:10:16.535094Z,5.9,4,COMPLETE,RETURNING COMPONENT BOX INTO BOX,NONE,Yellow and red boxes returned. Next step: Please close the container box.,8.8,CLOSED,-0.682,-0.25,1.2,-0.684,-1.17,2.112,126.6,147.9,-66.4,0,-0.598,-1.086,2.161,276.1,323.6,496.8,454.9,-0.598,-1.086,2.161,342.3,364.2,430.6,414.2,DOCKED,1,0.129,4,COMPLETE,0.88,Deterministic kinematic fallback verification.
724,207.47,2026-09-24T14:10:16.830339Z,4.7,4,COMPLETE,RETURNING COMPONENT BOX INTO BOX,NONE,Yellow and red boxes returned. Next step: Please close the container box.,8.6,CLOSED,-0.682,-0.249,1.2,-0.683,-1.168,2.113,127.3,147.9,-66.4,0,-0.599,-1.086,2.161,275.4,324.8,496.3,453.6,-0.599,-1.086,2.161,341.7,364.2,430.1,414.2,DOCKED,1,0.126,4,COMPLETE,0.88,Deterministic kinematic fallback verification.
725,207.652,2026-09-24T14:10:17.011825Z,3.4,4,COMPLETE,RETURNING COMPONENT BOX INTO BOX,NONE,Yellow and red boxes returned. Next step: Please close the container box.,8.4,CLOSED,-0.682,-0.25,1.2,-0.683,-1.167,2.114,126.8,147.7,-66.1,0,-0.599,-1.086,2.161,276.0,324.8,495.0,454.3,-0.599,-1.086,2.161,341.7,364.5,429.3,414.5,DOCKED,1,0.125,4,COMPLETE,0.88,Deterministic kinematic fallback verification.
726,207.852,2026-09-24T14:10:17.211880Z,5.5,4,COMPLETE,RETURNING COMPONENT BOX INTO BOX,NONE,Yellow and red boxes returned. Next step: Please close the container box.,8.5,CLOSED,-0.684,-0.252,1.2,-0.683,-1.168,2.114,126.4,147.7,-66.0,0,-0.6,-1.087,2.16,274.5,324.2,495.8,453.2,-0.6,-1.087,2.16,340.9,363.7,429.4,413.7,DOCKED,1,0.125,4,COMPLETE,0.88,Deterministic kinematic fallback verification.
727,208.046,2026-09-24T14:10:17.405606Z,5.0,4,COMPLETE,RETURNING COMPONENT BOX INTO BOX,NONE,Yellow and red boxes returned. Next step: Please close the container box.,8.7,CLOSED,-0.684,-0.255,1.2,-0.684,-1.169,2.113,125.6,147.4,-65.6,0,-0.601,-1.086,2.16,274.1,323.9,493.6,454.1,-0.601,-1.086,2.16,339.9,364.0,427.7,414.0,DOCKED,1,0.126,4,COMPLETE,0.88,Deterministic kinematic fallback verification.
728,208.272,2026-09-24T14:10:17.631612Z,5.1,4,COMPLETE,RETURNING COMPONENT BOX INTO BOX,NONE,Yellow and red boxes returned. Next step: Please close the container box.,8.8,CLOSED,-0.684,-0.255,1.2,-0.684,-1.17,2.112,125.4,147.4,-65.6,0,-0.601,-1.087,2.16,273.2,324.2,495.3,453.4,-0.601,-1.087,2.16,339.8,363.8,428.7,413.8,DOCKED,1,0.127,4,COMPLETE,0.88,Deterministic kinematic fallback verification.
729,208.454,2026-09-24T14:10:17.814381Z,4.5,4,COMPLETE,RETURNING COMPONENT BOX INTO BOX,NONE,Yellow and red boxes returned. Next step: Please close the container box.,8.8,CLOSED,-0.684,-0.252,1.2,-0.684,-1.169,2.113,126.6,147.5,-65.8,0,-0.6,-1.086,2.161,274.9,324.3,494.9,454.3,-0.6,-1.086,2.161,340.9,364.3,428.9,414.3,DOCKED,1,0.127,4,COMPLETE,0.88,Deterministic kinematic fallback verification.
730,208.592,2026-09-24T14:10:17.951910Z,5.5,4,COMPLETE,RETURNING COMPONENT BOX INTO BOX,NONE,Yellow and red boxes returned. Next step: Please close the container box.,8.6,CLOSED,-0.684,-0.25,1.2,-0.684,-1.168,2.113,128.5,147.4,-65.7,0,-0.599,-1.086,2.161,275.4,324.7,497.1,453.7,-0.599,-1.086,2.161,341.9,364.2,430.6,414.2,DOCKED,1,0.127,4,COMPLETE,0.88,Deterministic kinematic fallback verification.
731,208.769,2026-09-24T14:10:18.128988Z,7.1,4,COMPLETE,RETURNING COMPONENT BOX INTO BOX,NONE,Yellow and red boxes returned. Next step: Please close the container box.,7.9,CLOSED,-0.685,-0.249,1.2,-0.684,-1.167,2.114,129.1,147.1,-65.5,0,-0.598,-1.086,2.161,276.7,324.2,497.8,455.3,-0.598,-1.086,2.161,343.0,364.7,431.5,414.7,DOCKED,1,0.128,4,COMPLETE,0.88,Deterministic kinematic fallback verification.
732,208.909,2026-09-24T14:10:18.268470Z,5.7,4,COMPLETE,RETURNING COMPONENT BOX INTO BOX,NONE,Yellow and red boxes returned. Next step: Please close the container box.,7.3,CLOSED,-0.685,-0.247,1.2,-0.685,-1.165,2.115,130.8,147.3,-65.7,0,-0.598,-1.086,2.161,276.7,324.4,497.2,455.4,-0.598,-1.086,2.161,342.8,364.9,431.0,414.9,DOCKED,1,0.126,4,COMPLETE,0.88,Deterministic kinematic fallback verification.
733,209.046,2026-09-24T14:10:18.405509Z,7.1,4,COMPLETE,RETURNING COMPONENT BOX INTO BOX,NONE,Yellow and red boxes returned. Next step: Please close the container box.,6.5,CLOSED,-0.685,-0.247,1.2,-0.685,-1.165,2.115,130.6,147.4,-65.6,0,-0.598,-1.086,2.161,276.6,324.5,497.2,455.5,-0.598,-1.086,2.161,342.8,365.0,431.0,415.0,DOCKED,1,0.126,4,COMPLETE,0.88,Deterministic kinematic fallback verification.
734,209.187,2026-09-24T14:10:18.546611Z,7.3,4,COMPLETE,RETURNING COMPONENT BOX INTO BOX,NONE,Yellow and red boxes returned. Next step: Please close the container box.,5.9,CLOSED,-0.685,-0.245,1.2,-0.685,-1.164,2.116,131.6,147.7,-65.7,0,-0.598,-1.086,2.161,276.3,324.6,496.6,455.5,-0.598,-1.086,2.161,342.4,365.0,430.5,415.0,DOCKED,1,0.125,4,COMPLETE,0.88,Deterministic kinematic fallback verification.
735,210.067,2026-09-24T14:10:19.426452Z,7.1,4,COMPLETE,RETURNING COMPONENT BOX INTO BOX,NONE,Yellow and red boxes returned. Next step: Please close the container box.,5.0,CLOSED,-0.687,-0.245,1.2,-0.686,-1.163,2.116,132.3,147.5,-65.3,0,-0.598,-1.085,2.161,276.5,325.0,497.9,455.4,-0.598,-1.085,2.161,342.9,365.2,431.5,415.2,DOCKED,1,0.126,4,COMPLETE,0.88,Deterministic kinematic fallback verification.
736,210.356,2026-09-24T14:10:19.715892Z,1.1,4,COMPLETE,RETURNING COMPONENT BOX INTO BOX,NONE,Yellow and red boxes returned. Next step: Please close the container box.,4.3,CLOSED,-0.687,-0.246,1.2,-0.686,-1.163,2.116,133.4,148.4,-65.5,0,-0.597,-1.085,2.161,276.7,325.0,499.0,455.4,-0.597,-1.085,2.161,343.4,365.2,432.3,415.2,DOCKED,1,0.127,4,COMPLETE,0.88,Deterministic kinematic fallback verification.
737,210.55,2026-09-24T14:10:19.909827Z,4.3,4,COMPLETE,RETURNING COMPONENT BOX INTO BOX,NONE,Yellow and red boxes returned. Next step: Please close the container box.,4.0,CLOSED,-0.687,-0.247,1.2,-0.687,-1.163,2.116,133.1,148.1,-65.4,0,-0.597,-1.085,2.161,276.6,324.9,498.4,455.5,-0.597,-1.085,2.161,343.2,365.2,431.9,415.2,DOCKED,1,0.127,4,COMPLETE,0.88,Deterministic kinematic fallback verification.
738,210.716,2026-09-24T14:10:20.075581Z,5.2,4,COMPLETE,RETURNING COMPONENT BOX INTO BOX,NONE,Yellow and red boxes returned. Next step: Please close the container box.,3.9,CLOSED,-0.69,-0.248,1.2,-0.688,-1.164,2.116,133.3,148.5,-65.6,0,-0.598,-1.085,2.161,276.4,325.7,497.6,454.6,-0.598,-1.085,2.161,342.8,365.2,431.2,415.2,DOCKED,1,0.128,4,COMPLETE,0.88,Deterministic kinematic fallback verification.
739,210.887,2026-09-24T14:10:20.246667Z,6.1,4,COMPLETE,RETURNING COMPONENT BOX INTO BOX,NONE,Yellow and red boxes returned. Next step: Please close the container box.,3.9,CLOSED,-0.687,-0.254,1.2,-0.688,-1.167,2.114,129.1,149.2,-66.2,0,-0.597,-1.085,2.161,277.0,325.8,498.6,454.6,-0.597,-1.085,2.161,343.5,365.2,432.1,415.2,DOCKED,1,0.131,4,COMPLETE,0.88,Deterministic kinematic fallback verification.
740,211.115,2026-09-24T14:10:20.474853Z,5.8,4,COMPLETE,RETURNING COMPONENT BOX INTO BOX,NONE,Yellow and red boxes returned. Next step: Please close the container box.,4.0,CLOSED,-0.687,-0.248,1.2,-0.684,-1.168,2.114,130.8,148.4,-64.4,0,-0.597,-1.085,2.161,277.0,325.6,498.3,454.5,-0.597,-1.085,2.161,343.4,365.1,431.9,415.1,DOCKED,1,0.129,4,COMPLETE,0.88,Deterministic kinematic fallback verification.
741,211.42,2026-09-24T14:10:20.779665Z,4.4,4,COMPLETE,RETURNING COMPONENT BOX INTO BOX,NONE,Yellow and red boxes returned. Next step: Please close the container box.,3.9,CLOSED,-0.686,-0.248,1.2,-0.684,-1.165,2.116,128.6,147.5,-63.9,0,-0.598,-1.085,2.161,276.8,325.9,497.8,454.6,-0.598,-1.085,2.161,343.1,365.3,431.5,415.3,DOCKED,1,0.125,4,COMPLETE,0.88,Deterministic kinematic fallback verification.
742,211.711,2026-09-24T14:10:21.071145Z,3.2,4,COMPLETE,RETURNING COMPONENT BOX INTO BOX,NONE,Yellow and red boxes returned. Next step: Please close the container box.,3.6,CLOSED,-0.685,-0.247,1.2,-0.684,-1.164,2.116,128.4,149.0,-64.2,0,-0.597,-1.086,2.161,276.8,325.4,498.8,454.4,-0.597,-1.086,2.161,343.4,364.9,432.2,414.9,DOCKED,1,0.126,4,COMPLETE,0.88,Deterministic kinematic fallback verification.
743,211.901,2026-09-24T14:10:21.260555Z,3.5,4,COMPLETE,RETURNING COMPONENT BOX INTO BOX,NONE,Yellow and red boxes returned. Next step: Please close the container box.,3.5,CLOSED,-0.683,-0.249,1.2,-0.684,-1.165,2.115,126.4,148.7,-63.7,0,-0.597,-1.086,2.161,276.8,325.0,499.0,454.3,-0.597,-1.086,2.161,343.5,364.6,432.3,414.6,DOCKED,1,0.126,4,COMPLETE,0.88,Deterministic kinematic fallback verification.
744,212.099,2026-09-24T14:10:21.458468Z,5.3,4,COMPLETE,RETURNING COMPONENT BOX INTO BOX,NONE,Yellow and red boxes returned. Next step: Please close the container box.,3.5,CLOSED,-0.679,-0.249,1.2,-0.681,-1.165,2.115,124.1,151.8,-65.0,0,-0.597,-1.086,2.161,276.4,325.1,499.2,454.5,-0.597,-1.086,2.161,343.2,364.8,432.4,414.8,DOCKED,1,0.124,4,COMPLETE,0.88,Deterministic kinematic fallback verification.
745,212.337,2026-09-24T14:10:21.697107Z,5.1,4,COMPLETE,RETURNING COMPONENT BOX INTO BOX,NONE,Yellow and red boxes returned. Next step: Please close the container box.,3.9,CLOSED,-0.678,-0.247,1.2,-0.68,-1.165,2.115,124.9,152.3,-65.5,0,-0.597,-1.086,2.161,276.4,324.5,500.0,455.1,-0.597,-1.086,2.161,343.5,364.8,432.9,414.8,DOCKED,1,0.123,4,COMPLETE,0.88,Deterministic kinematic fallback verification.
746,212.533,2026-09-24T14:10:21.892622Z,4.2,4,COMPLETE,RETURNING COMPONENT BOX INTO BOX,NONE,Yellow and red boxes returned. Next step: Please close the container box.,3.4,CLOSED,-0.68,-0.249,1.2,-0.68,-1.165,2.115,126.0,151.2,-66.5,0,-0.598,-1.086,2.161,275.9,325.1,498.8,454.4,-0.598,-1.086,2.161,342.7,364.7,431.9,414.7,DOCKED,1,0.123,4,COMPLETE,0.88,Deterministic kinematic fallback verification.
747,212.74,2026-09-24T14:10:22.099549Z,5.1,4,COMPLETE,RETURNING COMPONENT BOX INTO BOX,NONE,Yellow and red boxes returned. Next step: Please close the container box.,3.4,CLOSED,-0.685,-0.245,1.2,-0.682,-1.163,2.116,130.1,149.9,-64.4,0,-0.597,-1.085,2.161,276.1,324.7,499.3,455.5,-0.597,-1.085,2.161,343.0,365.1,432.4,415.1,DOCKED,1,0.124,4,COMPLETE,0.88,Deterministic kinematic fallback verification.
748,212.919,2026-09-24T14:10:22.278785Z,4.8,4,COMPLETE,RETURNING COMPONENT BOX INTO BOX,NONE,Yellow and red boxes returned. Next step: Please close the container box.,3.4,CLOSED,-0.685,-0.245,1.2,-0.684,-1.163,2.116,130.0,149.4,-64.2,0,-0.597,-1.085,2.161,276.4,324.7,499.3,455.4,-0.597,-1.085,2.161,343.3,365.1,432.4,415.1,DOCKED,1,0.125,4,COMPLETE,0.88,Deterministic kinematic fallback verification.
